CashflowID,CashflowRef,FundID,FundCode,AssetID,AssetCode,Date,DateKey,NoticeDate,NoticeDateKey,DueDate,DueDateKey,Type,CashflowCategory,Amount,Currency,FXRateToCHF,AmountCHF,Quarter,Status,BatchID
1,CF-AB1-20160331-EXP,1,AB1,,,42460,20160331,42445,20160316,42460,20160331,CALL,Fund Expense,-406000,EUR,1.088111,-441773,2016 Q1,Settled,AB1-2016Q1
2,CF-AB1-20160331-0001,1,AB1,1,AB1-ATC,42460,20160331,42445,20160316,42460,20160331,CALL,Investment,-96647000,EUR,1.088111,-105162664,2016 Q1,Settled,AB1-2016Q1
3,CF-AB1-20160331-FEE,1,AB1,,,42460,20160331,42445,20160316,42460,20160331,CALL,Management Fee,-2844000,EUR,1.088111,-3094588,2016 Q1,Settled,AB1-2016Q1
4,CF-AB1-20160630-0002,1,AB1,1,AB1-ATC,42551,20160630,42536,20160615,42551,20160630,CALL,Follow-on Investment,-27259000,EUR,1.075642,-29320925,2016 Q2,Settled,AB1-2016Q2
5,CF-AB1-20160630-EXP,1,AB1,,,42551,20160630,42536,20160615,42551,20160630,CALL,Fund Expense,-406000,EUR,1.075642,-436711,2016 Q2,Settled,AB1-2016Q2
6,CF-AB1-20160630-0021,1,AB1,2,AB1-NTS,42551,20160630,42536,20160615,42551,20160630,CALL,Investment,-86590000,EUR,1.075642,-93139841,2016 Q2,Settled,AB1-2016Q2
7,CF-AB1-20160630-FEE,1,AB1,,,42551,20160630,42536,20160615,42551,20160630,CALL,Management Fee,-2844000,EUR,1.075642,-3059126,2016 Q2,Settled,AB1-2016Q2
8,CF-AB1-20160930-0022,1,AB1,2,AB1-NTS,42643,20160930,42628,20160915,42643,20160930,CALL,Follow-on Investment,-24423000,EUR,1.072119,-26184362,2016 Q3,Settled,AB1-2016Q3
9,CF-AB1-20160930-EXP,1,AB1,,,42643,20160930,42628,20160915,42643,20160930,CALL,Fund Expense,-406000,EUR,1.072119,-435280,2016 Q3,Settled,AB1-2016Q3
10,CF-AB1-20160930-FEE,1,AB1,,,42643,20160930,42628,20160915,42643,20160930,CALL,Management Fee,-2844000,EUR,1.072119,-3049106,2016 Q3,Settled,AB1-2016Q3
11,CF-AB1-20161231-EXP,1,AB1,,,42735,20161231,42720,20161216,42735,20161231,CALL,Fund Expense,-406000,EUR,1.074557,-436270,2016 Q4,Settled,AB1-2016Q4
12,CF-AB1-20161231-0044,1,AB1,3,AB1-IBP,42735,20161231,42720,20161216,42735,20161231,CALL,Investment,-71113000,EUR,1.074557,-76414972,2016 Q4,Settled,AB1-2016Q4
13,CF-AB1-20161231-FEE,1,AB1,,,42735,20161231,42720,20161216,42735,20161231,CALL,Management Fee,-2844000,EUR,1.074557,-3056040,2016 Q4,Settled,AB1-2016Q4
14,CF-AB1-20170331-0045,1,AB1,3,AB1-IBP,42825,20170331,42810,20170316,42825,20170331,CALL,Follow-on Investment,-20057000,EUR,1.094993,-21962275,2017 Q1,Settled,AB1-2017Q1
15,CF-AB1-20170331-EXP,1,AB1,,,42825,20170331,42810,20170316,42825,20170331,CALL,Fund Expense,-406000,EUR,1.094993,-444567,2017 Q1,Settled,AB1-2017Q1
16,CF-AB1-20170331-FEE,1,AB1,,,42825,20170331,42810,20170316,42825,20170331,CALL,Management Fee,-2844000,EUR,1.094993,-3114160,2017 Q1,Settled,AB1-2017Q1
17,CF-AB1-20170630-EXP,1,AB1,,,42916,20170630,42901,20170615,42916,20170630,CALL,Fund Expense,-406000,EUR,1.109774,-450568,2017 Q2,Settled,AB1-2017Q2
18,CF-AB1-20170630-0069,1,AB1,4,AB1-ATL,42916,20170630,42901,20170615,42916,20170630,CALL,Investment,-51895000,EUR,1.109774,-57591722,2017 Q2,Settled,AB1-2017Q2
19,CF-AB1-20170630-FEE,1,AB1,,,42916,20170630,42901,20170615,42916,20170630,CALL,Management Fee,-2844000,EUR,1.109774,-3156197,2017 Q2,Settled,AB1-2017Q2
20,CF-AB1-20170930-0070,1,AB1,4,AB1-ATL,43008,20170930,42993,20170915,43008,20170930,CALL,Follow-on Investment,-14637000,EUR,1.133935,-16597407,2017 Q3,Settled,AB1-2017Q3
21,CF-AB1-20170930-EXP,1,AB1,,,43008,20170930,42993,20170915,43008,20170930,CALL,Fund Expense,-406000,EUR,1.133935,-460378,2017 Q3,Settled,AB1-2017Q3
22,CF-AB1-20170930-FEE,1,AB1,,,43008,20170930,42993,20170915,43008,20170930,CALL,Management Fee,-2844000,EUR,1.133935,-3224911,2017 Q3,Settled,AB1-2017Q3
23,CF-AB1-20171231-EXP,1,AB1,,,43100,20171231,43085,20171216,43100,20171231,CALL,Fund Expense,-406000,EUR,1.164633,-472841,2017 Q4,Settled,AB1-2017Q4
24,CF-AB1-20171231-0096,1,AB1,5,AB1-BSS,43100,20171231,43085,20171216,43100,20171231,CALL,Investment,-40643000,EUR,1.164633,-47334179,2017 Q4,Settled,AB1-2017Q4
25,CF-AB1-20171231-FEE,1,AB1,,,43100,20171231,43085,20171216,43100,20171231,CALL,Management Fee,-2844000,EUR,1.164633,-3312216,2017 Q4,Settled,AB1-2017Q4
26,CF-AB1-20180331-0097,1,AB1,5,AB1-BSS,43190,20180331,43175,20180316,43190,20180331,CALL,Follow-on Investment,-11464000,EUR,1.155903,-13251272,2018 Q1,Settled,AB1-2018Q1
27,CF-AB1-20180331-EXP,1,AB1,,,43190,20180331,43175,20180316,43190,20180331,CALL,Fund Expense,-406000,EUR,1.155903,-469297,2018 Q1,Settled,AB1-2018Q1
28,CF-AB1-20180331-FEE,1,AB1,,,43190,20180331,43175,20180316,43190,20180331,CALL,Management Fee,-2844000,EUR,1.155903,-3287388,2018 Q1,Settled,AB1-2018Q1
29,CF-AB1-20180630-EXP,1,AB1,,,43281,20180630,43266,20180615,43281,20180630,CALL,Fund Expense,-406000,EUR,1.140469,-463030,2018 Q2,Settled,AB1-2018Q2
30,CF-AB1-20180630-FEE,1,AB1,,,43281,20180630,43266,20180615,43281,20180630,CALL,Management Fee,-2844000,EUR,1.140469,-3243494,2018 Q2,Settled,AB1-2018Q2
31,CF-AB1-20180930-EXP,1,AB1,,,43373,20180930,43358,20180915,43373,20180930,CALL,Fund Expense,-406000,EUR,1.134509,-460611,2018 Q3,Settled,AB1-2018Q3
32,CF-AB1-20180930-0121,1,AB1,6,AB1-RHG,43373,20180930,43358,20180915,43373,20180930,CALL,Investment,-60998000,EUR,1.134509,-69202780,2018 Q3,Settled,AB1-2018Q3
33,CF-AB1-20180930-FEE,1,AB1,,,43373,20180930,43358,20180915,43373,20180930,CALL,Management Fee,-2844000,EUR,1.134509,-3226544,2018 Q3,Settled,AB1-2018Q3
34,CF-AB1-20180930-0003,1,AB1,1,AB1-ATC,43373,20180930,43358,20180915,43373,20180930,DIST,Dividend,145000,EUR,1.134509,164504,2018 Q3,Settled,AB1-2018Q3
35,CF-AB1-20181231-0122,1,AB1,6,AB1-RHG,43465,20181231,43450,20181216,43465,20181231,CALL,Follow-on Investment,-17204000,EUR,1.134837,-19523736,2018 Q4,Settled,AB1-2018Q4
36,CF-AB1-20181231-EXP,1,AB1,,,43465,20181231,43450,20181216,43465,20181231,CALL,Fund Expense,-406000,EUR,1.134837,-460744,2018 Q4,Settled,AB1-2018Q4
37,CF-AB1-20181231-FEE,1,AB1,,,43465,20181231,43450,20181216,43465,20181231,CALL,Management Fee,-2844000,EUR,1.134837,-3227476,2018 Q4,Settled,AB1-2018Q4
38,CF-AB1-20181231-0004,1,AB1,1,AB1-ATC,43465,20181231,43450,20181216,43465,20181231,DIST,Dividend,156000,EUR,1.134837,177035,2018 Q4,Settled,AB1-2018Q4
39,CF-AB1-20181231-0023,1,AB1,2,AB1-NTS,43465,20181231,43450,20181216,43465,20181231,DIST,Dividend,140000,EUR,1.134837,158877,2018 Q4,Settled,AB1-2018Q4
40,CF-AB1-20190331-EXP,1,AB1,,,43555,20190331,43540,20190316,43555,20190331,CALL,Fund Expense,-406000,EUR,1.123374,-456090,2019 Q1,Settled,AB1-2019Q1
41,CF-AB1-20190331-FEE,1,AB1,,,43555,20190331,43540,20190316,43555,20190331,CALL,Management Fee,-2844000,EUR,1.123374,-3194876,2019 Q1,Settled,AB1-2019Q1
42,CF-AB1-20190331-0005,1,AB1,1,AB1-ATC,43555,20190331,43540,20190316,43555,20190331,DIST,Dividend,167000,EUR,1.123374,187603,2019 Q1,Settled,AB1-2019Q1
43,CF-AB1-20190331-0024,1,AB1,2,AB1-NTS,43555,20190331,43540,20190316,43555,20190331,DIST,Dividend,149000,EUR,1.123374,167383,2019 Q1,Settled,AB1-2019Q1
44,CF-AB1-20190630-EXP,1,AB1,,,43646,20190630,43631,20190615,43646,20190630,CALL,Fund Expense,-406000,EUR,1.105682,-448907,2019 Q2,Settled,AB1-2019Q2
45,CF-AB1-20190630-FEE,1,AB1,,,43646,20190630,43631,20190615,43646,20190630,CALL,Management Fee,-2844000,EUR,1.105682,-3144560,2019 Q2,Settled,AB1-2019Q2
46,CF-AB1-20190630-0006,1,AB1,1,AB1-ATC,43646,20190630,43631,20190615,43646,20190630,DIST,Dividend,179000,EUR,1.105682,197917,2019 Q2,Settled,AB1-2019Q2
47,CF-AB1-20190630-0025,1,AB1,2,AB1-NTS,43646,20190630,43631,20190615,43646,20190630,DIST,Dividend,158000,EUR,1.105682,174698,2019 Q2,Settled,AB1-2019Q2
48,CF-AB1-20190630-0046,1,AB1,3,AB1-IBP,43646,20190630,43631,20190615,43646,20190630,DIST,Dividend,52000,EUR,1.105682,57495,2019 Q2,Settled,AB1-2019Q2
49,CF-AB1-20190930-EXP,1,AB1,,,43738,20190930,43723,20190915,43738,20190930,CALL,Fund Expense,-406000,EUR,1.09716,-445447,2019 Q3,Settled,AB1-2019Q3
50,CF-AB1-20190930-FEE,1,AB1,,,43738,20190930,43723,20190915,43738,20190930,CALL,Management Fee,-2844000,EUR,1.09716,-3120323,2019 Q3,Settled,AB1-2019Q3
51,CF-AB1-20190930-0007,1,AB1,1,AB1-ATC,43738,20190930,43723,20190915,43738,20190930,DIST,Dividend,190000,EUR,1.09716,208460,2019 Q3,Settled,AB1-2019Q3
52,CF-AB1-20190930-0026,1,AB1,2,AB1-NTS,43738,20190930,43723,20190915,43738,20190930,DIST,Dividend,167000,EUR,1.09716,183226,2019 Q3,Settled,AB1-2019Q3
53,CF-AB1-20190930-0047,1,AB1,3,AB1-IBP,43738,20190930,43723,20190915,43738,20190930,DIST,Dividend,55000,EUR,1.09716,60344,2019 Q3,Settled,AB1-2019Q3
54,CF-AB1-20191231-EXP,1,AB1,,,43830,20191231,43815,20191216,43830,20191231,CALL,Fund Expense,-406000,EUR,1.094696,-444447,2019 Q4,Settled,AB1-2019Q4
55,CF-AB1-20191231-FEE,1,AB1,,,43830,20191231,43815,20191216,43830,20191231,CALL,Management Fee,-2844000,EUR,1.094696,-3113315,2019 Q4,Settled,AB1-2019Q4
56,CF-AB1-20191231-0008,1,AB1,1,AB1-ATC,43830,20191231,43815,20191216,43830,20191231,DIST,Dividend,201000,EUR,1.094696,220034,2019 Q4,Settled,AB1-2019Q4
57,CF-AB1-20191231-0027,1,AB1,2,AB1-NTS,43830,20191231,43815,20191216,43830,20191231,DIST,Dividend,177000,EUR,1.094696,193761,2019 Q4,Settled,AB1-2019Q4
58,CF-AB1-20191231-0048,1,AB1,3,AB1-IBP,43830,20191231,43815,20191216,43830,20191231,DIST,Dividend,59000,EUR,1.094696,64587,2019 Q4,Settled,AB1-2019Q4
59,CF-AB1-20191231-0071,1,AB1,4,AB1-ATL,43830,20191231,43815,20191216,43830,20191231,DIST,Dividend,75000,EUR,1.094696,82102,2019 Q4,Settled,AB1-2019Q4
60,CF-AB1-20200331-EXP,1,AB1,,,43921,20200331,43906,20200316,43921,20200331,CALL,Fund Expense,-406000,EUR,1.090499,-442743,2020 Q1,Settled,AB1-2020Q1
61,CF-AB1-20200331-FEE,1,AB1,,,43921,20200331,43906,20200316,43921,20200331,CALL,Management Fee,-2844000,EUR,1.090499,-3101379,2020 Q1,Settled,AB1-2020Q1
62,CF-AB1-20200331-0009,1,AB1,1,AB1-ATC,43921,20200331,43906,20200316,43921,20200331,DIST,Dividend,213000,EUR,1.090499,232276,2020 Q1,Settled,AB1-2020Q1
63,CF-AB1-20200331-0028,1,AB1,2,AB1-NTS,43921,20200331,43906,20200316,43921,20200331,DIST,Dividend,186000,EUR,1.090499,202833,2020 Q1,Settled,AB1-2020Q1
64,CF-AB1-20200331-0049,1,AB1,3,AB1-IBP,43921,20200331,43906,20200316,43921,20200331,DIST,Dividend,62000,EUR,1.090499,67611,2020 Q1,Settled,AB1-2020Q1
65,CF-AB1-20200331-0072,1,AB1,4,AB1-ATL,43921,20200331,43906,20200316,43921,20200331,DIST,Dividend,79000,EUR,1.090499,86149,2020 Q1,Settled,AB1-2020Q1
66,CF-AB1-20200630-EXP,1,AB1,,,44012,20200630,43997,20200615,44012,20200630,CALL,Fund Expense,-406000,EUR,1.080515,-438689,2020 Q2,Settled,AB1-2020Q2
67,CF-AB1-20200630-FEE,1,AB1,,,44012,20200630,43997,20200615,44012,20200630,CALL,Management Fee,-2844000,EUR,1.080515,-3072985,2020 Q2,Settled,AB1-2020Q2
68,CF-AB1-20200630-0010,1,AB1,1,AB1-ATC,44012,20200630,43997,20200615,44012,20200630,DIST,Dividend,224000,EUR,1.080515,242035,2020 Q2,Settled,AB1-2020Q2
69,CF-AB1-20200630-0029,1,AB1,2,AB1-NTS,44012,20200630,43997,20200615,44012,20200630,DIST,Dividend,195000,EUR,1.080515,210700,2020 Q2,Settled,AB1-2020Q2
70,CF-AB1-20200630-0050,1,AB1,3,AB1-IBP,44012,20200630,43997,20200615,44012,20200630,DIST,Dividend,65000,EUR,1.080515,70233,2020 Q2,Settled,AB1-2020Q2
71,CF-AB1-20200630-0073,1,AB1,4,AB1-ATL,44012,20200630,43997,20200615,44012,20200630,DIST,Dividend,83000,EUR,1.080515,89683,2020 Q2,Settled,AB1-2020Q2
72,CF-AB1-20200630-0098,1,AB1,5,AB1-BSS,44012,20200630,43997,20200615,44012,20200630,DIST,Dividend,46000,EUR,1.080515,49704,2020 Q2,Settled,AB1-2020Q2
73,CF-AB1-20200930-EXP,1,AB1,,,44104,20200930,44089,20200915,44104,20200930,CALL,Fund Expense,-406000,EUR,1.079636,-438332,2020 Q3,Settled,AB1-2020Q3
74,CF-AB1-20200930-FEE,1,AB1,,,44104,20200930,44089,20200915,44104,20200930,CALL,Management Fee,-2844000,EUR,1.079636,-3070485,2020 Q3,Settled,AB1-2020Q3
75,CF-AB1-20200930-0011,1,AB1,1,AB1-ATC,44104,20200930,44089,20200915,44104,20200930,DIST,Dividend,235000,EUR,1.079636,253714,2020 Q3,Settled,AB1-2020Q3
76,CF-AB1-20200930-0030,1,AB1,2,AB1-NTS,44104,20200930,44089,20200915,44104,20200930,DIST,Dividend,205000,EUR,1.079636,221325,2020 Q3,Settled,AB1-2020Q3
77,CF-AB1-20200930-0051,1,AB1,3,AB1-IBP,44104,20200930,44089,20200915,44104,20200930,DIST,Dividend,68000,EUR,1.079636,73415,2020 Q3,Settled,AB1-2020Q3
78,CF-AB1-20200930-0074,1,AB1,4,AB1-ATL,44104,20200930,44089,20200915,44104,20200930,DIST,Dividend,88000,EUR,1.079636,95008,2020 Q3,Settled,AB1-2020Q3
79,CF-AB1-20200930-0099,1,AB1,5,AB1-BSS,44104,20200930,44089,20200915,44104,20200930,DIST,Dividend,49000,EUR,1.079636,52902,2020 Q3,Settled,AB1-2020Q3
80,CF-AB1-20201231-EXP,1,AB1,,,44196,20201231,44181,20201216,44196,20201231,CALL,Fund Expense,-406000,EUR,1.084621,-440356,2020 Q4,Settled,AB1-2020Q4
81,CF-AB1-20201231-FEE,1,AB1,,,44196,20201231,44181,20201216,44196,20201231,CALL,Management Fee,-2844000,EUR,1.084621,-3084662,2020 Q4,Settled,AB1-2020Q4
82,CF-AB1-20201231-0012,1,AB1,1,AB1-ATC,44196,20201231,44181,20201216,44196,20201231,DIST,Dividend,247000,EUR,1.084621,267901,2020 Q4,Settled,AB1-2020Q4
83,CF-AB1-20201231-0031,1,AB1,2,AB1-NTS,44196,20201231,44181,20201216,44196,20201231,DIST,Dividend,214000,EUR,1.084621,232109,2020 Q4,Settled,AB1-2020Q4
84,CF-AB1-20201231-0052,1,AB1,3,AB1-IBP,44196,20201231,44181,20201216,44196,20201231,DIST,Dividend,71000,EUR,1.084621,77008,2020 Q4,Settled,AB1-2020Q4
85,CF-AB1-20201231-0075,1,AB1,4,AB1-ATL,44196,20201231,44181,20201216,44196,20201231,DIST,Dividend,92000,EUR,1.084621,99785,2020 Q4,Settled,AB1-2020Q4
86,CF-AB1-20201231-0100,1,AB1,5,AB1-BSS,44196,20201231,44181,20201216,44196,20201231,DIST,Dividend,52000,EUR,1.084621,56400,2020 Q4,Settled,AB1-2020Q4
87,CF-AB1-20210331-EXP,1,AB1,,,44286,20210331,44271,20210316,44286,20210331,CALL,Fund Expense,-406000,EUR,1.073157,-435702,2021 Q1,Settled,AB1-2021Q1
88,CF-AB1-20210331-FEE,1,AB1,,,44286,20210331,44271,20210316,44286,20210331,CALL,Management Fee,-1536000,EUR,1.073157,-1648369,2021 Q1,Settled,AB1-2021Q1
89,CF-AB1-20210331-0013,1,AB1,1,AB1-ATC,44286,20210331,44271,20210316,44286,20210331,DIST,Dividend,258000,EUR,1.073157,276875,2021 Q1,Settled,AB1-2021Q1
90,CF-AB1-20210331-0032,1,AB1,2,AB1-NTS,44286,20210331,44271,20210316,44286,20210331,DIST,Dividend,223000,EUR,1.073157,239314,2021 Q1,Settled,AB1-2021Q1
91,CF-AB1-20210331-0053,1,AB1,3,AB1-IBP,44286,20210331,44271,20210316,44286,20210331,DIST,Dividend,75000,EUR,1.073157,80487,2021 Q1,Settled,AB1-2021Q1
92,CF-AB1-20210331-0076,1,AB1,4,AB1-ATL,44286,20210331,44271,20210316,44286,20210331,DIST,Dividend,96000,EUR,1.073157,103023,2021 Q1,Settled,AB1-2021Q1
93,CF-AB1-20210331-0101,1,AB1,5,AB1-BSS,44286,20210331,44271,20210316,44286,20210331,DIST,Dividend,55000,EUR,1.073157,59024,2021 Q1,Settled,AB1-2021Q1
94,CF-AB1-20210331-0123,1,AB1,6,AB1-RHG,44286,20210331,44271,20210316,44286,20210331,DIST,Dividend,49000,EUR,1.073157,52585,2021 Q1,Settled,AB1-2021Q1
95,CF-AB1-20210630-EXP,1,AB1,,,44377,20210630,44362,20210615,44377,20210630,CALL,Fund Expense,-406000,EUR,1.055838,-428670,2021 Q2,Settled,AB1-2021Q2
96,CF-AB1-20210630-FEE,1,AB1,,,44377,20210630,44362,20210615,44377,20210630,CALL,Management Fee,-1487000,EUR,1.055838,-1570031,2021 Q2,Settled,AB1-2021Q2
97,CF-AB1-20210630-0014,1,AB1,1,AB1-ATC,44377,20210630,44362,20210615,44377,20210630,DIST,Dividend,269000,EUR,1.055838,284020,2021 Q2,Settled,AB1-2021Q2
98,CF-AB1-20210630-0033,1,AB1,2,AB1-NTS,44377,20210630,44362,20210615,44377,20210630,DIST,Dividend,233000,EUR,1.055838,246010,2021 Q2,Settled,AB1-2021Q2
99,CF-AB1-20210630-0054,1,AB1,3,AB1-IBP,44377,20210630,44362,20210615,44377,20210630,DIST,Dividend,78000,EUR,1.055838,82355,2021 Q2,Settled,AB1-2021Q2
100,CF-AB1-20210630-0077,1,AB1,4,AB1-ATL,44377,20210630,44362,20210615,44377,20210630,DIST,Dividend,100000,EUR,1.055838,105584,2021 Q2,Settled,AB1-2021Q2
101,CF-AB1-20210630-0102,1,AB1,5,AB1-BSS,44377,20210630,44362,20210615,44377,20210630,DIST,Dividend,57000,EUR,1.055838,60183,2021 Q2,Settled,AB1-2021Q2
102,CF-AB1-20210630-0124,1,AB1,6,AB1-RHG,44377,20210630,44362,20210615,44377,20210630,DIST,Dividend,53000,EUR,1.055838,55959,2021 Q2,Settled,AB1-2021Q2
103,CF-AB1-20210930-EXP,1,AB1,,,44469,20210930,44454,20210915,44469,20210930,CALL,Fund Expense,-406000,EUR,1.047374,-425234,2021 Q3,Settled,AB1-2021Q3
104,CF-AB1-20210930-FEE,1,AB1,,,44469,20210930,44454,20210915,44469,20210930,CALL,Management Fee,-1438000,EUR,1.047374,-1506124,2021 Q3,Settled,AB1-2021Q3
105,CF-AB1-20210930-0015,1,AB1,1,AB1-ATC,44469,20210930,44454,20210915,44469,20210930,DIST,Dividend,281000,EUR,1.047374,294312,2021 Q3,Settled,AB1-2021Q3
106,CF-AB1-20210930-0034,1,AB1,2,AB1-NTS,44469,20210930,44454,20210915,44469,20210930,DIST,Dividend,242000,EUR,1.047374,253465,2021 Q3,Settled,AB1-2021Q3
107,CF-AB1-20210930-0055,1,AB1,3,AB1-IBP,44469,20210930,44454,20210915,44469,20210930,DIST,Dividend,81000,EUR,1.047374,84837,2021 Q3,Settled,AB1-2021Q3
108,CF-AB1-20210930-0078,1,AB1,4,AB1-ATL,44469,20210930,44454,20210915,44469,20210930,DIST,Dividend,104000,EUR,1.047374,108927,2021 Q3,Settled,AB1-2021Q3
109,CF-AB1-20210930-0103,1,AB1,5,AB1-BSS,44469,20210930,44454,20210915,44469,20210930,DIST,Dividend,60000,EUR,1.047374,62842,2021 Q3,Settled,AB1-2021Q3
110,CF-AB1-20210930-0125,1,AB1,6,AB1-RHG,44469,20210930,44454,20210915,44469,20210930,DIST,Dividend,56000,EUR,1.047374,58653,2021 Q3,Settled,AB1-2021Q3
111,CF-AB1-20211231-EXP,1,AB1,,,44561,20211231,44546,20211216,44561,20211231,CALL,Fund Expense,-406000,EUR,1.044533,-424080,2021 Q4,Settled,AB1-2021Q4
112,CF-AB1-20211231-FEE,1,AB1,,,44561,20211231,44546,20211216,44561,20211231,CALL,Management Fee,-1389000,EUR,1.044533,-1450856,2021 Q4,Settled,AB1-2021Q4
113,CF-AB1-20211231-0016,1,AB1,1,AB1-ATC,44561,20211231,44546,20211216,44561,20211231,DIST,Dividend,292000,EUR,1.044533,305004,2021 Q4,Settled,AB1-2021Q4
114,CF-AB1-20211231-0035,1,AB1,2,AB1-NTS,44561,20211231,44546,20211216,44561,20211231,DIST,Dividend,251000,EUR,1.044533,262178,2021 Q4,Settled,AB1-2021Q4
115,CF-AB1-20211231-0056,1,AB1,3,AB1-IBP,44561,20211231,44546,20211216,44561,20211231,DIST,Dividend,84000,EUR,1.044533,87741,2021 Q4,Settled,AB1-2021Q4
116,CF-AB1-20211231-0079,1,AB1,4,AB1-ATL,44561,20211231,44546,20211216,44561,20211231,DIST,Dividend,108000,EUR,1.044533,112810,2021 Q4,Settled,AB1-2021Q4
117,CF-AB1-20211231-0104,1,AB1,5,AB1-BSS,44561,20211231,44546,20211216,44561,20211231,DIST,Dividend,63000,EUR,1.044533,65806,2021 Q4,Settled,AB1-2021Q4
118,CF-AB1-20211231-0126,1,AB1,6,AB1-RHG,44561,20211231,44546,20211216,44561,20211231,DIST,Dividend,60000,EUR,1.044533,62672,2021 Q4,Settled,AB1-2021Q4
119,CF-AB1-20220331-EXP,1,AB1,,,44651,20220331,44636,20220316,44651,20220331,CALL,Fund Expense,-406000,EUR,1.030603,-418425,2022 Q1,Settled,AB1-2022Q1
120,CF-AB1-20220331-FEE,1,AB1,,,44651,20220331,44636,20220316,44651,20220331,CALL,Management Fee,-1341000,EUR,1.030603,-1382039,2022 Q1,Settled,AB1-2022Q1
121,CF-AB1-20220331-0017,1,AB1,1,AB1-ATC,44651,20220331,44636,20220316,44651,20220331,DIST,Dividend,303000,EUR,1.030603,312273,2022 Q1,Settled,AB1-2022Q1
122,CF-AB1-20220331-0036,1,AB1,2,AB1-NTS,44651,20220331,44636,20220316,44651,20220331,DIST,Dividend,261000,EUR,1.030603,268987,2022 Q1,Settled,AB1-2022Q1
123,CF-AB1-20220331-0057,1,AB1,3,AB1-IBP,44651,20220331,44636,20220316,44651,20220331,DIST,Dividend,87000,EUR,1.030603,89662,2022 Q1,Settled,AB1-2022Q1
124,CF-AB1-20220331-0080,1,AB1,4,AB1-ATL,44651,20220331,44636,20220316,44651,20220331,DIST,Dividend,113000,EUR,1.030603,116458,2022 Q1,Settled,AB1-2022Q1
125,CF-AB1-20220331-0105,1,AB1,5,AB1-BSS,44651,20220331,44636,20220316,44651,20220331,DIST,Dividend,66000,EUR,1.030603,68020,2022 Q1,Settled,AB1-2022Q1
126,CF-AB1-20220331-0127,1,AB1,6,AB1-RHG,44651,20220331,44636,20220316,44651,20220331,DIST,Dividend,63000,EUR,1.030603,64928,2022 Q1,Settled,AB1-2022Q1
127,CF-AB1-20220630-EXP,1,AB1,,,44742,20220630,44727,20220615,44742,20220630,CALL,Fund Expense,-406000,EUR,1.011094,-410504,2022 Q2,Settled,AB1-2022Q2
128,CF-AB1-20220630-FEE,1,AB1,,,44742,20220630,44727,20220615,44742,20220630,CALL,Management Fee,-1292000,EUR,1.011094,-1306333,2022 Q2,Settled,AB1-2022Q2
129,CF-AB1-20220630-0018,1,AB1,1,AB1-ATC,44742,20220630,44727,20220615,44742,20220630,DIST,Dividend,315000,EUR,1.011094,318495,2022 Q2,Settled,AB1-2022Q2
130,CF-AB1-20220630-0037,1,AB1,2,AB1-NTS,44742,20220630,44727,20220615,44742,20220630,DIST,Dividend,270000,EUR,1.011094,272995,2022 Q2,Settled,AB1-2022Q2
131,CF-AB1-20220630-0058,1,AB1,3,AB1-IBP,44742,20220630,44727,20220615,44742,20220630,DIST,Dividend,90000,EUR,1.011094,90998,2022 Q2,Settled,AB1-2022Q2
132,CF-AB1-20220630-0081,1,AB1,4,AB1-ATL,44742,20220630,44727,20220615,44742,20220630,DIST,Dividend,117000,EUR,1.011094,118298,2022 Q2,Settled,AB1-2022Q2
133,CF-AB1-20220630-0106,1,AB1,5,AB1-BSS,44742,20220630,44727,20220615,44742,20220630,DIST,Dividend,69000,EUR,1.011094,69765,2022 Q2,Settled,AB1-2022Q2
134,CF-AB1-20220630-0128,1,AB1,6,AB1-RHG,44742,20220630,44727,20220615,44742,20220630,DIST,Dividend,67000,EUR,1.011094,67743,2022 Q2,Settled,AB1-2022Q2
135,CF-AB1-20220930-EXP,1,AB1,,,44834,20220930,44819,20220915,44834,20220930,CALL,Fund Expense,-406000,EUR,1.000049,-406020,2022 Q3,Settled,AB1-2022Q3
136,CF-AB1-20220930-FEE,1,AB1,,,44834,20220930,44819,20220915,44834,20220930,CALL,Management Fee,-1243000,EUR,1.000049,-1243061,2022 Q3,Settled,AB1-2022Q3
137,CF-AB1-20220930-0019,1,AB1,1,AB1-ATC,44834,20220930,44819,20220915,44834,20220930,DIST,Dividend,43321000,EUR,1.000049,43323123,2022 Q3,Settled,AB1-2022Q3
138,CF-AB1-20220930-0038,1,AB1,2,AB1-NTS,44834,20220930,44819,20220915,44834,20220930,DIST,Dividend,279000,EUR,1.000049,279014,2022 Q3,Settled,AB1-2022Q3
139,CF-AB1-20220930-0059,1,AB1,3,AB1-IBP,44834,20220930,44819,20220915,44834,20220930,DIST,Dividend,94000,EUR,1.000049,94005,2022 Q3,Settled,AB1-2022Q3
140,CF-AB1-20220930-0082,1,AB1,4,AB1-ATL,44834,20220930,44819,20220915,44834,20220930,DIST,Dividend,121000,EUR,1.000049,121006,2022 Q3,Settled,AB1-2022Q3
141,CF-AB1-20220930-0107,1,AB1,5,AB1-BSS,44834,20220930,44819,20220915,44834,20220930,DIST,Dividend,71000,EUR,1.000049,71003,2022 Q3,Settled,AB1-2022Q3
142,CF-AB1-20220930-0129,1,AB1,6,AB1-RHG,44834,20220930,44819,20220915,44834,20220930,DIST,Dividend,70000,EUR,1.000049,70003,2022 Q3,Settled,AB1-2022Q3
143,CF-AB1-20221231-EXP,1,AB1,,,44926,20221231,44911,20221216,44926,20221231,CALL,Fund Expense,-406000,EUR,0.994348,-403705,2022 Q4,Settled,AB1-2022Q4
144,CF-AB1-20221231-FEE,1,AB1,,,44926,20221231,44911,20221216,44926,20221231,CALL,Management Fee,-1194000,EUR,0.994348,-1187252,2022 Q4,Settled,AB1-2022Q4
145,CF-AB1-20221231-0039,1,AB1,2,AB1-NTS,44926,20221231,44911,20221216,44926,20221231,DIST,Dividend,288000,EUR,0.994348,286372,2022 Q4,Settled,AB1-2022Q4
146,CF-AB1-20221231-0060,1,AB1,3,AB1-IBP,44926,20221231,44911,20221216,44926,20221231,DIST,Dividend,97000,EUR,0.994348,96452,2022 Q4,Settled,AB1-2022Q4
147,CF-AB1-20221231-0083,1,AB1,4,AB1-ATL,44926,20221231,44911,20221216,44926,20221231,DIST,Dividend,125000,EUR,0.994348,124294,2022 Q4,Settled,AB1-2022Q4
148,CF-AB1-20221231-0108,1,AB1,5,AB1-BSS,44926,20221231,44911,20221216,44926,20221231,DIST,Dividend,74000,EUR,0.994348,73582,2022 Q4,Settled,AB1-2022Q4
149,CF-AB1-20221231-0130,1,AB1,6,AB1-RHG,44926,20221231,44911,20221216,44926,20221231,DIST,Dividend,73000,EUR,0.994348,72587,2022 Q4,Settled,AB1-2022Q4
150,CF-AB1-20221231-0020,1,AB1,1,AB1-ATC,44926,20221231,44911,20221216,44926,20221231,DIST,Exit,172319000,EUR,0.994348,171345053,2022 Q4,Settled,AB1-2022Q4
151,CF-AB1-20230331-EXP,1,AB1,,,45016,20230331,45001,20230316,45016,20230331,CALL,Fund Expense,-406000,EUR,0.982912,-399062,2023 Q1,Settled,AB1-2023Q1
152,CF-AB1-20230331-FEE,1,AB1,,,45016,20230331,45001,20230316,45016,20230331,CALL,Management Fee,-1146000,EUR,0.982912,-1126417,2023 Q1,Settled,AB1-2023Q1
153,CF-AB1-20230331-0040,1,AB1,2,AB1-NTS,45016,20230331,45001,20230316,45016,20230331,DIST,Dividend,298000,EUR,0.982912,292908,2023 Q1,Settled,AB1-2023Q1
154,CF-AB1-20230331-0061,1,AB1,3,AB1-IBP,45016,20230331,45001,20230316,45016,20230331,DIST,Dividend,100000,EUR,0.982912,98291,2023 Q1,Settled,AB1-2023Q1
155,CF-AB1-20230331-0084,1,AB1,4,AB1-ATL,45016,20230331,45001,20230316,45016,20230331,DIST,Dividend,129000,EUR,0.982912,126796,2023 Q1,Settled,AB1-2023Q1
156,CF-AB1-20230331-0109,1,AB1,5,AB1-BSS,45016,20230331,45001,20230316,45016,20230331,DIST,Dividend,77000,EUR,0.982912,75684,2023 Q1,Settled,AB1-2023Q1
157,CF-AB1-20230331-0131,1,AB1,6,AB1-RHG,45016,20230331,45001,20230316,45016,20230331,DIST,Dividend,77000,EUR,0.982912,75684,2023 Q1,Settled,AB1-2023Q1
158,CF-AB1-20230630-EXP,1,AB1,,,45107,20230630,45092,20230615,45107,20230630,CALL,Fund Expense,-406000,EUR,0.966214,-392283,2023 Q2,Settled,AB1-2023Q2
159,CF-AB1-20230630-FEE,1,AB1,,,45107,20230630,45092,20230615,45107,20230630,CALL,Management Fee,-1097000,EUR,0.966214,-1059937,2023 Q2,Settled,AB1-2023Q2
160,CF-AB1-20230630-0041,1,AB1,2,AB1-NTS,45107,20230630,45092,20230615,45107,20230630,DIST,Dividend,307000,EUR,0.966214,296628,2023 Q2,Settled,AB1-2023Q2
161,CF-AB1-20230630-0062,1,AB1,3,AB1-IBP,45107,20230630,45092,20230615,45107,20230630,DIST,Dividend,103000,EUR,0.966214,99520,2023 Q2,Settled,AB1-2023Q2
162,CF-AB1-20230630-0085,1,AB1,4,AB1-ATL,45107,20230630,45092,20230615,45107,20230630,DIST,Dividend,133000,EUR,0.966214,128506,2023 Q2,Settled,AB1-2023Q2
163,CF-AB1-20230630-0110,1,AB1,5,AB1-BSS,45107,20230630,45092,20230615,45107,20230630,DIST,Dividend,80000,EUR,0.966214,77297,2023 Q2,Settled,AB1-2023Q2
164,CF-AB1-20230630-0132,1,AB1,6,AB1-RHG,45107,20230630,45092,20230615,45107,20230630,DIST,Dividend,80000,EUR,0.966214,77297,2023 Q2,Settled,AB1-2023Q2
165,CF-AB1-20230930-EXP,1,AB1,,,45199,20230930,45184,20230915,45199,20230930,CALL,Fund Expense,-406000,EUR,0.957615,-388792,2023 Q3,Settled,AB1-2023Q3
166,CF-AB1-20230930-FEE,1,AB1,,,45199,20230930,45184,20230915,45199,20230930,CALL,Management Fee,-1048000,EUR,0.957615,-1003581,2023 Q3,Settled,AB1-2023Q3
167,CF-AB1-20230930-0042,1,AB1,2,AB1-NTS,45199,20230930,45184,20230915,45199,20230930,DIST,Dividend,40858000,EUR,0.957615,39126234,2023 Q3,Settled,AB1-2023Q3
168,CF-AB1-20230930-0063,1,AB1,3,AB1-IBP,45199,20230930,45184,20230915,45199,20230930,DIST,Dividend,106000,EUR,0.957615,101507,2023 Q3,Settled,AB1-2023Q3
169,CF-AB1-20230930-0086,1,AB1,4,AB1-ATL,45199,20230930,45184,20230915,45199,20230930,DIST,Dividend,138000,EUR,0.957615,132151,2023 Q3,Settled,AB1-2023Q3
170,CF-AB1-20230930-0111,1,AB1,5,AB1-BSS,45199,20230930,45184,20230915,45199,20230930,DIST,Dividend,83000,EUR,0.957615,79482,2023 Q3,Settled,AB1-2023Q3
171,CF-AB1-20230930-0133,1,AB1,6,AB1-RHG,45199,20230930,45184,20230915,45199,20230930,DIST,Dividend,84000,EUR,0.957615,80440,2023 Q3,Settled,AB1-2023Q3
172,CF-AB1-20231231-EXP,1,AB1,,,45291,20231231,45276,20231216,45291,20231231,CALL,Fund Expense,-406000,EUR,0.954151,-387385,2023 Q4,Settled,AB1-2023Q4
173,CF-AB1-20231231-FEE,1,AB1,,,45291,20231231,45276,20231216,45291,20231231,CALL,Management Fee,-999000,EUR,0.954151,-953197,2023 Q4,Settled,AB1-2023Q4
174,CF-AB1-20231231-0064,1,AB1,3,AB1-IBP,45291,20231231,45276,20231216,45291,20231231,DIST,Dividend,109000,EUR,0.954151,104002,2023 Q4,Settled,AB1-2023Q4
175,CF-AB1-20231231-0087,1,AB1,4,AB1-ATL,45291,20231231,45276,20231216,45291,20231231,DIST,Dividend,142000,EUR,0.954151,135489,2023 Q4,Settled,AB1-2023Q4
176,CF-AB1-20231231-0112,1,AB1,5,AB1-BSS,45291,20231231,45276,20231216,45291,20231231,DIST,Dividend,85000,EUR,0.954151,81103,2023 Q4,Settled,AB1-2023Q4
177,CF-AB1-20231231-0134,1,AB1,6,AB1-RHG,45291,20231231,45276,20231216,45291,20231231,DIST,Dividend,87000,EUR,0.954151,83011,2023 Q4,Settled,AB1-2023Q4
178,CF-AB1-20231231-0043,1,AB1,2,AB1-NTS,45291,20231231,45276,20231216,45291,20231231,DIST,Exit,162493000,EUR,0.954151,155042858,2023 Q4,Settled,AB1-2023Q4
179,CF-AB1-20240331-EXP,1,AB1,,,45382,20240331,45367,20240316,45382,20240331,CALL,Fund Expense,-406000,EUR,0.950049,-385720,2024 Q1,Settled,AB1-2024Q1
180,CF-AB1-20240331-FEE,1,AB1,,,45382,20240331,45367,20240316,45382,20240331,CALL,Management Fee,-951000,EUR,0.950049,-903497,2024 Q1,Settled,AB1-2024Q1
181,CF-AB1-20240331-0065,1,AB1,3,AB1-IBP,45382,20240331,45367,20240316,45382,20240331,DIST,Dividend,113000,EUR,0.950049,107356,2024 Q1,Settled,AB1-2024Q1
182,CF-AB1-20240331-0088,1,AB1,4,AB1-ATL,45382,20240331,45367,20240316,45382,20240331,DIST,Dividend,146000,EUR,0.950049,138707,2024 Q1,Settled,AB1-2024Q1
183,CF-AB1-20240331-0113,1,AB1,5,AB1-BSS,45382,20240331,45367,20240316,45382,20240331,DIST,Dividend,88000,EUR,0.950049,83604,2024 Q1,Settled,AB1-2024Q1
184,CF-AB1-20240331-0135,1,AB1,6,AB1-RHG,45382,20240331,45367,20240316,45382,20240331,DIST,Dividend,91000,EUR,0.950049,86454,2024 Q1,Settled,AB1-2024Q1
185,CF-AB1-20240630-EXP,1,AB1,,,45473,20240630,45458,20240615,45473,20240630,CALL,Fund Expense,-406000,EUR,0.941057,-382069,2024 Q2,Settled,AB1-2024Q2
186,CF-AB1-20240630-FEE,1,AB1,,,45473,20240630,45458,20240615,45473,20240630,CALL,Management Fee,-902000,EUR,0.941057,-848833,2024 Q2,Settled,AB1-2024Q2
187,CF-AB1-20240630-0066,1,AB1,3,AB1-IBP,45473,20240630,45458,20240615,45473,20240630,DIST,Dividend,116000,EUR,0.941057,109163,2024 Q2,Settled,AB1-2024Q2
188,CF-AB1-20240630-0089,1,AB1,4,AB1-ATL,45473,20240630,45458,20240615,45473,20240630,DIST,Dividend,150000,EUR,0.941057,141159,2024 Q2,Settled,AB1-2024Q2
189,CF-AB1-20240630-0114,1,AB1,5,AB1-BSS,45473,20240630,45458,20240615,45473,20240630,DIST,Dividend,91000,EUR,0.941057,85636,2024 Q2,Settled,AB1-2024Q2
190,CF-AB1-20240630-0136,1,AB1,6,AB1-RHG,45473,20240630,45458,20240615,45473,20240630,DIST,Dividend,94000,EUR,0.941057,88459,2024 Q2,Settled,AB1-2024Q2
191,CF-AB1-20240930-EXP,1,AB1,,,45565,20240930,45550,20240915,45565,20240930,CALL,Fund Expense,-406000,EUR,0.940081,-381673,2024 Q3,Settled,AB1-2024Q3
192,CF-AB1-20240930-FEE,1,AB1,,,45565,20240930,45550,20240915,45565,20240930,CALL,Management Fee,-853000,EUR,0.940081,-801889,2024 Q3,Settled,AB1-2024Q3
193,CF-AB1-20240930-0067,1,AB1,3,AB1-IBP,45565,20240930,45550,20240915,45565,20240930,DIST,Dividend,32539000,EUR,0.940081,30589296,2024 Q3,Settled,AB1-2024Q3
194,CF-AB1-20240930-0090,1,AB1,4,AB1-ATL,45565,20240930,45550,20240915,45565,20240930,DIST,Dividend,154000,EUR,0.940081,144772,2024 Q3,Settled,AB1-2024Q3
195,CF-AB1-20240930-0115,1,AB1,5,AB1-BSS,45565,20240930,45550,20240915,45565,20240930,DIST,Partial Exit,14177000,EUR,0.940081,13327528,2024 Q3,Settled,AB1-2024Q3
196,CF-AB1-20240930-0137,1,AB1,6,AB1-RHG,45565,20240930,45550,20240915,45565,20240930,DIST,Partial Exit,10548000,EUR,0.940081,9915974,2024 Q3,Settled,AB1-2024Q3
197,CF-AB1-20241231-EXP,1,AB1,,,45657,20241231,45642,20241216,45657,20241231,CALL,Fund Expense,-406000,EUR,0.944067,-383291,2024 Q4,Settled,AB1-2024Q4
198,CF-AB1-20241231-FEE,1,AB1,,,45657,20241231,45642,20241216,45657,20241231,CALL,Management Fee,-804000,EUR,0.944067,-759030,2024 Q4,Settled,AB1-2024Q4
199,CF-AB1-20241231-0091,1,AB1,4,AB1-ATL,45657,20241231,45642,20241216,45657,20241231,DIST,Dividend,158000,EUR,0.944067,149163,2024 Q4,Settled,AB1-2024Q4
200,CF-AB1-20241231-0116,1,AB1,5,AB1-BSS,45657,20241231,45642,20241216,45657,20241231,DIST,Dividend,97000,EUR,0.944067,91574,2024 Q4,Settled,AB1-2024Q4
201,CF-AB1-20241231-0138,1,AB1,6,AB1-RHG,45657,20241231,45642,20241216,45657,20241231,DIST,Dividend,101000,EUR,0.944067,95351,2024 Q4,Settled,AB1-2024Q4
202,CF-AB1-20241231-0068,1,AB1,3,AB1-IBP,45657,20241231,45642,20241216,45657,20241231,DIST,Exit,129802000,EUR,0.944067,122541785,2024 Q4,Settled,AB1-2024Q4
203,CF-AB1-20250331-EXP,1,AB1,,,45747,20250331,45732,20250316,45747,20250331,CALL,Fund Expense,-406000,EUR,0.940037,-381655,2025 Q1,Settled,AB1-2025Q1
204,CF-AB1-20250331-FEE,1,AB1,,,45747,20250331,45732,20250316,45747,20250331,CALL,Management Fee,-756000,EUR,0.940037,-710668,2025 Q1,Settled,AB1-2025Q1
205,CF-AB1-20250331-0092,1,AB1,4,AB1-ATL,45747,20250331,45732,20250316,45747,20250331,DIST,Dividend,163000,EUR,0.940037,153226,2025 Q1,Settled,AB1-2025Q1
206,CF-AB1-20250331-0117,1,AB1,5,AB1-BSS,45747,20250331,45732,20250316,45747,20250331,DIST,Dividend,99000,EUR,0.940037,93064,2025 Q1,Settled,AB1-2025Q1
207,CF-AB1-20250331-0139,1,AB1,6,AB1-RHG,45747,20250331,45732,20250316,45747,20250331,DIST,Dividend,105000,EUR,0.940037,98704,2025 Q1,Settled,AB1-2025Q1
208,CF-AB1-20250630-EXP,1,AB1,,,45838,20250630,45823,20250615,45838,20250630,CALL,Fund Expense,-406000,EUR,0.931099,-378026,2025 Q2,Settled,AB1-2025Q2
209,CF-AB1-20250630-FEE,1,AB1,,,45838,20250630,45823,20250615,45838,20250630,CALL,Management Fee,-707000,EUR,0.931099,-658287,2025 Q2,Settled,AB1-2025Q2
210,CF-AB1-20250630-0093,1,AB1,4,AB1-ATL,45838,20250630,45823,20250615,45838,20250630,DIST,Dividend,167000,EUR,0.931099,155494,2025 Q2,Settled,AB1-2025Q2
211,CF-AB1-20250630-0118,1,AB1,5,AB1-BSS,45838,20250630,45823,20250615,45838,20250630,DIST,Dividend,102000,EUR,0.931099,94972,2025 Q2,Settled,AB1-2025Q2
212,CF-AB1-20250630-0140,1,AB1,6,AB1-RHG,45838,20250630,45823,20250615,45838,20250630,DIST,Dividend,108000,EUR,0.931099,100559,2025 Q2,Settled,AB1-2025Q2
213,CF-AB1-20250930-EXP,1,AB1,,,45930,20250930,45915,20250915,45930,20250930,CALL,Fund Expense,-406000,EUR,0.930093,-377618,2025 Q3,Settled,AB1-2025Q3
214,CF-AB1-20250930-FEE,1,AB1,,,45930,20250930,45915,20250915,45930,20250930,CALL,Management Fee,-658000,EUR,0.930093,-612001,2025 Q3,Settled,AB1-2025Q3
215,CF-AB1-20250930-0094,1,AB1,4,AB1-ATL,45930,20250930,45915,20250915,45930,20250930,DIST,Dividend,16220000,EUR,0.930093,15086108,2025 Q3,Settled,AB1-2025Q3
216,CF-AB1-20250930-0119,1,AB1,5,AB1-BSS,45930,20250930,45915,20250915,45930,20250930,DIST,Partial Exit,26259000,EUR,0.930093,24423312,2025 Q3,Settled,AB1-2025Q3
217,CF-AB1-20250930-0141,1,AB1,6,AB1-RHG,45930,20250930,45915,20250915,45930,20250930,DIST,Partial Exit,19519000,EUR,0.930093,18154485,2025 Q3,Settled,AB1-2025Q3
218,CF-AB1-20251231-EXP,1,AB1,,,46022,20251231,46007,20251216,46022,20251231,CALL,Fund Expense,-406000,EUR,0.933997,-379203,2025 Q4,Settled,AB1-2025Q4
219,CF-AB1-20251231-FEE,1,AB1,,,46022,20251231,46007,20251216,46022,20251231,CALL,Management Fee,-609000,EUR,0.933997,-568804,2025 Q4,Settled,AB1-2025Q4
220,CF-AB1-20251231-0120,1,AB1,5,AB1-BSS,46022,20251231,46007,20251216,46022,20251231,DIST,Dividend,108000,EUR,0.933997,100872,2025 Q4,Settled,AB1-2025Q4
221,CF-AB1-20251231-0142,1,AB1,6,AB1-RHG,46022,20251231,46007,20251216,46022,20251231,DIST,Dividend,115000,EUR,0.933997,107410,2025 Q4,Settled,AB1-2025Q4
222,CF-AB1-20251231-0095,1,AB1,4,AB1-ATL,46022,20251231,46007,20251216,46022,20251231,DIST,Exit,64371000,EUR,0.933997,60122321,2025 Q4,Settled,AB1-2025Q4
223,CF-BG2-20190331-EXP,2,BG2,,,43555,20190331,43540,20190316,43555,20190331,CALL,Fund Expense,-225000,USD,0.98317,-221213,2019 Q1,Settled,BG2-2019Q1
224,CF-BG2-20190331-0143,2,BG2,7,BG2-NDC,43555,20190331,43540,20190316,43555,20190331,CALL,Investment,-46048000,USD,0.98317,-45273012,2019 Q1,Settled,BG2-2019Q1
225,CF-BG2-20190331-FEE,2,BG2,,,43555,20190331,43540,20190316,43555,20190331,CALL,Management Fee,-2250000,USD,0.98317,-2212132,2019 Q1,Settled,BG2-2019Q1
226,CF-BG2-20190630-0144,2,BG2,7,BG2-NDC,43646,20190630,43631,20190615,43646,20190630,CALL,Follow-on Investment,-19187000,USD,0.97563,-18719413,2019 Q2,Settled,BG2-2019Q2
227,CF-BG2-20190630-EXP,2,BG2,,,43646,20190630,43631,20190615,43646,20190630,CALL,Fund Expense,-225000,USD,0.97563,-219517,2019 Q2,Settled,BG2-2019Q2
228,CF-BG2-20190630-FEE,2,BG2,,,43646,20190630,43631,20190615,43646,20190630,CALL,Management Fee,-2250000,USD,0.97563,-2195168,2019 Q2,Settled,BG2-2019Q2
229,CF-BG2-20190930-0145,2,BG2,7,BG2-NDC,43738,20190930,43723,20190915,43738,20190930,CALL,Follow-on Investment,-11512000,USD,0.977067,-11247995,2019 Q3,Settled,BG2-2019Q3
230,CF-BG2-20190930-EXP,2,BG2,,,43738,20190930,43723,20190915,43738,20190930,CALL,Fund Expense,-225000,USD,0.977067,-219840,2019 Q3,Settled,BG2-2019Q3
231,CF-BG2-20190930-0165,2,BG2,8,BG2-PCA,43738,20190930,43723,20190915,43738,20190930,CALL,Investment,-35798000,USD,0.977067,-34977044,2019 Q3,Settled,BG2-2019Q3
232,CF-BG2-20190930-FEE,2,BG2,,,43738,20190930,43723,20190915,43738,20190930,CALL,Management Fee,-2250000,USD,0.977067,-2198401,2019 Q3,Settled,BG2-2019Q3
233,CF-BG2-20191231-0166,2,BG2,8,BG2-PCA,43830,20191231,43815,20191216,43830,20191231,CALL,Follow-on Investment,-14916000,USD,0.974465,-14535120,2019 Q4,Settled,BG2-2019Q4
234,CF-BG2-20191231-EXP,2,BG2,,,43830,20191231,43815,20191216,43830,20191231,CALL,Fund Expense,-225000,USD,0.974465,-219255,2019 Q4,Settled,BG2-2019Q4
235,CF-BG2-20191231-FEE,2,BG2,,,43830,20191231,43815,20191216,43830,20191231,CALL,Management Fee,-2250000,USD,0.974465,-2192546,2019 Q4,Settled,BG2-2019Q4
236,CF-BG2-20200331-0167,2,BG2,8,BG2-PCA,43921,20200331,43906,20200316,43921,20200331,CALL,Follow-on Investment,-8949000,USD,0.948369,-8486954,2020 Q1,Settled,BG2-2020Q1
237,CF-BG2-20200331-EXP,2,BG2,,,43921,20200331,43906,20200316,43921,20200331,CALL,Fund Expense,-225000,USD,0.948369,-213383,2020 Q1,Settled,BG2-2020Q1
238,CF-BG2-20200331-0186,2,BG2,9,BG2-HHT,43921,20200331,43906,20200316,43921,20200331,CALL,Investment,-25585000,USD,0.948369,-24264021,2020 Q1,Settled,BG2-2020Q1
239,CF-BG2-20200331-FEE,2,BG2,,,43921,20200331,43906,20200316,43921,20200331,CALL,Management Fee,-2250000,USD,0.948369,-2133830,2020 Q1,Settled,BG2-2020Q1
240,CF-BG2-20200630-0187,2,BG2,9,BG2-HHT,44012,20200630,43997,20200615,44012,20200630,CALL,Follow-on Investment,-10660000,USD,0.92619,-9873185,2020 Q2,Settled,BG2-2020Q2
241,CF-BG2-20200630-EXP,2,BG2,,,44012,20200630,43997,20200615,44012,20200630,CALL,Fund Expense,-225000,USD,0.92619,-208393,2020 Q2,Settled,BG2-2020Q2
242,CF-BG2-20200630-FEE,2,BG2,,,44012,20200630,43997,20200615,44012,20200630,CALL,Management Fee,-2250000,USD,0.92619,-2083928,2020 Q2,Settled,BG2-2020Q2
243,CF-BG2-20200930-0188,2,BG2,9,BG2-HHT,44104,20200930,44089,20200915,44104,20200930,CALL,Follow-on Investment,-6396000,USD,0.91224,-5834687,2020 Q3,Settled,BG2-2020Q3
244,CF-BG2-20200930-EXP,2,BG2,,,44104,20200930,44089,20200915,44104,20200930,CALL,Fund Expense,-225000,USD,0.91224,-205254,2020 Q3,Settled,BG2-2020Q3
245,CF-BG2-20200930-0205,2,BG2,10,BG2-VHS,44104,20200930,44089,20200915,44104,20200930,CALL,Investment,-18325000,USD,0.91224,-16716798,2020 Q3,Settled,BG2-2020Q3
246,CF-BG2-20200930-FEE,2,BG2,,,44104,20200930,44089,20200915,44104,20200930,CALL,Management Fee,-2250000,USD,0.91224,-2052540,2020 Q3,Settled,BG2-2020Q3
247,CF-BG2-20201231-0206,2,BG2,10,BG2-VHS,44196,20201231,44181,20201216,44196,20201231,CALL,Follow-on Investment,-7635000,USD,0.894233,-6827469,2020 Q4,Settled,BG2-2020Q4
248,CF-BG2-20201231-EXP,2,BG2,,,44196,20201231,44181,20201216,44196,20201231,CALL,Fund Expense,-225000,USD,0.894233,-201202,2020 Q4,Settled,BG2-2020Q4
249,CF-BG2-20201231-FEE,2,BG2,,,44196,20201231,44181,20201216,44196,20201231,CALL,Management Fee,-2250000,USD,0.894233,-2012024,2020 Q4,Settled,BG2-2020Q4
250,CF-BG2-20210331-0207,2,BG2,10,BG2-VHS,44286,20210331,44271,20210316,44286,20210331,CALL,Follow-on Investment,-4581000,USD,0.895466,-4102130,2021 Q1,Settled,BG2-2021Q1
251,CF-BG2-20210331-EXP,2,BG2,,,44286,20210331,44271,20210316,44286,20210331,CALL,Fund Expense,-225000,USD,0.895466,-201480,2021 Q1,Settled,BG2-2021Q1
252,CF-BG2-20210331-FEE,2,BG2,,,44286,20210331,44271,20210316,44286,20210331,CALL,Management Fee,-2250000,USD,0.895466,-2014798,2021 Q1,Settled,BG2-2021Q1
253,CF-BG2-20210331-0146,2,BG2,7,BG2-NDC,44286,20210331,44271,20210316,44286,20210331,DIST,Dividend,12000,USD,0.895466,10746,2021 Q1,Settled,BG2-2021Q1
254,CF-BG2-20210630-EXP,2,BG2,,,44377,20210630,44362,20210615,44377,20210630,CALL,Fund Expense,-225000,USD,0.900665,-202650,2021 Q2,Settled,BG2-2021Q2
255,CF-BG2-20210630-0222,2,BG2,11,BG2-GOA,44377,20210630,44362,20210615,44377,20210630,CALL,Investment,-34952000,USD,0.900665,-31480043,2021 Q2,Settled,BG2-2021Q2
256,CF-BG2-20210630-FEE,2,BG2,,,44377,20210630,44362,20210615,44377,20210630,CALL,Management Fee,-2250000,USD,0.900665,-2026496,2021 Q2,Settled,BG2-2021Q2
257,CF-BG2-20210630-0147,2,BG2,7,BG2-NDC,44377,20210630,44362,20210615,44377,20210630,DIST,Dividend,13000,USD,0.900665,11709,2021 Q2,Settled,BG2-2021Q2
258,CF-BG2-20210930-0223,2,BG2,11,BG2-GOA,44469,20210930,44454,20210915,44469,20210930,CALL,Follow-on Investment,-14563000,USD,0.914272,-13314543,2021 Q3,Settled,BG2-2021Q3
259,CF-BG2-20210930-EXP,2,BG2,,,44469,20210930,44454,20210915,44469,20210930,CALL,Fund Expense,-225000,USD,0.914272,-205711,2021 Q3,Settled,BG2-2021Q3
260,CF-BG2-20210930-FEE,2,BG2,,,44469,20210930,44454,20210915,44469,20210930,CALL,Management Fee,-2250000,USD,0.914272,-2057112,2021 Q3,Settled,BG2-2021Q3
261,CF-BG2-20210930-0148,2,BG2,7,BG2-NDC,44469,20210930,44454,20210915,44469,20210930,DIST,Dividend,14000,USD,0.914272,12800,2021 Q3,Settled,BG2-2021Q3
262,CF-BG2-20210930-0168,2,BG2,8,BG2-PCA,44469,20210930,44454,20210915,44469,20210930,DIST,Dividend,10000,USD,0.914272,9143,2021 Q3,Settled,BG2-2021Q3
263,CF-BG2-20211231-0224,2,BG2,11,BG2-GOA,44561,20211231,44546,20211216,44561,20211231,CALL,Follow-on Investment,-8738000,USD,0.924067,-8074497,2021 Q4,Settled,BG2-2021Q4
264,CF-BG2-20211231-EXP,2,BG2,,,44561,20211231,44546,20211216,44561,20211231,CALL,Fund Expense,-225000,USD,0.924067,-207915,2021 Q4,Settled,BG2-2021Q4
265,CF-BG2-20211231-FEE,2,BG2,,,44561,20211231,44546,20211216,44561,20211231,CALL,Management Fee,-2250000,USD,0.924067,-2079151,2021 Q4,Settled,BG2-2021Q4
266,CF-BG2-20211231-0149,2,BG2,7,BG2-NDC,44561,20211231,44546,20211216,44561,20211231,DIST,Dividend,15000,USD,0.924067,13861,2021 Q4,Settled,BG2-2021Q4
267,CF-BG2-20211231-0169,2,BG2,8,BG2-PCA,44561,20211231,44546,20211216,44561,20211231,DIST,Dividend,11000,USD,0.924067,10165,2021 Q4,Settled,BG2-2021Q4
268,CF-BG2-20220331-EXP,2,BG2,,,44651,20220331,44636,20220316,44651,20220331,CALL,Fund Expense,-225000,USD,0.920537,-207121,2022 Q1,Settled,BG2-2022Q1
269,CF-BG2-20220331-0236,2,BG2,12,BG2-CPF,44651,20220331,44636,20220316,44651,20220331,CALL,Investment,-41982000,USD,0.920537,-38645984,2022 Q1,Settled,BG2-2022Q1
270,CF-BG2-20220331-FEE,2,BG2,,,44651,20220331,44636,20220316,44651,20220331,CALL,Management Fee,-2250000,USD,0.920537,-2071208,2022 Q1,Settled,BG2-2022Q1
271,CF-BG2-20220331-0150,2,BG2,7,BG2-NDC,44651,20220331,44636,20220316,44651,20220331,DIST,Dividend,16000,USD,0.920537,14729,2022 Q1,Settled,BG2-2022Q1
272,CF-BG2-20220331-0170,2,BG2,8,BG2-PCA,44651,20220331,44636,20220316,44651,20220331,DIST,Dividend,12000,USD,0.920537,11046,2022 Q1,Settled,BG2-2022Q1
273,CF-BG2-20220331-0189,2,BG2,9,BG2-HHT,44651,20220331,44636,20220316,44651,20220331,DIST,Dividend,8000,USD,0.920537,7364,2022 Q1,Settled,BG2-2022Q1
274,CF-BG2-20220630-0237,2,BG2,12,BG2-CPF,44742,20220630,44727,20220615,44742,20220630,CALL,Follow-on Investment,-17492000,USD,0.92071,-16105059,2022 Q2,Settled,BG2-2022Q2
275,CF-BG2-20220630-EXP,2,BG2,,,44742,20220630,44727,20220615,44742,20220630,CALL,Fund Expense,-225000,USD,0.92071,-207160,2022 Q2,Settled,BG2-2022Q2
276,CF-BG2-20220630-FEE,2,BG2,,,44742,20220630,44727,20220615,44742,20220630,CALL,Management Fee,-2250000,USD,0.92071,-2071598,2022 Q2,Settled,BG2-2022Q2
277,CF-BG2-20220630-0151,2,BG2,7,BG2-NDC,44742,20220630,44727,20220615,44742,20220630,DIST,Dividend,17000,USD,0.92071,15652,2022 Q2,Settled,BG2-2022Q2
278,CF-BG2-20220630-0171,2,BG2,8,BG2-PCA,44742,20220630,44727,20220615,44742,20220630,DIST,Dividend,12000,USD,0.92071,11049,2022 Q2,Settled,BG2-2022Q2
279,CF-BG2-20220630-0190,2,BG2,9,BG2-HHT,44742,20220630,44727,20220615,44742,20220630,DIST,Dividend,9000,USD,0.92071,8286,2022 Q2,Settled,BG2-2022Q2
280,CF-BG2-20220930-0238,2,BG2,12,BG2-CPF,44834,20220930,44819,20220915,44834,20220930,CALL,Follow-on Investment,-10496000,USD,0.9294,-9754982,2022 Q3,Settled,BG2-2022Q3
281,CF-BG2-20220930-EXP,2,BG2,,,44834,20220930,44819,20220915,44834,20220930,CALL,Fund Expense,-225000,USD,0.9294,-209115,2022 Q3,Settled,BG2-2022Q3
282,CF-BG2-20220930-FEE,2,BG2,,,44834,20220930,44819,20220915,44834,20220930,CALL,Management Fee,-2250000,USD,0.9294,-2091150,2022 Q3,Settled,BG2-2022Q3
283,CF-BG2-20220930-0152,2,BG2,7,BG2-NDC,44834,20220930,44819,20220915,44834,20220930,DIST,Dividend,18000,USD,0.9294,16729,2022 Q3,Settled,BG2-2022Q3
284,CF-BG2-20220930-0172,2,BG2,8,BG2-PCA,44834,20220930,44819,20220915,44834,20220930,DIST,Dividend,13000,USD,0.9294,12082,2022 Q3,Settled,BG2-2022Q3
285,CF-BG2-20220930-0191,2,BG2,9,BG2-HHT,44834,20220930,44819,20220915,44834,20220930,DIST,Dividend,9000,USD,0.9294,8365,2022 Q3,Settled,BG2-2022Q3
286,CF-BG2-20220930-0208,2,BG2,10,BG2-VHS,44834,20220930,44819,20220915,44834,20220930,DIST,Dividend,10000,USD,0.9294,9294,2022 Q3,Settled,BG2-2022Q3
287,CF-BG2-20221231-EXP,2,BG2,,,44926,20221231,44911,20221216,44926,20221231,CALL,Fund Expense,-225000,USD,0.934167,-210188,2022 Q4,Settled,BG2-2022Q4
288,CF-BG2-20221231-FEE,2,BG2,,,44926,20221231,44911,20221216,44926,20221231,CALL,Management Fee,-2250000,USD,0.934167,-2101876,2022 Q4,Settled,BG2-2022Q4
289,CF-BG2-20221231-0153,2,BG2,7,BG2-NDC,44926,20221231,44911,20221216,44926,20221231,DIST,Dividend,18000,USD,0.934167,16815,2022 Q4,Settled,BG2-2022Q4
290,CF-BG2-20221231-0173,2,BG2,8,BG2-PCA,44926,20221231,44911,20221216,44926,20221231,DIST,Dividend,14000,USD,0.934167,13078,2022 Q4,Settled,BG2-2022Q4
291,CF-BG2-20221231-0192,2,BG2,9,BG2-HHT,44926,20221231,44911,20221216,44926,20221231,DIST,Dividend,10000,USD,0.934167,9342,2022 Q4,Settled,BG2-2022Q4
292,CF-BG2-20221231-0209,2,BG2,10,BG2-VHS,44926,20221231,44911,20221216,44926,20221231,DIST,Dividend,12000,USD,0.934167,11210,2022 Q4,Settled,BG2-2022Q4
293,CF-BG2-20230331-EXP,2,BG2,,,45016,20230331,45001,20230316,45016,20230331,CALL,Fund Expense,-225000,USD,0.91105,-204986,2023 Q1,Settled,BG2-2023Q1
294,CF-BG2-20230331-FEE,2,BG2,,,45016,20230331,45001,20230316,45016,20230331,CALL,Management Fee,-2250000,USD,0.91105,-2049862,2023 Q1,Settled,BG2-2023Q1
295,CF-BG2-20230331-0154,2,BG2,7,BG2-NDC,45016,20230331,45001,20230316,45016,20230331,DIST,Dividend,19000,USD,0.91105,17310,2023 Q1,Settled,BG2-2023Q1
296,CF-BG2-20230331-0174,2,BG2,8,BG2-PCA,45016,20230331,45001,20230316,45016,20230331,DIST,Dividend,15000,USD,0.91105,13666,2023 Q1,Settled,BG2-2023Q1
297,CF-BG2-20230331-0193,2,BG2,9,BG2-HHT,45016,20230331,45001,20230316,45016,20230331,DIST,Dividend,11000,USD,0.91105,10022,2023 Q1,Settled,BG2-2023Q1
298,CF-BG2-20230331-0210,2,BG2,10,BG2-VHS,45016,20230331,45001,20230316,45016,20230331,DIST,Dividend,13000,USD,0.91105,11844,2023 Q1,Settled,BG2-2023Q1
299,CF-BG2-20230630-EXP,2,BG2,,,45107,20230630,45092,20230615,45107,20230630,CALL,Fund Expense,-225000,USD,0.891392,-200563,2023 Q2,Settled,BG2-2023Q2
300,CF-BG2-20230630-FEE,2,BG2,,,45107,20230630,45092,20230615,45107,20230630,CALL,Management Fee,-2250000,USD,0.891392,-2005632,2023 Q2,Settled,BG2-2023Q2
301,CF-BG2-20230630-0155,2,BG2,7,BG2-NDC,45107,20230630,45092,20230615,45107,20230630,DIST,Dividend,20000,USD,0.891392,17828,2023 Q2,Settled,BG2-2023Q2
302,CF-BG2-20230630-0175,2,BG2,8,BG2-PCA,45107,20230630,45092,20230615,45107,20230630,DIST,Dividend,15000,USD,0.891392,13371,2023 Q2,Settled,BG2-2023Q2
303,CF-BG2-20230630-0194,2,BG2,9,BG2-HHT,45107,20230630,45092,20230615,45107,20230630,DIST,Dividend,12000,USD,0.891392,10697,2023 Q2,Settled,BG2-2023Q2
304,CF-BG2-20230630-0211,2,BG2,10,BG2-VHS,45107,20230630,45092,20230615,45107,20230630,DIST,Dividend,14000,USD,0.891392,12479,2023 Q2,Settled,BG2-2023Q2
305,CF-BG2-20230630-0225,2,BG2,11,BG2-GOA,45107,20230630,45092,20230615,45107,20230630,DIST,Dividend,10000,USD,0.891392,8914,2023 Q2,Settled,BG2-2023Q2
306,CF-BG2-20230930-EXP,2,BG2,,,45199,20230930,45184,20230915,45199,20230930,CALL,Fund Expense,-225000,USD,0.879679,-197928,2023 Q3,Settled,BG2-2023Q3
307,CF-BG2-20230930-FEE,2,BG2,,,45199,20230930,45184,20230915,45199,20230930,CALL,Management Fee,-2250000,USD,0.879679,-1979278,2023 Q3,Settled,BG2-2023Q3
308,CF-BG2-20230930-0156,2,BG2,7,BG2-NDC,45199,20230930,45184,20230915,45199,20230930,DIST,Dividend,21000,USD,0.879679,18473,2023 Q3,Settled,BG2-2023Q3
309,CF-BG2-20230930-0176,2,BG2,8,BG2-PCA,45199,20230930,45184,20230915,45199,20230930,DIST,Dividend,16000,USD,0.879679,14075,2023 Q3,Settled,BG2-2023Q3
310,CF-BG2-20230930-0195,2,BG2,9,BG2-HHT,45199,20230930,45184,20230915,45199,20230930,DIST,Dividend,12000,USD,0.879679,10556,2023 Q3,Settled,BG2-2023Q3
311,CF-BG2-20230930-0212,2,BG2,10,BG2-VHS,45199,20230930,45184,20230915,45199,20230930,DIST,Dividend,15000,USD,0.879679,13195,2023 Q3,Settled,BG2-2023Q3
312,CF-BG2-20230930-0226,2,BG2,11,BG2-GOA,45199,20230930,45184,20230915,45199,20230930,DIST,Dividend,11000,USD,0.879679,9676,2023 Q3,Settled,BG2-2023Q3
313,CF-BG2-20231231-EXP,2,BG2,,,45291,20231231,45276,20231216,45291,20231231,CALL,Fund Expense,-225000,USD,0.864071,-194416,2023 Q4,Settled,BG2-2023Q4
314,CF-BG2-20231231-FEE,2,BG2,,,45291,20231231,45276,20231216,45291,20231231,CALL,Management Fee,-2250000,USD,0.864071,-1944160,2023 Q4,Settled,BG2-2023Q4
315,CF-BG2-20231231-0157,2,BG2,7,BG2-NDC,45291,20231231,45276,20231216,45291,20231231,DIST,Dividend,22000,USD,0.864071,19010,2023 Q4,Settled,BG2-2023Q4
316,CF-BG2-20231231-0177,2,BG2,8,BG2-PCA,45291,20231231,45276,20231216,45291,20231231,DIST,Dividend,17000,USD,0.864071,14689,2023 Q4,Settled,BG2-2023Q4
317,CF-BG2-20231231-0196,2,BG2,9,BG2-HHT,45291,20231231,45276,20231216,45291,20231231,DIST,Dividend,13000,USD,0.864071,11233,2023 Q4,Settled,BG2-2023Q4
318,CF-BG2-20231231-0213,2,BG2,10,BG2-VHS,45291,20231231,45276,20231216,45291,20231231,DIST,Dividend,16000,USD,0.864071,13825,2023 Q4,Settled,BG2-2023Q4
319,CF-BG2-20231231-0227,2,BG2,11,BG2-GOA,45291,20231231,45276,20231216,45291,20231231,DIST,Dividend,12000,USD,0.864071,10369,2023 Q4,Settled,BG2-2023Q4
320,CF-BG2-20240331-EXP,2,BG2,,,45382,20240331,45367,20240316,45382,20240331,CALL,Fund Expense,-225000,USD,0.863068,-194190,2024 Q1,Settled,BG2-2024Q1
321,CF-BG2-20240331-FEE,2,BG2,,,45382,20240331,45367,20240316,45382,20240331,CALL,Management Fee,-1215000,USD,0.863068,-1048628,2024 Q1,Settled,BG2-2024Q1
322,CF-BG2-20240331-0158,2,BG2,7,BG2-NDC,45382,20240331,45367,20240316,45382,20240331,DIST,Dividend,23000,USD,0.863068,19851,2024 Q1,Settled,BG2-2024Q1
323,CF-BG2-20240331-0178,2,BG2,8,BG2-PCA,45382,20240331,45367,20240316,45382,20240331,DIST,Dividend,18000,USD,0.863068,15535,2024 Q1,Settled,BG2-2024Q1
324,CF-BG2-20240331-0197,2,BG2,9,BG2-HHT,45382,20240331,45367,20240316,45382,20240331,DIST,Dividend,14000,USD,0.863068,12083,2024 Q1,Settled,BG2-2024Q1
325,CF-BG2-20240331-0214,2,BG2,10,BG2-VHS,45382,20240331,45367,20240316,45382,20240331,DIST,Dividend,17000,USD,0.863068,14672,2024 Q1,Settled,BG2-2024Q1
326,CF-BG2-20240331-0228,2,BG2,11,BG2-GOA,45382,20240331,45367,20240316,45382,20240331,DIST,Dividend,13000,USD,0.863068,11220,2024 Q1,Settled,BG2-2024Q1
327,CF-BG2-20240331-0239,2,BG2,12,BG2-CPF,45382,20240331,45367,20240316,45382,20240331,DIST,Dividend,16000,USD,0.863068,13809,2024 Q1,Settled,BG2-2024Q1
328,CF-BG2-20240630-EXP,2,BG2,,,45473,20240630,45458,20240615,45473,20240630,CALL,Fund Expense,-225000,USD,0.865951,-194839,2024 Q2,Settled,BG2-2024Q2
329,CF-BG2-20240630-FEE,2,BG2,,,45473,20240630,45458,20240615,45473,20240630,CALL,Management Fee,-1114000,USD,0.865951,-964669,2024 Q2,Settled,BG2-2024Q2
330,CF-BG2-20240630-0159,2,BG2,7,BG2-NDC,45473,20240630,45458,20240615,45473,20240630,DIST,Dividend,24000,USD,0.865951,20783,2024 Q2,Settled,BG2-2024Q2
331,CF-BG2-20240630-0179,2,BG2,8,BG2-PCA,45473,20240630,45458,20240615,45473,20240630,DIST,Dividend,19000,USD,0.865951,16453,2024 Q2,Settled,BG2-2024Q2
332,CF-BG2-20240630-0198,2,BG2,9,BG2-HHT,45473,20240630,45458,20240615,45473,20240630,DIST,Dividend,14000,USD,0.865951,12123,2024 Q2,Settled,BG2-2024Q2
333,CF-BG2-20240630-0215,2,BG2,10,BG2-VHS,45473,20240630,45458,20240615,45473,20240630,DIST,Dividend,18000,USD,0.865951,15587,2024 Q2,Settled,BG2-2024Q2
334,CF-BG2-20240630-0229,2,BG2,11,BG2-GOA,45473,20240630,45458,20240615,45473,20240630,DIST,Dividend,15000,USD,0.865951,12989,2024 Q2,Settled,BG2-2024Q2
335,CF-BG2-20240630-0240,2,BG2,12,BG2-CPF,45473,20240630,45458,20240615,45473,20240630,DIST,Dividend,19000,USD,0.865951,16453,2024 Q2,Settled,BG2-2024Q2
336,CF-BG2-20240930-EXP,2,BG2,,,45565,20240930,45550,20240915,45565,20240930,CALL,Fund Expense,-225000,USD,0.876824,-197285,2024 Q3,Settled,BG2-2024Q3
337,CF-BG2-20240930-FEE,2,BG2,,,45565,20240930,45550,20240915,45565,20240930,CALL,Management Fee,-1013000,USD,0.876824,-888223,2024 Q3,Settled,BG2-2024Q3
338,CF-BG2-20240930-0160,2,BG2,7,BG2-NDC,45565,20240930,45550,20240915,45565,20240930,DIST,Dividend,25000,USD,0.876824,21921,2024 Q3,Settled,BG2-2024Q3
339,CF-BG2-20240930-0230,2,BG2,11,BG2-GOA,45565,20240930,45550,20240915,45565,20240930,DIST,Dividend,16000,USD,0.876824,14029,2024 Q3,Settled,BG2-2024Q3
340,CF-BG2-20240930-0241,2,BG2,12,BG2-CPF,45565,20240930,45550,20240915,45565,20240930,DIST,Dividend,22000,USD,0.876824,19290,2024 Q3,Settled,BG2-2024Q3
341,CF-BG2-20240930-0180,2,BG2,8,BG2-PCA,45565,20240930,45550,20240915,45565,20240930,DIST,Partial Exit,19946000,USD,0.876824,17489132,2024 Q3,Settled,BG2-2024Q3
342,CF-BG2-20240930-0199,2,BG2,9,BG2-HHT,45565,20240930,45550,20240915,45565,20240930,DIST,Partial Exit,9496000,USD,0.876824,8326321,2024 Q3,Settled,BG2-2024Q3
343,CF-BG2-20240930-0216,2,BG2,10,BG2-VHS,45565,20240930,45550,20240915,45565,20240930,DIST,Partial Exit,3872000,USD,0.876824,3395063,2024 Q3,Settled,BG2-2024Q3
344,CF-BG2-20241231-EXP,2,BG2,,,45657,20241231,45642,20241216,45657,20241231,CALL,Fund Expense,-225000,USD,0.883881,-198873,2024 Q4,Settled,BG2-2024Q4
345,CF-BG2-20241231-FEE,2,BG2,,,45657,20241231,45642,20241216,45657,20241231,CALL,Management Fee,-911000,USD,0.883881,-805216,2024 Q4,Settled,BG2-2024Q4
346,CF-BG2-20241231-0161,2,BG2,7,BG2-NDC,45657,20241231,45642,20241216,45657,20241231,DIST,Dividend,26000,USD,0.883881,22981,2024 Q4,Settled,BG2-2024Q4
347,CF-BG2-20241231-0181,2,BG2,8,BG2-PCA,45657,20241231,45642,20241216,45657,20241231,DIST,Dividend,20000,USD,0.883881,17678,2024 Q4,Settled,BG2-2024Q4
348,CF-BG2-20241231-0200,2,BG2,9,BG2-HHT,45657,20241231,45642,20241216,45657,20241231,DIST,Dividend,16000,USD,0.883881,14142,2024 Q4,Settled,BG2-2024Q4
349,CF-BG2-20241231-0217,2,BG2,10,BG2-VHS,45657,20241231,45642,20241216,45657,20241231,DIST,Dividend,20000,USD,0.883881,17678,2024 Q4,Settled,BG2-2024Q4
350,CF-BG2-20241231-0231,2,BG2,11,BG2-GOA,45657,20241231,45642,20241216,45657,20241231,DIST,Dividend,17000,USD,0.883881,15026,2024 Q4,Settled,BG2-2024Q4
351,CF-BG2-20241231-0242,2,BG2,12,BG2-CPF,45657,20241231,45642,20241216,45657,20241231,DIST,Dividend,25000,USD,0.883881,22097,2024 Q4,Settled,BG2-2024Q4
352,CF-BG2-20250331-EXP,2,BG2,,,45747,20250331,45732,20250316,45747,20250331,CALL,Fund Expense,-225000,USD,0.882997,-198674,2025 Q1,Settled,BG2-2025Q1
353,CF-BG2-20250331-FEE,2,BG2,,,45747,20250331,45732,20250316,45747,20250331,CALL,Management Fee,-810000,USD,0.882997,-715228,2025 Q1,Settled,BG2-2025Q1
354,CF-BG2-20250331-0162,2,BG2,7,BG2-NDC,45747,20250331,45732,20250316,45747,20250331,DIST,Dividend,26000,USD,0.882997,22958,2025 Q1,Settled,BG2-2025Q1
355,CF-BG2-20250331-0182,2,BG2,8,BG2-PCA,45747,20250331,45732,20250316,45747,20250331,DIST,Dividend,21000,USD,0.882997,18543,2025 Q1,Settled,BG2-2025Q1
356,CF-BG2-20250331-0201,2,BG2,9,BG2-HHT,45747,20250331,45732,20250316,45747,20250331,DIST,Dividend,17000,USD,0.882997,15011,2025 Q1,Settled,BG2-2025Q1
357,CF-BG2-20250331-0218,2,BG2,10,BG2-VHS,45747,20250331,45732,20250316,45747,20250331,DIST,Dividend,21000,USD,0.882997,18543,2025 Q1,Settled,BG2-2025Q1
358,CF-BG2-20250331-0232,2,BG2,11,BG2-GOA,45747,20250331,45732,20250316,45747,20250331,DIST,Dividend,18000,USD,0.882997,15894,2025 Q1,Settled,BG2-2025Q1
359,CF-BG2-20250331-0243,2,BG2,12,BG2-CPF,45747,20250331,45732,20250316,45747,20250331,DIST,Dividend,28000,USD,0.882997,24724,2025 Q1,Settled,BG2-2025Q1
360,CF-BG2-20250630-EXP,2,BG2,,,45838,20250630,45823,20250615,45838,20250630,CALL,Fund Expense,-225000,USD,0.88586,-199318,2025 Q2,Settled,BG2-2025Q2
361,CF-BG2-20250630-FEE,2,BG2,,,45838,20250630,45823,20250615,45838,20250630,CALL,Management Fee,-709000,USD,0.88586,-628075,2025 Q2,Settled,BG2-2025Q2
362,CF-BG2-20250630-0163,2,BG2,7,BG2-NDC,45838,20250630,45823,20250615,45838,20250630,DIST,Dividend,25404000,USD,0.88586,22504387,2025 Q2,Settled,BG2-2025Q2
363,CF-BG2-20250630-0183,2,BG2,8,BG2-PCA,45838,20250630,45823,20250615,45838,20250630,DIST,Dividend,22000,USD,0.88586,19489,2025 Q2,Settled,BG2-2025Q2
364,CF-BG2-20250630-0202,2,BG2,9,BG2-HHT,45838,20250630,45823,20250615,45838,20250630,DIST,Dividend,17000,USD,0.88586,15060,2025 Q2,Settled,BG2-2025Q2
365,CF-BG2-20250630-0219,2,BG2,10,BG2-VHS,45838,20250630,45823,20250615,45838,20250630,DIST,Dividend,22000,USD,0.88586,19489,2025 Q2,Settled,BG2-2025Q2
366,CF-BG2-20250630-0233,2,BG2,11,BG2-GOA,45838,20250630,45823,20250615,45838,20250630,DIST,Dividend,20000,USD,0.88586,17717,2025 Q2,Settled,BG2-2025Q2
367,CF-BG2-20250630-0244,2,BG2,12,BG2-CPF,45838,20250630,45823,20250615,45838,20250630,DIST,Dividend,31000,USD,0.88586,27462,2025 Q2,Settled,BG2-2025Q2
368,CF-BG2-20250930-EXP,2,BG2,,,45930,20250930,45915,20250915,45930,20250930,CALL,Fund Expense,-225000,USD,0.896894,-201801,2025 Q3,Settled,BG2-2025Q3
369,CF-BG2-20250930-FEE,2,BG2,,,45930,20250930,45915,20250915,45930,20250930,CALL,Management Fee,-608000,USD,0.896894,-545312,2025 Q3,Settled,BG2-2025Q3
370,CF-BG2-20250930-0234,2,BG2,11,BG2-GOA,45930,20250930,45915,20250915,45930,20250930,DIST,Dividend,21000,USD,0.896894,18835,2025 Q3,Settled,BG2-2025Q3
371,CF-BG2-20250930-0245,2,BG2,12,BG2-CPF,45930,20250930,45915,20250915,45930,20250930,DIST,Dividend,34000,USD,0.896894,30494,2025 Q3,Settled,BG2-2025Q3
372,CF-BG2-20250930-0164,2,BG2,7,BG2-NDC,45930,20250930,45915,20250915,45930,20250930,DIST,Exit,101534000,USD,0.896894,91065235,2025 Q3,Settled,BG2-2025Q3
373,CF-BG2-20250930-0184,2,BG2,8,BG2-PCA,45930,20250930,45915,20250915,45930,20250930,DIST,Partial Exit,37029000,USD,0.896894,33211088,2025 Q3,Settled,BG2-2025Q3
374,CF-BG2-20250930-0203,2,BG2,9,BG2-HHT,45930,20250930,45915,20250915,45930,20250930,DIST,Partial Exit,17625000,USD,0.896894,15807757,2025 Q3,Settled,BG2-2025Q3
375,CF-BG2-20250930-0220,2,BG2,10,BG2-VHS,45930,20250930,45915,20250915,45930,20250930,DIST,Partial Exit,7178000,USD,0.896894,6437905,2025 Q3,Settled,BG2-2025Q3
376,CF-BG2-20251231-EXP,2,BG2,,,46022,20251231,46007,20251216,46022,20251231,CALL,Fund Expense,-225000,USD,0.904025,-203406,2025 Q4,Settled,BG2-2025Q4
377,CF-BG2-20251231-FEE,2,BG2,,,46022,20251231,46007,20251216,46022,20251231,CALL,Management Fee,-506000,USD,0.904025,-457437,2025 Q4,Settled,BG2-2025Q4
378,CF-BG2-20251231-0185,2,BG2,8,BG2-PCA,46022,20251231,46007,20251216,46022,20251231,DIST,Dividend,23000,USD,0.904025,20793,2025 Q4,Settled,BG2-2025Q4
379,CF-BG2-20251231-0204,2,BG2,9,BG2-HHT,46022,20251231,46007,20251216,46022,20251231,DIST,Dividend,19000,USD,0.904025,17176,2025 Q4,Settled,BG2-2025Q4
380,CF-BG2-20251231-0221,2,BG2,10,BG2-VHS,46022,20251231,46007,20251216,46022,20251231,DIST,Dividend,24000,USD,0.904025,21697,2025 Q4,Settled,BG2-2025Q4
381,CF-BG2-20251231-0235,2,BG2,11,BG2-GOA,46022,20251231,46007,20251216,46022,20251231,DIST,Dividend,22000,USD,0.904025,19889,2025 Q4,Settled,BG2-2025Q4
382,CF-BG2-20251231-0246,2,BG2,12,BG2-CPF,46022,20251231,46007,20251216,46022,20251231,DIST,Dividend,37000,USD,0.904025,33449,2025 Q4,Settled,BG2-2025Q4
383,CF-GI1-20180331-EXP,3,GI1,,,43190,20180331,43175,20180316,43190,20180331,CALL,Fund Expense,-405000,USD,0.972944,-394042,2018 Q1,Settled,GI1-2018Q1
384,CF-GI1-20180331-0247,3,GI1,13,GI1-ASP,43190,20180331,43175,20180316,43190,20180331,CALL,Investment,-63738000,USD,0.972944,-62013505,2018 Q1,Settled,GI1-2018Q1
385,CF-GI1-20180331-FEE,3,GI1,,,43190,20180331,43175,20180316,43190,20180331,CALL,Management Fee,-3375000,USD,0.972944,-3283686,2018 Q1,Settled,GI1-2018Q1
386,CF-GI1-20180630-0248,3,GI1,13,GI1-ASP,43281,20180630,43266,20180615,43281,20180630,CALL,Follow-on Investment,-35853000,USD,0.975357,-34969475,2018 Q2,Settled,GI1-2018Q2
387,CF-GI1-20180630-EXP,3,GI1,,,43281,20180630,43266,20180615,43281,20180630,CALL,Fund Expense,-405000,USD,0.975357,-395020,2018 Q2,Settled,GI1-2018Q2
388,CF-GI1-20180630-FEE,3,GI1,,,43281,20180630,43266,20180615,43281,20180630,CALL,Management Fee,-3375000,USD,0.975357,-3291830,2018 Q2,Settled,GI1-2018Q2
389,CF-GI1-20180930-0249,3,GI1,13,GI1-ASP,43373,20180930,43358,20180915,43373,20180930,CALL,Follow-on Investment,-19918000,USD,0.986895,-19656975,2018 Q3,Settled,GI1-2018Q3
390,CF-GI1-20180930-EXP,3,GI1,,,43373,20180930,43358,20180915,43373,20180930,CALL,Fund Expense,-405000,USD,0.986895,-399692,2018 Q3,Settled,GI1-2018Q3
391,CF-GI1-20180930-FEE,3,GI1,,,43373,20180930,43358,20180915,43373,20180930,CALL,Management Fee,-3375000,USD,0.986895,-3330771,2018 Q3,Settled,GI1-2018Q3
392,CF-GI1-20181231-0250,3,GI1,13,GI1-ASP,43465,20181231,43450,20181216,43465,20181231,CALL,Follow-on Investment,-13279000,USD,0.994446,-13205248,2018 Q4,Settled,GI1-2018Q4
393,CF-GI1-20181231-EXP,3,GI1,,,43465,20181231,43450,20181216,43465,20181231,CALL,Fund Expense,-405000,USD,0.994446,-402751,2018 Q4,Settled,GI1-2018Q4
394,CF-GI1-20181231-0277,3,GI1,14,GI1-HFN,43465,20181231,43450,20181216,43465,20181231,CALL,Investment,-49171000,USD,0.994446,-48897904,2018 Q4,Settled,GI1-2018Q4
395,CF-GI1-20181231-FEE,3,GI1,,,43465,20181231,43450,20181216,43465,20181231,CALL,Management Fee,-3375000,USD,0.994446,-3356255,2018 Q4,Settled,GI1-2018Q4
396,CF-GI1-20190331-0278,3,GI1,14,GI1-HFN,43555,20190331,43540,20190316,43555,20190331,CALL,Follow-on Investment,-27659000,USD,0.98317,-27193499,2019 Q1,Settled,GI1-2019Q1
397,CF-GI1-20190331-EXP,3,GI1,,,43555,20190331,43540,20190316,43555,20190331,CALL,Fund Expense,-405000,USD,0.98317,-398184,2019 Q1,Settled,GI1-2019Q1
398,CF-GI1-20190331-FEE,3,GI1,,,43555,20190331,43540,20190316,43555,20190331,CALL,Management Fee,-3375000,USD,0.98317,-3318199,2019 Q1,Settled,GI1-2019Q1
399,CF-GI1-20190630-0279,3,GI1,14,GI1-HFN,43646,20190630,43631,20190615,43646,20190630,CALL,Follow-on Investment,-15366000,USD,0.97563,-14991531,2019 Q2,Settled,GI1-2019Q2
400,CF-GI1-20190630-EXP,3,GI1,,,43646,20190630,43631,20190615,43646,20190630,CALL,Fund Expense,-405000,USD,0.97563,-395130,2019 Q2,Settled,GI1-2019Q2
401,CF-GI1-20190630-0304,3,GI1,15,GI1-NSS,43646,20190630,43631,20190615,43646,20190630,CALL,Investment,-40945000,USD,0.97563,-39947170,2019 Q2,Settled,GI1-2019Q2
402,CF-GI1-20190630-FEE,3,GI1,,,43646,20190630,43631,20190615,43646,20190630,CALL,Management Fee,-3375000,USD,0.97563,-3292751,2019 Q2,Settled,GI1-2019Q2
403,CF-GI1-20190930-0280,3,GI1,14,GI1-HFN,43738,20190930,43723,20190915,43738,20190930,CALL,Follow-on Investment,-10244000,USD,0.977067,-10009074,2019 Q3,Settled,GI1-2019Q3
404,CF-GI1-20190930-0305,3,GI1,15,GI1-NSS,43738,20190930,43723,20190915,43738,20190930,CALL,Follow-on Investment,-23032000,USD,0.977067,-22503807,2019 Q3,Settled,GI1-2019Q3
405,CF-GI1-20190930-EXP,3,GI1,,,43738,20190930,43723,20190915,43738,20190930,CALL,Fund Expense,-405000,USD,0.977067,-395712,2019 Q3,Settled,GI1-2019Q3
406,CF-GI1-20190930-FEE,3,GI1,,,43738,20190930,43723,20190915,43738,20190930,CALL,Management Fee,-3375000,USD,0.977067,-3297601,2019 Q3,Settled,GI1-2019Q3
407,CF-GI1-20190930-0251,3,GI1,13,GI1-ASP,43738,20190930,43723,20190915,43738,20190930,DIST,Yield Distribution,795000,USD,0.977067,776768,2019 Q3,Settled,GI1-2019Q3
408,CF-GI1-20191231-0306,3,GI1,15,GI1-NSS,43830,20191231,43815,20191216,43830,20191231,CALL,Follow-on Investment,-12795000,USD,0.974465,-12468280,2019 Q4,Settled,GI1-2019Q4
409,CF-GI1-20191231-EXP,3,GI1,,,43830,20191231,43815,20191216,43830,20191231,CALL,Fund Expense,-405000,USD,0.974465,-394658,2019 Q4,Settled,GI1-2019Q4
410,CF-GI1-20191231-FEE,3,GI1,,,43830,20191231,43815,20191216,43830,20191231,CALL,Management Fee,-3375000,USD,0.974465,-3288819,2019 Q4,Settled,GI1-2019Q4
411,CF-GI1-20191231-0252,3,GI1,13,GI1-ASP,43830,20191231,43815,20191216,43830,20191231,DIST,Yield Distribution,802000,USD,0.974465,781521,2019 Q4,Settled,GI1-2019Q4
412,CF-GI1-20200331-0307,3,GI1,15,GI1-NSS,43921,20200331,43906,20200316,43921,20200331,CALL,Follow-on Investment,-8530000,USD,0.948369,-8089588,2020 Q1,Settled,GI1-2020Q1
413,CF-GI1-20200331-EXP,3,GI1,,,43921,20200331,43906,20200316,43921,20200331,CALL,Fund Expense,-405000,USD,0.948369,-384089,2020 Q1,Settled,GI1-2020Q1
414,CF-GI1-20200331-0329,3,GI1,16,GI1-MEC,43921,20200331,43906,20200316,43921,20200331,CALL,Investment,-73464000,USD,0.948369,-69670980,2020 Q1,Settled,GI1-2020Q1
415,CF-GI1-20200331-FEE,3,GI1,,,43921,20200331,43906,20200316,43921,20200331,CALL,Management Fee,-3375000,USD,0.948369,-3200745,2020 Q1,Settled,GI1-2020Q1
416,CF-GI1-20200331-0253,3,GI1,13,GI1-ASP,43921,20200331,43906,20200316,43921,20200331,DIST,Yield Distribution,809000,USD,0.948369,767231,2020 Q1,Settled,GI1-2020Q1
417,CF-GI1-20200630-0330,3,GI1,16,GI1-MEC,44012,20200630,43997,20200615,44012,20200630,CALL,Follow-on Investment,-41323000,USD,0.92619,-38272949,2020 Q2,Settled,GI1-2020Q2
418,CF-GI1-20200630-EXP,3,GI1,,,44012,20200630,43997,20200615,44012,20200630,CALL,Fund Expense,-405000,USD,0.92619,-375107,2020 Q2,Settled,GI1-2020Q2
419,CF-GI1-20200630-FEE,3,GI1,,,44012,20200630,43997,20200615,44012,20200630,CALL,Management Fee,-3375000,USD,0.92619,-3125891,2020 Q2,Settled,GI1-2020Q2
420,CF-GI1-20200630-0254,3,GI1,13,GI1-ASP,44012,20200630,43997,20200615,44012,20200630,DIST,Yield Distribution,816000,USD,0.92619,755771,2020 Q2,Settled,GI1-2020Q2
421,CF-GI1-20200630-0281,3,GI1,14,GI1-HFN,44012,20200630,43997,20200615,44012,20200630,DIST,Yield Distribution,637000,USD,0.92619,589983,2020 Q2,Settled,GI1-2020Q2
422,CF-GI1-20200930-0331,3,GI1,16,GI1-MEC,44104,20200930,44089,20200915,44104,20200930,CALL,Follow-on Investment,-22957000,USD,0.91224,-20942294,2020 Q3,Settled,GI1-2020Q3
423,CF-GI1-20200930-EXP,3,GI1,,,44104,20200930,44089,20200915,44104,20200930,CALL,Fund Expense,-405000,USD,0.91224,-369457,2020 Q3,Settled,GI1-2020Q3
424,CF-GI1-20200930-0351,3,GI1,17,GI1-CDH,44104,20200930,44089,20200915,44104,20200930,CALL,Investment,-98842000,USD,0.91224,-90167626,2020 Q3,Settled,GI1-2020Q3
425,CF-GI1-20200930-FEE,3,GI1,,,44104,20200930,44089,20200915,44104,20200930,CALL,Management Fee,-3375000,USD,0.91224,-3078810,2020 Q3,Settled,GI1-2020Q3
426,CF-GI1-20200930-0255,3,GI1,13,GI1-ASP,44104,20200930,44089,20200915,44104,20200930,DIST,Yield Distribution,823000,USD,0.91224,750774,2020 Q3,Settled,GI1-2020Q3
427,CF-GI1-20200930-0282,3,GI1,14,GI1-HFN,44104,20200930,44089,20200915,44104,20200930,DIST,Yield Distribution,644000,USD,0.91224,587483,2020 Q3,Settled,GI1-2020Q3
428,CF-GI1-20201231-0332,3,GI1,16,GI1-MEC,44196,20201231,44181,20201216,44196,20201231,CALL,Follow-on Investment,-15305000,USD,0.894233,-13686236,2020 Q4,Settled,GI1-2020Q4
429,CF-GI1-20201231-0352,3,GI1,17,GI1-CDH,44196,20201231,44181,20201216,44196,20201231,CALL,Follow-on Investment,-55599000,USD,0.894233,-49718461,2020 Q4,Settled,GI1-2020Q4
430,CF-GI1-20201231-EXP,3,GI1,,,44196,20201231,44181,20201216,44196,20201231,CALL,Fund Expense,-405000,USD,0.894233,-362164,2020 Q4,Settled,GI1-2020Q4
431,CF-GI1-20201231-FEE,3,GI1,,,44196,20201231,44181,20201216,44196,20201231,CALL,Management Fee,-3375000,USD,0.894233,-3018036,2020 Q4,Settled,GI1-2020Q4
432,CF-GI1-20201231-0256,3,GI1,13,GI1-ASP,44196,20201231,44181,20201216,44196,20201231,DIST,Yield Distribution,831000,USD,0.894233,743108,2020 Q4,Settled,GI1-2020Q4
433,CF-GI1-20201231-0283,3,GI1,14,GI1-HFN,44196,20201231,44181,20201216,44196,20201231,DIST,Yield Distribution,650000,USD,0.894233,581251,2020 Q4,Settled,GI1-2020Q4
434,CF-GI1-20201231-0308,3,GI1,15,GI1-NSS,44196,20201231,44181,20201216,44196,20201231,DIST,Yield Distribution,490000,USD,0.894233,438174,2020 Q4,Settled,GI1-2020Q4
435,CF-GI1-20210331-0353,3,GI1,17,GI1-CDH,44286,20210331,44271,20210316,44286,20210331,CALL,Follow-on Investment,-30888000,USD,0.895466,-27659154,2021 Q1,Settled,GI1-2021Q1
436,CF-GI1-20210331-EXP,3,GI1,,,44286,20210331,44271,20210316,44286,20210331,CALL,Fund Expense,-405000,USD,0.895466,-362664,2021 Q1,Settled,GI1-2021Q1
437,CF-GI1-20210331-FEE,3,GI1,,,44286,20210331,44271,20210316,44286,20210331,CALL,Management Fee,-3375000,USD,0.895466,-3022198,2021 Q1,Settled,GI1-2021Q1
438,CF-GI1-20210331-0257,3,GI1,13,GI1-ASP,44286,20210331,44271,20210316,44286,20210331,DIST,Yield Distribution,838000,USD,0.895466,750401,2021 Q1,Settled,GI1-2021Q1
439,CF-GI1-20210331-0284,3,GI1,14,GI1-HFN,44286,20210331,44271,20210316,44286,20210331,DIST,Yield Distribution,657000,USD,0.895466,588321,2021 Q1,Settled,GI1-2021Q1
440,CF-GI1-20210331-0309,3,GI1,15,GI1-NSS,44286,20210331,44271,20210316,44286,20210331,DIST,Yield Distribution,495000,USD,0.895466,443256,2021 Q1,Settled,GI1-2021Q1
441,CF-GI1-20210630-0354,3,GI1,17,GI1-CDH,44377,20210630,44362,20210615,44377,20210630,CALL,Follow-on Investment,-20592000,USD,0.900665,-18546494,2021 Q2,Settled,GI1-2021Q2
442,CF-GI1-20210630-EXP,3,GI1,,,44377,20210630,44362,20210615,44377,20210630,CALL,Fund Expense,-405000,USD,0.900665,-364769,2021 Q2,Settled,GI1-2021Q2
443,CF-GI1-20210630-FEE,3,GI1,,,44377,20210630,44362,20210615,44377,20210630,CALL,Management Fee,-3375000,USD,0.900665,-3039744,2021 Q2,Settled,GI1-2021Q2
444,CF-GI1-20210630-0258,3,GI1,13,GI1-ASP,44377,20210630,44362,20210615,44377,20210630,DIST,Yield Distribution,845000,USD,0.900665,761062,2021 Q2,Settled,GI1-2021Q2
445,CF-GI1-20210630-0285,3,GI1,14,GI1-HFN,44377,20210630,44362,20210615,44377,20210630,DIST,Yield Distribution,663000,USD,0.900665,597141,2021 Q2,Settled,GI1-2021Q2
446,CF-GI1-20210630-0310,3,GI1,15,GI1-NSS,44377,20210630,44362,20210615,44377,20210630,DIST,Yield Distribution,501000,USD,0.900665,451233,2021 Q2,Settled,GI1-2021Q2
447,CF-GI1-20210930-EXP,3,GI1,,,44469,20210930,44454,20210915,44469,20210930,CALL,Fund Expense,-405000,USD,0.914272,-370280,2021 Q3,Settled,GI1-2021Q3
448,CF-GI1-20210930-FEE,3,GI1,,,44469,20210930,44454,20210915,44469,20210930,CALL,Management Fee,-3375000,USD,0.914272,-3085668,2021 Q3,Settled,GI1-2021Q3
449,CF-GI1-20210930-0259,3,GI1,13,GI1-ASP,44469,20210930,44454,20210915,44469,20210930,DIST,Yield Distribution,852000,USD,0.914272,778960,2021 Q3,Settled,GI1-2021Q3
450,CF-GI1-20210930-0286,3,GI1,14,GI1-HFN,44469,20210930,44454,20210915,44469,20210930,DIST,Yield Distribution,670000,USD,0.914272,612562,2021 Q3,Settled,GI1-2021Q3
451,CF-GI1-20210930-0311,3,GI1,15,GI1-NSS,44469,20210930,44454,20210915,44469,20210930,DIST,Yield Distribution,506000,USD,0.914272,462622,2021 Q3,Settled,GI1-2021Q3
452,CF-GI1-20210930-0333,3,GI1,16,GI1-MEC,44469,20210930,44454,20210915,44469,20210930,DIST,Yield Distribution,1087000,USD,0.914272,993814,2021 Q3,Settled,GI1-2021Q3
453,CF-GI1-20211231-EXP,3,GI1,,,44561,20211231,44546,20211216,44561,20211231,CALL,Fund Expense,-405000,USD,0.924067,-374247,2021 Q4,Settled,GI1-2021Q4
454,CF-GI1-20211231-FEE,3,GI1,,,44561,20211231,44546,20211216,44561,20211231,CALL,Management Fee,-3375000,USD,0.924067,-3118726,2021 Q4,Settled,GI1-2021Q4
455,CF-GI1-20211231-0260,3,GI1,13,GI1-ASP,44561,20211231,44546,20211216,44561,20211231,DIST,Yield Distribution,859000,USD,0.924067,793774,2021 Q4,Settled,GI1-2021Q4
456,CF-GI1-20211231-0287,3,GI1,14,GI1-HFN,44561,20211231,44546,20211216,44561,20211231,DIST,Yield Distribution,676000,USD,0.924067,624669,2021 Q4,Settled,GI1-2021Q4
457,CF-GI1-20211231-0312,3,GI1,15,GI1-NSS,44561,20211231,44546,20211216,44561,20211231,DIST,Yield Distribution,512000,USD,0.924067,473122,2021 Q4,Settled,GI1-2021Q4
458,CF-GI1-20211231-0334,3,GI1,16,GI1-MEC,44561,20211231,44546,20211216,44561,20211231,DIST,Yield Distribution,1101000,USD,0.924067,1017398,2021 Q4,Settled,GI1-2021Q4
459,CF-GI1-20220331-EXP,3,GI1,,,44651,20220331,44636,20220316,44651,20220331,CALL,Fund Expense,-405000,USD,0.920537,-372817,2022 Q1,Settled,GI1-2022Q1
460,CF-GI1-20220331-FEE,3,GI1,,,44651,20220331,44636,20220316,44651,20220331,CALL,Management Fee,-3375000,USD,0.920537,-3106812,2022 Q1,Settled,GI1-2022Q1
461,CF-GI1-20220331-0261,3,GI1,13,GI1-ASP,44651,20220331,44636,20220316,44651,20220331,DIST,Yield Distribution,866000,USD,0.920537,797185,2022 Q1,Settled,GI1-2022Q1
462,CF-GI1-20220331-0288,3,GI1,14,GI1-HFN,44651,20220331,44636,20220316,44651,20220331,DIST,Yield Distribution,682000,USD,0.920537,627806,2022 Q1,Settled,GI1-2022Q1
463,CF-GI1-20220331-0313,3,GI1,15,GI1-NSS,44651,20220331,44636,20220316,44651,20220331,DIST,Yield Distribution,517000,USD,0.920537,475918,2022 Q1,Settled,GI1-2022Q1
464,CF-GI1-20220331-0335,3,GI1,16,GI1-MEC,44651,20220331,44636,20220316,44651,20220331,DIST,Yield Distribution,1115000,USD,0.920537,1026399,2022 Q1,Settled,GI1-2022Q1
465,CF-GI1-20220331-0355,3,GI1,17,GI1-CDH,44651,20220331,44636,20220316,44651,20220331,DIST,Yield Distribution,1158000,USD,0.920537,1065982,2022 Q1,Settled,GI1-2022Q1
466,CF-GI1-20220630-EXP,3,GI1,,,44742,20220630,44727,20220615,44742,20220630,CALL,Fund Expense,-405000,USD,0.92071,-372888,2022 Q2,Settled,GI1-2022Q2
467,CF-GI1-20220630-FEE,3,GI1,,,44742,20220630,44727,20220615,44742,20220630,CALL,Management Fee,-3375000,USD,0.92071,-3107396,2022 Q2,Settled,GI1-2022Q2
468,CF-GI1-20220630-0262,3,GI1,13,GI1-ASP,44742,20220630,44727,20220615,44742,20220630,DIST,Yield Distribution,873000,USD,0.92071,803780,2022 Q2,Settled,GI1-2022Q2
469,CF-GI1-20220630-0289,3,GI1,14,GI1-HFN,44742,20220630,44727,20220615,44742,20220630,DIST,Yield Distribution,689000,USD,0.92071,634369,2022 Q2,Settled,GI1-2022Q2
470,CF-GI1-20220630-0314,3,GI1,15,GI1-NSS,44742,20220630,44727,20220615,44742,20220630,DIST,Yield Distribution,523000,USD,0.92071,481531,2022 Q2,Settled,GI1-2022Q2
471,CF-GI1-20220630-0336,3,GI1,16,GI1-MEC,44742,20220630,44727,20220615,44742,20220630,DIST,Yield Distribution,1129000,USD,0.92071,1039482,2022 Q2,Settled,GI1-2022Q2
472,CF-GI1-20220630-0356,3,GI1,17,GI1-CDH,44742,20220630,44727,20220615,44742,20220630,DIST,Yield Distribution,1175000,USD,0.92071,1081834,2022 Q2,Settled,GI1-2022Q2
473,CF-GI1-20220930-EXP,3,GI1,,,44834,20220930,44819,20220915,44834,20220930,CALL,Fund Expense,-405000,USD,0.9294,-376407,2022 Q3,Settled,GI1-2022Q3
474,CF-GI1-20220930-FEE,3,GI1,,,44834,20220930,44819,20220915,44834,20220930,CALL,Management Fee,-3375000,USD,0.9294,-3136725,2022 Q3,Settled,GI1-2022Q3
475,CF-GI1-20220930-0263,3,GI1,13,GI1-ASP,44834,20220930,44819,20220915,44834,20220930,DIST,Yield Distribution,880000,USD,0.9294,817872,2022 Q3,Settled,GI1-2022Q3
476,CF-GI1-20220930-0290,3,GI1,14,GI1-HFN,44834,20220930,44819,20220915,44834,20220930,DIST,Yield Distribution,695000,USD,0.9294,645933,2022 Q3,Settled,GI1-2022Q3
477,CF-GI1-20220930-0315,3,GI1,15,GI1-NSS,44834,20220930,44819,20220915,44834,20220930,DIST,Yield Distribution,528000,USD,0.9294,490723,2022 Q3,Settled,GI1-2022Q3
478,CF-GI1-20220930-0337,3,GI1,16,GI1-MEC,44834,20220930,44819,20220915,44834,20220930,DIST,Yield Distribution,1143000,USD,0.9294,1062304,2022 Q3,Settled,GI1-2022Q3
479,CF-GI1-20220930-0357,3,GI1,17,GI1-CDH,44834,20220930,44819,20220915,44834,20220930,DIST,Yield Distribution,1193000,USD,0.9294,1108774,2022 Q3,Settled,GI1-2022Q3
480,CF-GI1-20221231-EXP,3,GI1,,,44926,20221231,44911,20221216,44926,20221231,CALL,Fund Expense,-405000,USD,0.934167,-378338,2022 Q4,Settled,GI1-2022Q4
481,CF-GI1-20221231-FEE,3,GI1,,,44926,20221231,44911,20221216,44926,20221231,CALL,Management Fee,-3375000,USD,0.934167,-3152814,2022 Q4,Settled,GI1-2022Q4
482,CF-GI1-20221231-0264,3,GI1,13,GI1-ASP,44926,20221231,44911,20221216,44926,20221231,DIST,Yield Distribution,887000,USD,0.934167,828606,2022 Q4,Settled,GI1-2022Q4
483,CF-GI1-20221231-0291,3,GI1,14,GI1-HFN,44926,20221231,44911,20221216,44926,20221231,DIST,Yield Distribution,702000,USD,0.934167,655785,2022 Q4,Settled,GI1-2022Q4
484,CF-GI1-20221231-0316,3,GI1,15,GI1-NSS,44926,20221231,44911,20221216,44926,20221231,DIST,Yield Distribution,533000,USD,0.934167,497911,2022 Q4,Settled,GI1-2022Q4
485,CF-GI1-20221231-0338,3,GI1,16,GI1-MEC,44926,20221231,44911,20221216,44926,20221231,DIST,Yield Distribution,1158000,USD,0.934167,1081765,2022 Q4,Settled,GI1-2022Q4
486,CF-GI1-20221231-0358,3,GI1,17,GI1-CDH,44926,20221231,44911,20221216,44926,20221231,DIST,Yield Distribution,1210000,USD,0.934167,1130342,2022 Q4,Settled,GI1-2022Q4
487,CF-GI1-20230331-EXP,3,GI1,,,45016,20230331,45001,20230316,45016,20230331,CALL,Fund Expense,-405000,USD,0.91105,-368975,2023 Q1,Settled,GI1-2023Q1
488,CF-GI1-20230331-FEE,3,GI1,,,45016,20230331,45001,20230316,45016,20230331,CALL,Management Fee,-1665000,USD,0.91105,-1516898,2023 Q1,Settled,GI1-2023Q1
489,CF-GI1-20230331-0265,3,GI1,13,GI1-ASP,45016,20230331,45001,20230316,45016,20230331,DIST,Yield Distribution,894000,USD,0.91105,814479,2023 Q1,Settled,GI1-2023Q1
490,CF-GI1-20230331-0292,3,GI1,14,GI1-HFN,45016,20230331,45001,20230316,45016,20230331,DIST,Yield Distribution,708000,USD,0.91105,645023,2023 Q1,Settled,GI1-2023Q1
491,CF-GI1-20230331-0317,3,GI1,15,GI1-NSS,45016,20230331,45001,20230316,45016,20230331,DIST,Yield Distribution,539000,USD,0.91105,491056,2023 Q1,Settled,GI1-2023Q1
492,CF-GI1-20230331-0339,3,GI1,16,GI1-MEC,45016,20230331,45001,20230316,45016,20230331,DIST,Yield Distribution,1172000,USD,0.91105,1067751,2023 Q1,Settled,GI1-2023Q1
493,CF-GI1-20230331-0359,3,GI1,17,GI1-CDH,45016,20230331,45001,20230316,45016,20230331,DIST,Yield Distribution,1227000,USD,0.91105,1117858,2023 Q1,Settled,GI1-2023Q1
494,CF-GI1-20230630-EXP,3,GI1,,,45107,20230630,45092,20230615,45107,20230630,CALL,Fund Expense,-405000,USD,0.891392,-361014,2023 Q2,Settled,GI1-2023Q2
495,CF-GI1-20230630-FEE,3,GI1,,,45107,20230630,45092,20230615,45107,20230630,CALL,Management Fee,-1575000,USD,0.891392,-1403942,2023 Q2,Settled,GI1-2023Q2
496,CF-GI1-20230630-0266,3,GI1,13,GI1-ASP,45107,20230630,45092,20230615,45107,20230630,DIST,Yield Distribution,901000,USD,0.891392,803144,2023 Q2,Settled,GI1-2023Q2
497,CF-GI1-20230630-0293,3,GI1,14,GI1-HFN,45107,20230630,45092,20230615,45107,20230630,DIST,Yield Distribution,715000,USD,0.891392,637345,2023 Q2,Settled,GI1-2023Q2
498,CF-GI1-20230630-0318,3,GI1,15,GI1-NSS,45107,20230630,45092,20230615,45107,20230630,DIST,Yield Distribution,544000,USD,0.891392,484917,2023 Q2,Settled,GI1-2023Q2
499,CF-GI1-20230630-0340,3,GI1,16,GI1-MEC,45107,20230630,45092,20230615,45107,20230630,DIST,Yield Distribution,1186000,USD,0.891392,1057191,2023 Q2,Settled,GI1-2023Q2
500,CF-GI1-20230630-0360,3,GI1,17,GI1-CDH,45107,20230630,45092,20230615,45107,20230630,DIST,Yield Distribution,1244000,USD,0.891392,1108892,2023 Q2,Settled,GI1-2023Q2
501,CF-GI1-20230930-EXP,3,GI1,,,45199,20230930,45184,20230915,45199,20230930,CALL,Fund Expense,-405000,USD,0.879679,-356270,2023 Q3,Settled,GI1-2023Q3
502,CF-GI1-20230930-FEE,3,GI1,,,45199,20230930,45184,20230915,45199,20230930,CALL,Management Fee,-1485000,USD,0.879679,-1306323,2023 Q3,Settled,GI1-2023Q3
503,CF-GI1-20230930-0267,3,GI1,13,GI1-ASP,45199,20230930,45184,20230915,45199,20230930,DIST,Yield Distribution,908000,USD,0.879679,798749,2023 Q3,Settled,GI1-2023Q3
504,CF-GI1-20230930-0294,3,GI1,14,GI1-HFN,45199,20230930,45184,20230915,45199,20230930,DIST,Yield Distribution,721000,USD,0.879679,634249,2023 Q3,Settled,GI1-2023Q3
505,CF-GI1-20230930-0319,3,GI1,15,GI1-NSS,45199,20230930,45184,20230915,45199,20230930,DIST,Yield Distribution,550000,USD,0.879679,483823,2023 Q3,Settled,GI1-2023Q3
506,CF-GI1-20230930-0341,3,GI1,16,GI1-MEC,45199,20230930,45184,20230915,45199,20230930,DIST,Yield Distribution,1200000,USD,0.879679,1055615,2023 Q3,Settled,GI1-2023Q3
507,CF-GI1-20230930-0361,3,GI1,17,GI1-CDH,45199,20230930,45184,20230915,45199,20230930,DIST,Yield Distribution,1261000,USD,0.879679,1109275,2023 Q3,Settled,GI1-2023Q3
508,CF-GI1-20231231-EXP,3,GI1,,,45291,20231231,45276,20231216,45291,20231231,CALL,Fund Expense,-405000,USD,0.864071,-349949,2023 Q4,Settled,GI1-2023Q4
509,CF-GI1-20231231-FEE,3,GI1,,,45291,20231231,45276,20231216,45291,20231231,CALL,Management Fee,-1395000,USD,0.864071,-1205379,2023 Q4,Settled,GI1-2023Q4
510,CF-GI1-20231231-0268,3,GI1,13,GI1-ASP,45291,20231231,45276,20231216,45291,20231231,DIST,Yield Distribution,915000,USD,0.864071,790625,2023 Q4,Settled,GI1-2023Q4
511,CF-GI1-20231231-0295,3,GI1,14,GI1-HFN,45291,20231231,45276,20231216,45291,20231231,DIST,Yield Distribution,727000,USD,0.864071,628180,2023 Q4,Settled,GI1-2023Q4
512,CF-GI1-20231231-0320,3,GI1,15,GI1-NSS,45291,20231231,45276,20231216,45291,20231231,DIST,Yield Distribution,555000,USD,0.864071,479559,2023 Q4,Settled,GI1-2023Q4
513,CF-GI1-20231231-0342,3,GI1,16,GI1-MEC,45291,20231231,45276,20231216,45291,20231231,DIST,Yield Distribution,1214000,USD,0.864071,1048982,2023 Q4,Settled,GI1-2023Q4
514,CF-GI1-20231231-0362,3,GI1,17,GI1-CDH,45291,20231231,45276,20231216,45291,20231231,DIST,Yield Distribution,1278000,USD,0.864071,1104283,2023 Q4,Settled,GI1-2023Q4
515,CF-GI1-20240331-EXP,3,GI1,,,45382,20240331,45367,20240316,45382,20240331,CALL,Fund Expense,-405000,USD,0.863068,-349543,2024 Q1,Settled,GI1-2024Q1
516,CF-GI1-20240331-FEE,3,GI1,,,45382,20240331,45367,20240316,45382,20240331,CALL,Management Fee,-1305000,USD,0.863068,-1126304,2024 Q1,Settled,GI1-2024Q1
517,CF-GI1-20240331-0296,3,GI1,14,GI1-HFN,45382,20240331,45367,20240316,45382,20240331,DIST,Partial Exit,8054000,USD,0.863068,6951150,2024 Q1,Settled,GI1-2024Q1
518,CF-GI1-20240331-0321,3,GI1,15,GI1-NSS,45382,20240331,45367,20240316,45382,20240331,DIST,Partial Exit,4915000,USD,0.863068,4241979,2024 Q1,Settled,GI1-2024Q1
519,CF-GI1-20240331-0343,3,GI1,16,GI1-MEC,45382,20240331,45367,20240316,45382,20240331,DIST,Partial Exit,5263000,USD,0.863068,4542327,2024 Q1,Settled,GI1-2024Q1
520,CF-GI1-20240331-0269,3,GI1,13,GI1-ASP,45382,20240331,45367,20240316,45382,20240331,DIST,Yield Distribution,922000,USD,0.863068,795749,2024 Q1,Settled,GI1-2024Q1
521,CF-GI1-20240331-0363,3,GI1,17,GI1-CDH,45382,20240331,45367,20240316,45382,20240331,DIST,Yield Distribution,1296000,USD,0.863068,1118536,2024 Q1,Settled,GI1-2024Q1
522,CF-GI1-20240630-EXP,3,GI1,,,45473,20240630,45458,20240615,45473,20240630,CALL,Fund Expense,-405000,USD,0.865951,-350710,2024 Q2,Settled,GI1-2024Q2
523,CF-GI1-20240630-FEE,3,GI1,,,45473,20240630,45458,20240615,45473,20240630,CALL,Management Fee,-1215000,USD,0.865951,-1052130,2024 Q2,Settled,GI1-2024Q2
524,CF-GI1-20240630-0270,3,GI1,13,GI1-ASP,45473,20240630,45458,20240615,45473,20240630,DIST,Yield Distribution,929000,USD,0.865951,804468,2024 Q2,Settled,GI1-2024Q2
525,CF-GI1-20240630-0297,3,GI1,14,GI1-HFN,45473,20240630,45458,20240615,45473,20240630,DIST,Yield Distribution,740000,USD,0.865951,640804,2024 Q2,Settled,GI1-2024Q2
526,CF-GI1-20240630-0322,3,GI1,15,GI1-NSS,45473,20240630,45458,20240615,45473,20240630,DIST,Yield Distribution,566000,USD,0.865951,490128,2024 Q2,Settled,GI1-2024Q2
527,CF-GI1-20240630-0344,3,GI1,16,GI1-MEC,45473,20240630,45458,20240615,45473,20240630,DIST,Yield Distribution,1243000,USD,0.865951,1076377,2024 Q2,Settled,GI1-2024Q2
528,CF-GI1-20240630-0364,3,GI1,17,GI1-CDH,45473,20240630,45458,20240615,45473,20240630,DIST,Yield Distribution,1313000,USD,0.865951,1136994,2024 Q2,Settled,GI1-2024Q2
529,CF-GI1-20240930-EXP,3,GI1,,,45565,20240930,45550,20240915,45565,20240930,CALL,Fund Expense,-405000,USD,0.876824,-355114,2024 Q3,Settled,GI1-2024Q3
530,CF-GI1-20240930-FEE,3,GI1,,,45565,20240930,45550,20240915,45565,20240930,CALL,Management Fee,-1125000,USD,0.876824,-986427,2024 Q3,Settled,GI1-2024Q3
531,CF-GI1-20240930-0271,3,GI1,13,GI1-ASP,45565,20240930,45550,20240915,45565,20240930,DIST,Yield Distribution,937000,USD,0.876824,821584,2024 Q3,Settled,GI1-2024Q3
532,CF-GI1-20240930-0298,3,GI1,14,GI1-HFN,45565,20240930,45550,20240915,45565,20240930,DIST,Yield Distribution,747000,USD,0.876824,654988,2024 Q3,Settled,GI1-2024Q3
533,CF-GI1-20240930-0323,3,GI1,15,GI1-NSS,45565,20240930,45550,20240915,45565,20240930,DIST,Yield Distribution,572000,USD,0.876824,501543,2024 Q3,Settled,GI1-2024Q3
534,CF-GI1-20240930-0345,3,GI1,16,GI1-MEC,45565,20240930,45550,20240915,45565,20240930,DIST,Yield Distribution,1257000,USD,0.876824,1102168,2024 Q3,Settled,GI1-2024Q3
535,CF-GI1-20240930-0365,3,GI1,17,GI1-CDH,45565,20240930,45550,20240915,45565,20240930,DIST,Yield Distribution,1330000,USD,0.876824,1166176,2024 Q3,Settled,GI1-2024Q3
536,CF-GI1-20241231-EXP,3,GI1,,,45657,20241231,45642,20241216,45657,20241231,CALL,Fund Expense,-405000,USD,0.883881,-357972,2024 Q4,Settled,GI1-2024Q4
537,CF-GI1-20241231-FEE,3,GI1,,,45657,20241231,45642,20241216,45657,20241231,CALL,Management Fee,-1035000,USD,0.883881,-914817,2024 Q4,Settled,GI1-2024Q4
538,CF-GI1-20241231-0272,3,GI1,13,GI1-ASP,45657,20241231,45642,20241216,45657,20241231,DIST,Yield Distribution,944000,USD,0.883881,834384,2024 Q4,Settled,GI1-2024Q4
539,CF-GI1-20241231-0299,3,GI1,14,GI1-HFN,45657,20241231,45642,20241216,45657,20241231,DIST,Yield Distribution,753000,USD,0.883881,665562,2024 Q4,Settled,GI1-2024Q4
540,CF-GI1-20241231-0324,3,GI1,15,GI1-NSS,45657,20241231,45642,20241216,45657,20241231,DIST,Yield Distribution,577000,USD,0.883881,509999,2024 Q4,Settled,GI1-2024Q4
541,CF-GI1-20241231-0346,3,GI1,16,GI1-MEC,45657,20241231,45642,20241216,45657,20241231,DIST,Yield Distribution,1271000,USD,0.883881,1123413,2024 Q4,Settled,GI1-2024Q4
542,CF-GI1-20241231-0366,3,GI1,17,GI1-CDH,45657,20241231,45642,20241216,45657,20241231,DIST,Yield Distribution,1347000,USD,0.883881,1190588,2024 Q4,Settled,GI1-2024Q4
543,CF-GI1-20250331-EXP,3,GI1,,,45747,20250331,45732,20250316,45747,20250331,CALL,Fund Expense,-405000,USD,0.882997,-357614,2025 Q1,Settled,GI1-2025Q1
544,CF-GI1-20250331-FEE,3,GI1,,,45747,20250331,45732,20250316,45747,20250331,CALL,Management Fee,-945000,USD,0.882997,-834432,2025 Q1,Settled,GI1-2025Q1
545,CF-GI1-20250331-0273,3,GI1,13,GI1-ASP,45747,20250331,45732,20250316,45747,20250331,DIST,Yield Distribution,951000,USD,0.882997,839730,2025 Q1,Settled,GI1-2025Q1
546,CF-GI1-20250331-0300,3,GI1,14,GI1-HFN,45747,20250331,45732,20250316,45747,20250331,DIST,Yield Distribution,760000,USD,0.882997,671078,2025 Q1,Settled,GI1-2025Q1
547,CF-GI1-20250331-0325,3,GI1,15,GI1-NSS,45747,20250331,45732,20250316,45747,20250331,DIST,Yield Distribution,582000,USD,0.882997,513904,2025 Q1,Settled,GI1-2025Q1
548,CF-GI1-20250331-0347,3,GI1,16,GI1-MEC,45747,20250331,45732,20250316,45747,20250331,DIST,Yield Distribution,1286000,USD,0.882997,1135534,2025 Q1,Settled,GI1-2025Q1
549,CF-GI1-20250331-0367,3,GI1,17,GI1-CDH,45747,20250331,45732,20250316,45747,20250331,DIST,Yield Distribution,1364000,USD,0.882997,1204408,2025 Q1,Settled,GI1-2025Q1
550,CF-GI1-20250630-EXP,3,GI1,,,45838,20250630,45823,20250615,45838,20250630,CALL,Fund Expense,-405000,USD,0.88586,-358773,2025 Q2,Settled,GI1-2025Q2
551,CF-GI1-20250630-FEE,3,GI1,,,45838,20250630,45823,20250615,45838,20250630,CALL,Management Fee,-855000,USD,0.88586,-757410,2025 Q2,Settled,GI1-2025Q2
552,CF-GI1-20250630-0274,3,GI1,13,GI1-ASP,45838,20250630,45823,20250615,45838,20250630,DIST,Partial Exit,15214000,USD,0.88586,13477474,2025 Q2,Settled,GI1-2025Q2
553,CF-GI1-20250630-0301,3,GI1,14,GI1-HFN,45838,20250630,45823,20250615,45838,20250630,DIST,Yield Distribution,766000,USD,0.88586,678569,2025 Q2,Settled,GI1-2025Q2
554,CF-GI1-20250630-0326,3,GI1,15,GI1-NSS,45838,20250630,45823,20250615,45838,20250630,DIST,Yield Distribution,588000,USD,0.88586,520886,2025 Q2,Settled,GI1-2025Q2
555,CF-GI1-20250630-0348,3,GI1,16,GI1-MEC,45838,20250630,45823,20250615,45838,20250630,DIST,Yield Distribution,1300000,USD,0.88586,1151618,2025 Q2,Settled,GI1-2025Q2
556,CF-GI1-20250630-0368,3,GI1,17,GI1-CDH,45838,20250630,45823,20250615,45838,20250630,DIST,Yield Distribution,1381000,USD,0.88586,1223373,2025 Q2,Settled,GI1-2025Q2
557,CF-GI1-20250930-EXP,3,GI1,,,45930,20250930,45915,20250915,45930,20250930,CALL,Fund Expense,-405000,USD,0.896894,-363242,2025 Q3,Settled,GI1-2025Q3
558,CF-GI1-20250930-FEE,3,GI1,,,45930,20250930,45915,20250915,45930,20250930,CALL,Management Fee,-765000,USD,0.896894,-686124,2025 Q3,Settled,GI1-2025Q3
559,CF-GI1-20250930-0302,3,GI1,14,GI1-HFN,45930,20250930,45915,20250915,45930,20250930,DIST,Partial Exit,11753000,USD,0.896894,10541195,2025 Q3,Settled,GI1-2025Q3
560,CF-GI1-20250930-0327,3,GI1,15,GI1-NSS,45930,20250930,45915,20250915,45930,20250930,DIST,Partial Exit,7124000,USD,0.896894,6389473,2025 Q3,Settled,GI1-2025Q3
561,CF-GI1-20250930-0349,3,GI1,16,GI1-MEC,45930,20250930,45915,20250915,45930,20250930,DIST,Partial Exit,7365000,USD,0.896894,6605624,2025 Q3,Settled,GI1-2025Q3
562,CF-GI1-20250930-0275,3,GI1,13,GI1-ASP,45930,20250930,45915,20250915,45930,20250930,DIST,Yield Distribution,965000,USD,0.896894,865503,2025 Q3,Settled,GI1-2025Q3
563,CF-GI1-20250930-0369,3,GI1,17,GI1-CDH,45930,20250930,45915,20250915,45930,20250930,DIST,Yield Distribution,1399000,USD,0.896894,1254755,2025 Q3,Settled,GI1-2025Q3
564,CF-GI1-20251231-EXP,3,GI1,,,46022,20251231,46007,20251216,46022,20251231,CALL,Fund Expense,-405000,USD,0.904025,-366130,2025 Q4,Settled,GI1-2025Q4
565,CF-GI1-20251231-FEE,3,GI1,,,46022,20251231,46007,20251216,46022,20251231,CALL,Management Fee,-675000,USD,0.904025,-610217,2025 Q4,Settled,GI1-2025Q4
566,CF-GI1-20251231-0276,3,GI1,13,GI1-ASP,46022,20251231,46007,20251216,46022,20251231,DIST,Exit,43741000,USD,0.904025,39542958,2025 Q4,Settled,GI1-2025Q4
567,CF-GI1-20251231-0303,3,GI1,14,GI1-HFN,46022,20251231,46007,20251216,46022,20251231,DIST,Yield Distribution,779000,USD,0.904025,704235,2025 Q4,Settled,GI1-2025Q4
568,CF-GI1-20251231-0328,3,GI1,15,GI1-NSS,46022,20251231,46007,20251216,46022,20251231,DIST,Yield Distribution,599000,USD,0.904025,541511,2025 Q4,Settled,GI1-2025Q4
569,CF-GI1-20251231-0350,3,GI1,16,GI1-MEC,46022,20251231,46007,20251216,46022,20251231,DIST,Yield Distribution,1328000,USD,0.904025,1200545,2025 Q4,Settled,GI1-2025Q4
570,CF-GI1-20251231-0370,3,GI1,17,GI1-CDH,46022,20251231,46007,20251216,46022,20251231,DIST,Yield Distribution,1416000,USD,0.904025,1280099,2025 Q4,Settled,GI1-2025Q4
571,CF-DDL1-20200331-EXP,4,DDL1,,,43921,20200331,43906,20200316,43921,20200331,CALL,Fund Expense,-225000,EUR,1.090499,-245362,2020 Q1,Settled,DDL1-2020Q1
572,CF-DDL1-20200331-0371,4,DDL1,18,DDL1-ATLN,43921,20200331,43906,20200316,43921,20200331,CALL,Investment,-34838000,EUR,1.090499,-37990804,2020 Q1,Settled,DDL1-2020Q1
573,CF-DDL1-20200331-FEE,4,DDL1,,,43921,20200331,43906,20200316,43921,20200331,CALL,Management Fee,-2250000,EUR,1.090499,-2453623,2020 Q1,Settled,DDL1-2020Q1
574,CF-DDL1-20200630-0372,4,DDL1,18,DDL1-ATLN,44012,20200630,43997,20200615,44012,20200630,CALL,Follow-on Investment,-9826000,EUR,1.080515,-10617140,2020 Q2,Settled,DDL1-2020Q2
575,CF-DDL1-20200630-EXP,4,DDL1,,,44012,20200630,43997,20200615,44012,20200630,CALL,Fund Expense,-225000,EUR,1.080515,-243116,2020 Q2,Settled,DDL1-2020Q2
576,CF-DDL1-20200630-0387,4,DDL1,19,DDL1-BFLN,44012,20200630,43997,20200615,44012,20200630,CALL,Investment,-33716000,EUR,1.080515,-36430644,2020 Q2,Settled,DDL1-2020Q2
577,CF-DDL1-20200630-FEE,4,DDL1,,,44012,20200630,43997,20200615,44012,20200630,CALL,Management Fee,-2250000,EUR,1.080515,-2431159,2020 Q2,Settled,DDL1-2020Q2
578,CF-DDL1-20200630-0373,4,DDL1,18,DDL1-ATLN,44012,20200630,43997,20200615,44012,20200630,DIST,Coupon,448000,EUR,1.080515,484071,2020 Q2,Settled,DDL1-2020Q2
579,CF-DDL1-20200930-0388,4,DDL1,19,DDL1-BFLN,44104,20200930,44089,20200915,44104,20200930,CALL,Follow-on Investment,-9510000,EUR,1.079636,-10267338,2020 Q3,Settled,DDL1-2020Q3
580,CF-DDL1-20200930-EXP,4,DDL1,,,44104,20200930,44089,20200915,44104,20200930,CALL,Fund Expense,-225000,EUR,1.079636,-242918,2020 Q3,Settled,DDL1-2020Q3
581,CF-DDL1-20200930-FEE,4,DDL1,,,44104,20200930,44089,20200915,44104,20200930,CALL,Management Fee,-2250000,EUR,1.079636,-2429181,2020 Q3,Settled,DDL1-2020Q3
582,CF-DDL1-20200930-0374,4,DDL1,18,DDL1-ATLN,44104,20200930,44089,20200915,44104,20200930,DIST,Coupon,448000,EUR,1.079636,483677,2020 Q3,Settled,DDL1-2020Q3
583,CF-DDL1-20200930-0389,4,DDL1,19,DDL1-BFLN,44104,20200930,44089,20200915,44104,20200930,DIST,Coupon,536000,EUR,1.079636,578685,2020 Q3,Settled,DDL1-2020Q3
584,CF-DDL1-20201231-EXP,4,DDL1,,,44196,20201231,44181,20201216,44196,20201231,CALL,Fund Expense,-225000,EUR,1.084621,-244040,2020 Q4,Settled,DDL1-2020Q4
585,CF-DDL1-20201231-0404,4,DDL1,20,DDL1-CRLN,44196,20201231,44181,20201216,44196,20201231,CALL,Investment,-42283000,EUR,1.084621,-45861030,2020 Q4,Settled,DDL1-2020Q4
586,CF-DDL1-20201231-FEE,4,DDL1,,,44196,20201231,44181,20201216,44196,20201231,CALL,Management Fee,-2250000,EUR,1.084621,-2440397,2020 Q4,Settled,DDL1-2020Q4
587,CF-DDL1-20201231-0375,4,DDL1,18,DDL1-ATLN,44196,20201231,44181,20201216,44196,20201231,DIST,Coupon,448000,EUR,1.084621,485910,2020 Q4,Settled,DDL1-2020Q4
588,CF-DDL1-20201231-0390,4,DDL1,19,DDL1-BFLN,44196,20201231,44181,20201216,44196,20201231,DIST,Coupon,536000,EUR,1.084621,581357,2020 Q4,Settled,DDL1-2020Q4
589,CF-DDL1-20210331-0405,4,DDL1,20,DDL1-CRLN,44286,20210331,44271,20210316,44286,20210331,CALL,Follow-on Investment,-11926000,EUR,1.073157,-12798470,2021 Q1,Settled,DDL1-2021Q1
590,CF-DDL1-20210331-EXP,4,DDL1,,,44286,20210331,44271,20210316,44286,20210331,CALL,Fund Expense,-225000,EUR,1.073157,-241460,2021 Q1,Settled,DDL1-2021Q1
591,CF-DDL1-20210331-FEE,4,DDL1,,,44286,20210331,44271,20210316,44286,20210331,CALL,Management Fee,-2250000,EUR,1.073157,-2414603,2021 Q1,Settled,DDL1-2021Q1
592,CF-DDL1-20210331-0376,4,DDL1,18,DDL1-ATLN,44286,20210331,44271,20210316,44286,20210331,DIST,Coupon,448000,EUR,1.073157,480774,2021 Q1,Settled,DDL1-2021Q1
593,CF-DDL1-20210331-0391,4,DDL1,19,DDL1-BFLN,44286,20210331,44271,20210316,44286,20210331,DIST,Coupon,536000,EUR,1.073157,575212,2021 Q1,Settled,DDL1-2021Q1
594,CF-DDL1-20210331-0406,4,DDL1,20,DDL1-CRLN,44286,20210331,44271,20210316,44286,20210331,DIST,Coupon,562000,EUR,1.073157,603114,2021 Q1,Settled,DDL1-2021Q1
595,CF-DDL1-20210630-EXP,4,DDL1,,,44377,20210630,44362,20210615,44377,20210630,CALL,Fund Expense,-225000,EUR,1.055838,-237564,2021 Q2,Settled,DDL1-2021Q2
596,CF-DDL1-20210630-0421,4,DDL1,21,DDL1-DTLN,44377,20210630,44362,20210615,44377,20210630,CALL,Investment,-67974000,EUR,1.055838,-71769532,2021 Q2,Settled,DDL1-2021Q2
597,CF-DDL1-20210630-FEE,4,DDL1,,,44377,20210630,44362,20210615,44377,20210630,CALL,Management Fee,-2250000,EUR,1.055838,-2375636,2021 Q2,Settled,DDL1-2021Q2
598,CF-DDL1-20210630-0377,4,DDL1,18,DDL1-ATLN,44377,20210630,44362,20210615,44377,20210630,DIST,Coupon,448000,EUR,1.055838,473015,2021 Q2,Settled,DDL1-2021Q2
599,CF-DDL1-20210630-0392,4,DDL1,19,DDL1-BFLN,44377,20210630,44362,20210615,44377,20210630,DIST,Coupon,536000,EUR,1.055838,565929,2021 Q2,Settled,DDL1-2021Q2
600,CF-DDL1-20210630-0407,4,DDL1,20,DDL1-CRLN,44377,20210630,44362,20210615,44377,20210630,DIST,Coupon,562000,EUR,1.055838,593381,2021 Q2,Settled,DDL1-2021Q2
601,CF-DDL1-20210930-0422,4,DDL1,21,DDL1-DTLN,44469,20210930,44454,20210915,44469,20210930,CALL,Follow-on Investment,-19172000,EUR,1.047374,-20080254,2021 Q3,Settled,DDL1-2021Q3
602,CF-DDL1-20210930-EXP,4,DDL1,,,44469,20210930,44454,20210915,44469,20210930,CALL,Fund Expense,-225000,EUR,1.047374,-235659,2021 Q3,Settled,DDL1-2021Q3
603,CF-DDL1-20210930-FEE,4,DDL1,,,44469,20210930,44454,20210915,44469,20210930,CALL,Management Fee,-2250000,EUR,1.047374,-2356592,2021 Q3,Settled,DDL1-2021Q3
604,CF-DDL1-20210930-0378,4,DDL1,18,DDL1-ATLN,44469,20210930,44454,20210915,44469,20210930,DIST,Coupon,448000,EUR,1.047374,469224,2021 Q3,Settled,DDL1-2021Q3
605,CF-DDL1-20210930-0393,4,DDL1,19,DDL1-BFLN,44469,20210930,44454,20210915,44469,20210930,DIST,Coupon,536000,EUR,1.047374,561392,2021 Q3,Settled,DDL1-2021Q3
606,CF-DDL1-20210930-0408,4,DDL1,20,DDL1-CRLN,44469,20210930,44454,20210915,44469,20210930,DIST,Coupon,562000,EUR,1.047374,588624,2021 Q3,Settled,DDL1-2021Q3
607,CF-DDL1-20210930-0423,4,DDL1,21,DDL1-DTLN,44469,20210930,44454,20210915,44469,20210930,DIST,Coupon,781000,EUR,1.047374,817999,2021 Q3,Settled,DDL1-2021Q3
608,CF-DDL1-20211231-EXP,4,DDL1,,,44561,20211231,44546,20211216,44561,20211231,CALL,Fund Expense,-225000,EUR,1.044533,-235020,2021 Q4,Settled,DDL1-2021Q4
609,CF-DDL1-20211231-0438,4,DDL1,22,DDL1-EGLN,44561,20211231,44546,20211216,44561,20211231,CALL,Investment,-67107000,EUR,1.044533,-70095476,2021 Q4,Settled,DDL1-2021Q4
610,CF-DDL1-20211231-FEE,4,DDL1,,,44561,20211231,44546,20211216,44561,20211231,CALL,Management Fee,-2250000,EUR,1.044533,-2350199,2021 Q4,Settled,DDL1-2021Q4
611,CF-DDL1-20211231-0379,4,DDL1,18,DDL1-ATLN,44561,20211231,44546,20211216,44561,20211231,DIST,Coupon,448000,EUR,1.044533,467951,2021 Q4,Settled,DDL1-2021Q4
612,CF-DDL1-20211231-0394,4,DDL1,19,DDL1-BFLN,44561,20211231,44546,20211216,44561,20211231,DIST,Coupon,536000,EUR,1.044533,559870,2021 Q4,Settled,DDL1-2021Q4
613,CF-DDL1-20211231-0409,4,DDL1,20,DDL1-CRLN,44561,20211231,44546,20211216,44561,20211231,DIST,Coupon,562000,EUR,1.044533,587028,2021 Q4,Settled,DDL1-2021Q4
614,CF-DDL1-20211231-0424,4,DDL1,21,DDL1-DTLN,44561,20211231,44546,20211216,44561,20211231,DIST,Coupon,781000,EUR,1.044533,815780,2021 Q4,Settled,DDL1-2021Q4
615,CF-DDL1-20220331-0439,4,DDL1,22,DDL1-EGLN,44651,20220331,44636,20220316,44651,20220331,CALL,Follow-on Investment,-18927000,EUR,1.030603,-19506223,2022 Q1,Settled,DDL1-2022Q1
616,CF-DDL1-20220331-EXP,4,DDL1,,,44651,20220331,44636,20220316,44651,20220331,CALL,Fund Expense,-225000,EUR,1.030603,-231886,2022 Q1,Settled,DDL1-2022Q1
617,CF-DDL1-20220331-FEE,4,DDL1,,,44651,20220331,44636,20220316,44651,20220331,CALL,Management Fee,-2250000,EUR,1.030603,-2318857,2022 Q1,Settled,DDL1-2022Q1
618,CF-DDL1-20220331-0380,4,DDL1,18,DDL1-ATLN,44651,20220331,44636,20220316,44651,20220331,DIST,Coupon,448000,EUR,1.030603,461710,2022 Q1,Settled,DDL1-2022Q1
619,CF-DDL1-20220331-0395,4,DDL1,19,DDL1-BFLN,44651,20220331,44636,20220316,44651,20220331,DIST,Coupon,536000,EUR,1.030603,552403,2022 Q1,Settled,DDL1-2022Q1
620,CF-DDL1-20220331-0410,4,DDL1,20,DDL1-CRLN,44651,20220331,44636,20220316,44651,20220331,DIST,Coupon,562000,EUR,1.030603,579199,2022 Q1,Settled,DDL1-2022Q1
621,CF-DDL1-20220331-0425,4,DDL1,21,DDL1-DTLN,44651,20220331,44636,20220316,44651,20220331,DIST,Coupon,781000,EUR,1.030603,804901,2022 Q1,Settled,DDL1-2022Q1
622,CF-DDL1-20220331-0440,4,DDL1,22,DDL1-EGLN,44651,20220331,44636,20220316,44651,20220331,DIST,Coupon,891000,EUR,1.030603,918267,2022 Q1,Settled,DDL1-2022Q1
623,CF-DDL1-20220630-EXP,4,DDL1,,,44742,20220630,44727,20220615,44742,20220630,CALL,Fund Expense,-225000,EUR,1.011094,-227496,2022 Q2,Settled,DDL1-2022Q2
624,CF-DDL1-20220630-0455,4,DDL1,23,DDL1-FMLN,44742,20220630,44727,20220615,44742,20220630,CALL,Investment,-56641000,EUR,1.011094,-57269375,2022 Q2,Settled,DDL1-2022Q2
625,CF-DDL1-20220630-FEE,4,DDL1,,,44742,20220630,44727,20220615,44742,20220630,CALL,Management Fee,-2250000,EUR,1.011094,-2274962,2022 Q2,Settled,DDL1-2022Q2
626,CF-DDL1-20220630-0381,4,DDL1,18,DDL1-ATLN,44742,20220630,44727,20220615,44742,20220630,DIST,Coupon,448000,EUR,1.011094,452970,2022 Q2,Settled,DDL1-2022Q2
627,CF-DDL1-20220630-0396,4,DDL1,19,DDL1-BFLN,44742,20220630,44727,20220615,44742,20220630,DIST,Coupon,536000,EUR,1.011094,541946,2022 Q2,Settled,DDL1-2022Q2
628,CF-DDL1-20220630-0411,4,DDL1,20,DDL1-CRLN,44742,20220630,44727,20220615,44742,20220630,DIST,Coupon,562000,EUR,1.011094,568235,2022 Q2,Settled,DDL1-2022Q2
629,CF-DDL1-20220630-0426,4,DDL1,21,DDL1-DTLN,44742,20220630,44727,20220615,44742,20220630,DIST,Coupon,781000,EUR,1.011094,789664,2022 Q2,Settled,DDL1-2022Q2
630,CF-DDL1-20220630-0441,4,DDL1,22,DDL1-EGLN,44742,20220630,44727,20220615,44742,20220630,DIST,Coupon,891000,EUR,1.011094,900885,2022 Q2,Settled,DDL1-2022Q2
631,CF-DDL1-20220930-0456,4,DDL1,23,DDL1-FMLN,44834,20220930,44819,20220915,44834,20220930,CALL,Follow-on Investment,-15976000,EUR,1.000049,-15976783,2022 Q3,Settled,DDL1-2022Q3
632,CF-DDL1-20220930-EXP,4,DDL1,,,44834,20220930,44819,20220915,44834,20220930,CALL,Fund Expense,-225000,EUR,1.000049,-225011,2022 Q3,Settled,DDL1-2022Q3
633,CF-DDL1-20220930-FEE,4,DDL1,,,44834,20220930,44819,20220915,44834,20220930,CALL,Management Fee,-2250000,EUR,1.000049,-2250110,2022 Q3,Settled,DDL1-2022Q3
634,CF-DDL1-20220930-0382,4,DDL1,18,DDL1-ATLN,44834,20220930,44819,20220915,44834,20220930,DIST,Coupon,448000,EUR,1.000049,448022,2022 Q3,Settled,DDL1-2022Q3
635,CF-DDL1-20220930-0397,4,DDL1,19,DDL1-BFLN,44834,20220930,44819,20220915,44834,20220930,DIST,Coupon,536000,EUR,1.000049,536026,2022 Q3,Settled,DDL1-2022Q3
636,CF-DDL1-20220930-0412,4,DDL1,20,DDL1-CRLN,44834,20220930,44819,20220915,44834,20220930,DIST,Coupon,562000,EUR,1.000049,562028,2022 Q3,Settled,DDL1-2022Q3
637,CF-DDL1-20220930-0427,4,DDL1,21,DDL1-DTLN,44834,20220930,44819,20220915,44834,20220930,DIST,Coupon,781000,EUR,1.000049,781038,2022 Q3,Settled,DDL1-2022Q3
638,CF-DDL1-20220930-0442,4,DDL1,22,DDL1-EGLN,44834,20220930,44819,20220915,44834,20220930,DIST,Coupon,891000,EUR,1.000049,891044,2022 Q3,Settled,DDL1-2022Q3
639,CF-DDL1-20220930-0457,4,DDL1,23,DDL1-FMLN,44834,20220930,44819,20220915,44834,20220930,DIST,Coupon,812000,EUR,1.000049,812040,2022 Q3,Settled,DDL1-2022Q3
640,CF-DDL1-20221231-EXP,4,DDL1,,,44926,20221231,44911,20221216,44926,20221231,CALL,Fund Expense,-225000,EUR,0.994348,-223728,2022 Q4,Settled,DDL1-2022Q4
641,CF-DDL1-20221231-0471,4,DDL1,24,DDL1-GSLN,44926,20221231,44911,20221216,44926,20221231,CALL,Investment,-40787000,EUR,0.994348,-40556472,2022 Q4,Settled,DDL1-2022Q4
642,CF-DDL1-20221231-FEE,4,DDL1,,,44926,20221231,44911,20221216,44926,20221231,CALL,Management Fee,-2250000,EUR,0.994348,-2237283,2022 Q4,Settled,DDL1-2022Q4
643,CF-DDL1-20221231-0383,4,DDL1,18,DDL1-ATLN,44926,20221231,44911,20221216,44926,20221231,DIST,Coupon,448000,EUR,0.994348,445468,2022 Q4,Settled,DDL1-2022Q4
644,CF-DDL1-20221231-0398,4,DDL1,19,DDL1-BFLN,44926,20221231,44911,20221216,44926,20221231,DIST,Coupon,536000,EUR,0.994348,532971,2022 Q4,Settled,DDL1-2022Q4
645,CF-DDL1-20221231-0413,4,DDL1,20,DDL1-CRLN,44926,20221231,44911,20221216,44926,20221231,DIST,Coupon,562000,EUR,0.994348,558824,2022 Q4,Settled,DDL1-2022Q4
646,CF-DDL1-20221231-0428,4,DDL1,21,DDL1-DTLN,44926,20221231,44911,20221216,44926,20221231,DIST,Coupon,781000,EUR,0.994348,776586,2022 Q4,Settled,DDL1-2022Q4
647,CF-DDL1-20221231-0443,4,DDL1,22,DDL1-EGLN,44926,20221231,44911,20221216,44926,20221231,DIST,Coupon,891000,EUR,0.994348,885964,2022 Q4,Settled,DDL1-2022Q4
648,CF-DDL1-20221231-0458,4,DDL1,23,DDL1-FMLN,44926,20221231,44911,20221216,44926,20221231,DIST,Coupon,812000,EUR,0.994348,807411,2022 Q4,Settled,DDL1-2022Q4
649,CF-DDL1-20230331-0472,4,DDL1,24,DDL1-GSLN,45016,20230331,45001,20230316,45016,20230331,CALL,Follow-on Investment,-11504000,EUR,0.982912,-11307420,2023 Q1,Settled,DDL1-2023Q1
650,CF-DDL1-20230331-EXP,4,DDL1,,,45016,20230331,45001,20230316,45016,20230331,CALL,Fund Expense,-225000,EUR,0.982912,-221155,2023 Q1,Settled,DDL1-2023Q1
651,CF-DDL1-20230331-FEE,4,DDL1,,,45016,20230331,45001,20230316,45016,20230331,CALL,Management Fee,-2250000,EUR,0.982912,-2211552,2023 Q1,Settled,DDL1-2023Q1
652,CF-DDL1-20230331-0384,4,DDL1,18,DDL1-ATLN,45016,20230331,45001,20230316,45016,20230331,DIST,Coupon,448000,EUR,0.982912,440345,2023 Q1,Settled,DDL1-2023Q1
653,CF-DDL1-20230331-0399,4,DDL1,19,DDL1-BFLN,45016,20230331,45001,20230316,45016,20230331,DIST,Coupon,536000,EUR,0.982912,526841,2023 Q1,Settled,DDL1-2023Q1
654,CF-DDL1-20230331-0414,4,DDL1,20,DDL1-CRLN,45016,20230331,45001,20230316,45016,20230331,DIST,Coupon,562000,EUR,0.982912,552397,2023 Q1,Settled,DDL1-2023Q1
655,CF-DDL1-20230331-0429,4,DDL1,21,DDL1-DTLN,45016,20230331,45001,20230316,45016,20230331,DIST,Coupon,781000,EUR,0.982912,767654,2023 Q1,Settled,DDL1-2023Q1
656,CF-DDL1-20230331-0444,4,DDL1,22,DDL1-EGLN,45016,20230331,45001,20230316,45016,20230331,DIST,Coupon,891000,EUR,0.982912,875775,2023 Q1,Settled,DDL1-2023Q1
657,CF-DDL1-20230331-0459,4,DDL1,23,DDL1-FMLN,45016,20230331,45001,20230316,45016,20230331,DIST,Coupon,812000,EUR,0.982912,798125,2023 Q1,Settled,DDL1-2023Q1
658,CF-DDL1-20230331-0473,4,DDL1,24,DDL1-GSLN,45016,20230331,45001,20230316,45016,20230331,DIST,Coupon,645000,EUR,0.982912,633978,2023 Q1,Settled,DDL1-2023Q1
659,CF-DDL1-20230630-EXP,4,DDL1,,,45107,20230630,45092,20230615,45107,20230630,CALL,Fund Expense,-225000,EUR,0.966214,-217398,2023 Q2,Settled,DDL1-2023Q2
660,CF-DDL1-20230630-0485,4,DDL1,25,DDL1-HPLN,45107,20230630,45092,20230615,45107,20230630,CALL,Investment,-31429000,EUR,0.966214,-30367140,2023 Q2,Settled,DDL1-2023Q2
661,CF-DDL1-20230630-FEE,4,DDL1,,,45107,20230630,45092,20230615,45107,20230630,CALL,Management Fee,-2250000,EUR,0.966214,-2173982,2023 Q2,Settled,DDL1-2023Q2
662,CF-DDL1-20230630-0400,4,DDL1,19,DDL1-BFLN,45107,20230630,45092,20230615,45107,20230630,DIST,Coupon,536000,EUR,0.966214,517891,2023 Q2,Settled,DDL1-2023Q2
663,CF-DDL1-20230630-0415,4,DDL1,20,DDL1-CRLN,45107,20230630,45092,20230615,45107,20230630,DIST,Coupon,562000,EUR,0.966214,543012,2023 Q2,Settled,DDL1-2023Q2
664,CF-DDL1-20230630-0430,4,DDL1,21,DDL1-DTLN,45107,20230630,45092,20230615,45107,20230630,DIST,Coupon,781000,EUR,0.966214,754613,2023 Q2,Settled,DDL1-2023Q2
665,CF-DDL1-20230630-0445,4,DDL1,22,DDL1-EGLN,45107,20230630,45092,20230615,45107,20230630,DIST,Coupon,891000,EUR,0.966214,860897,2023 Q2,Settled,DDL1-2023Q2
666,CF-DDL1-20230630-0460,4,DDL1,23,DDL1-FMLN,45107,20230630,45092,20230615,45107,20230630,DIST,Coupon,812000,EUR,0.966214,784566,2023 Q2,Settled,DDL1-2023Q2
667,CF-DDL1-20230630-0474,4,DDL1,24,DDL1-GSLN,45107,20230630,45092,20230615,45107,20230630,DIST,Coupon,645000,EUR,0.966214,623208,2023 Q2,Settled,DDL1-2023Q2
668,CF-DDL1-20230630-0385,4,DDL1,18,DDL1-ATLN,45107,20230630,45092,20230615,45107,20230630,DIST,Principal Repayment,24741000,EUR,0.966214,23905101,2023 Q2,Settled,DDL1-2023Q2
669,CF-DDL1-20230930-0486,4,DDL1,25,DDL1-HPLN,45199,20230930,45184,20230915,45199,20230930,CALL,Follow-on Investment,-8865000,EUR,0.957615,-8489257,2023 Q3,Settled,DDL1-2023Q3
670,CF-DDL1-20230930-EXP,4,DDL1,,,45199,20230930,45184,20230915,45199,20230930,CALL,Fund Expense,-225000,EUR,0.957615,-215463,2023 Q3,Settled,DDL1-2023Q3
671,CF-DDL1-20230930-FEE,4,DDL1,,,45199,20230930,45184,20230915,45199,20230930,CALL,Management Fee,-2250000,EUR,0.957615,-2154634,2023 Q3,Settled,DDL1-2023Q3
672,CF-DDL1-20230930-0401,4,DDL1,19,DDL1-BFLN,45199,20230930,45184,20230915,45199,20230930,DIST,Coupon,536000,EUR,0.957615,513282,2023 Q3,Settled,DDL1-2023Q3
673,CF-DDL1-20230930-0416,4,DDL1,20,DDL1-CRLN,45199,20230930,45184,20230915,45199,20230930,DIST,Coupon,562000,EUR,0.957615,538180,2023 Q3,Settled,DDL1-2023Q3
674,CF-DDL1-20230930-0431,4,DDL1,21,DDL1-DTLN,45199,20230930,45184,20230915,45199,20230930,DIST,Coupon,781000,EUR,0.957615,747897,2023 Q3,Settled,DDL1-2023Q3
675,CF-DDL1-20230930-0446,4,DDL1,22,DDL1-EGLN,45199,20230930,45184,20230915,45199,20230930,DIST,Coupon,891000,EUR,0.957615,853235,2023 Q3,Settled,DDL1-2023Q3
676,CF-DDL1-20230930-0461,4,DDL1,23,DDL1-FMLN,45199,20230930,45184,20230915,45199,20230930,DIST,Coupon,812000,EUR,0.957615,777583,2023 Q3,Settled,DDL1-2023Q3
677,CF-DDL1-20230930-0475,4,DDL1,24,DDL1-GSLN,45199,20230930,45184,20230915,45199,20230930,DIST,Coupon,645000,EUR,0.957615,617662,2023 Q3,Settled,DDL1-2023Q3
678,CF-DDL1-20230930-0487,4,DDL1,25,DDL1-HPLN,45199,20230930,45184,20230915,45199,20230930,DIST,Coupon,584000,EUR,0.957615,559247,2023 Q3,Settled,DDL1-2023Q3
679,CF-DDL1-20230930-0386,4,DDL1,18,DDL1-ATLN,45199,20230930,45184,20230915,45199,20230930,DIST,Prepayment,24741000,EUR,0.957615,23692353,2023 Q3,Settled,DDL1-2023Q3
680,CF-DDL1-20231231-EXP,4,DDL1,,,45291,20231231,45276,20231216,45291,20231231,CALL,Fund Expense,-225000,EUR,0.954151,-214684,2023 Q4,Settled,DDL1-2023Q4
681,CF-DDL1-20231231-FEE,4,DDL1,,,45291,20231231,45276,20231216,45291,20231231,CALL,Management Fee,-2250000,EUR,0.954151,-2146840,2023 Q4,Settled,DDL1-2023Q4
682,CF-DDL1-20231231-0417,4,DDL1,20,DDL1-CRLN,45291,20231231,45276,20231216,45291,20231231,DIST,Coupon,562000,EUR,0.954151,536233,2023 Q4,Settled,DDL1-2023Q4
683,CF-DDL1-20231231-0432,4,DDL1,21,DDL1-DTLN,45291,20231231,45276,20231216,45291,20231231,DIST,Coupon,781000,EUR,0.954151,745192,2023 Q4,Settled,DDL1-2023Q4
684,CF-DDL1-20231231-0447,4,DDL1,22,DDL1-EGLN,45291,20231231,45276,20231216,45291,20231231,DIST,Coupon,891000,EUR,0.954151,850149,2023 Q4,Settled,DDL1-2023Q4
685,CF-DDL1-20231231-0462,4,DDL1,23,DDL1-FMLN,45291,20231231,45276,20231216,45291,20231231,DIST,Coupon,812000,EUR,0.954151,774771,2023 Q4,Settled,DDL1-2023Q4
686,CF-DDL1-20231231-0476,4,DDL1,24,DDL1-GSLN,45291,20231231,45276,20231216,45291,20231231,DIST,Coupon,645000,EUR,0.954151,615427,2023 Q4,Settled,DDL1-2023Q4
687,CF-DDL1-20231231-0488,4,DDL1,25,DDL1-HPLN,45291,20231231,45276,20231216,45291,20231231,DIST,Coupon,584000,EUR,0.954151,557224,2023 Q4,Settled,DDL1-2023Q4
688,CF-DDL1-20231231-0402,4,DDL1,19,DDL1-BFLN,45291,20231231,45276,20231216,45291,20231231,DIST,Principal Repayment,23751000,EUR,0.954151,22662040,2023 Q4,Settled,DDL1-2023Q4
689,CF-DDL1-20240331-EXP,4,DDL1,,,45382,20240331,45367,20240316,45382,20240331,CALL,Fund Expense,-225000,EUR,0.950049,-213761,2024 Q1,Settled,DDL1-2024Q1
690,CF-DDL1-20240331-FEE,4,DDL1,,,45382,20240331,45367,20240316,45382,20240331,CALL,Management Fee,-1080000,EUR,0.950049,-1026053,2024 Q1,Settled,DDL1-2024Q1
691,CF-DDL1-20240331-0418,4,DDL1,20,DDL1-CRLN,45382,20240331,45367,20240316,45382,20240331,DIST,Coupon,562000,EUR,0.950049,533928,2024 Q1,Settled,DDL1-2024Q1
692,CF-DDL1-20240331-0433,4,DDL1,21,DDL1-DTLN,45382,20240331,45367,20240316,45382,20240331,DIST,Coupon,781000,EUR,0.950049,741988,2024 Q1,Settled,DDL1-2024Q1
693,CF-DDL1-20240331-0448,4,DDL1,22,DDL1-EGLN,45382,20240331,45367,20240316,45382,20240331,DIST,Coupon,891000,EUR,0.950049,846494,2024 Q1,Settled,DDL1-2024Q1
694,CF-DDL1-20240331-0463,4,DDL1,23,DDL1-FMLN,45382,20240331,45367,20240316,45382,20240331,DIST,Coupon,812000,EUR,0.950049,771440,2024 Q1,Settled,DDL1-2024Q1
695,CF-DDL1-20240331-0477,4,DDL1,24,DDL1-GSLN,45382,20240331,45367,20240316,45382,20240331,DIST,Coupon,645000,EUR,0.950049,612782,2024 Q1,Settled,DDL1-2024Q1
696,CF-DDL1-20240331-0489,4,DDL1,25,DDL1-HPLN,45382,20240331,45367,20240316,45382,20240331,DIST,Coupon,584000,EUR,0.950049,554829,2024 Q1,Settled,DDL1-2024Q1
697,CF-DDL1-20240331-0403,4,DDL1,19,DDL1-BFLN,45382,20240331,45367,20240316,45382,20240331,DIST,Prepayment,23751000,EUR,0.950049,22564614,2024 Q1,Settled,DDL1-2024Q1
698,CF-DDL1-20240630-EXP,4,DDL1,,,45473,20240630,45458,20240615,45473,20240630,CALL,Fund Expense,-225000,EUR,0.941057,-211738,2024 Q2,Settled,DDL1-2024Q2
699,CF-DDL1-20240630-FEE,4,DDL1,,,45473,20240630,45458,20240615,45473,20240630,CALL,Management Fee,-990000,EUR,0.941057,-931646,2024 Q2,Settled,DDL1-2024Q2
700,CF-DDL1-20240630-0434,4,DDL1,21,DDL1-DTLN,45473,20240630,45458,20240615,45473,20240630,DIST,Coupon,781000,EUR,0.941057,734966,2024 Q2,Settled,DDL1-2024Q2
701,CF-DDL1-20240630-0449,4,DDL1,22,DDL1-EGLN,45473,20240630,45458,20240615,45473,20240630,DIST,Coupon,891000,EUR,0.941057,838482,2024 Q2,Settled,DDL1-2024Q2
702,CF-DDL1-20240630-0464,4,DDL1,23,DDL1-FMLN,45473,20240630,45458,20240615,45473,20240630,DIST,Coupon,812000,EUR,0.941057,764138,2024 Q2,Settled,DDL1-2024Q2
703,CF-DDL1-20240630-0478,4,DDL1,24,DDL1-GSLN,45473,20240630,45458,20240615,45473,20240630,DIST,Coupon,645000,EUR,0.941057,606982,2024 Q2,Settled,DDL1-2024Q2
704,CF-DDL1-20240630-0490,4,DDL1,25,DDL1-HPLN,45473,20240630,45458,20240615,45473,20240630,DIST,Coupon,584000,EUR,0.941057,549577,2024 Q2,Settled,DDL1-2024Q2
705,CF-DDL1-20240630-0419,4,DDL1,20,DDL1-CRLN,45473,20240630,45458,20240615,45473,20240630,DIST,Principal Repayment,25768000,EUR,0.941057,24249157,2024 Q2,Settled,DDL1-2024Q2
706,CF-DDL1-20240930-EXP,4,DDL1,,,45565,20240930,45550,20240915,45565,20240930,CALL,Fund Expense,-225000,EUR,0.940081,-211518,2024 Q3,Settled,DDL1-2024Q3
707,CF-DDL1-20240930-FEE,4,DDL1,,,45565,20240930,45550,20240915,45565,20240930,CALL,Management Fee,-900000,EUR,0.940081,-846073,2024 Q3,Settled,DDL1-2024Q3
708,CF-DDL1-20240930-0435,4,DDL1,21,DDL1-DTLN,45565,20240930,45550,20240915,45565,20240930,DIST,Coupon,781000,EUR,0.940081,734203,2024 Q3,Settled,DDL1-2024Q3
709,CF-DDL1-20240930-0450,4,DDL1,22,DDL1-EGLN,45565,20240930,45550,20240915,45565,20240930,DIST,Coupon,891000,EUR,0.940081,837612,2024 Q3,Settled,DDL1-2024Q3
710,CF-DDL1-20240930-0465,4,DDL1,23,DDL1-FMLN,45565,20240930,45550,20240915,45565,20240930,DIST,Coupon,812000,EUR,0.940081,763346,2024 Q3,Settled,DDL1-2024Q3
711,CF-DDL1-20240930-0479,4,DDL1,24,DDL1-GSLN,45565,20240930,45550,20240915,45565,20240930,DIST,Coupon,645000,EUR,0.940081,606352,2024 Q3,Settled,DDL1-2024Q3
712,CF-DDL1-20240930-0491,4,DDL1,25,DDL1-HPLN,45565,20240930,45550,20240915,45565,20240930,DIST,Coupon,584000,EUR,0.940081,549007,2024 Q3,Settled,DDL1-2024Q3
713,CF-DDL1-20240930-0420,4,DDL1,20,DDL1-CRLN,45565,20240930,45550,20240915,45565,20240930,DIST,Prepayment,25768000,EUR,0.940081,24224007,2024 Q3,Settled,DDL1-2024Q3
714,CF-DDL1-20241231-EXP,4,DDL1,,,45657,20241231,45642,20241216,45657,20241231,CALL,Fund Expense,-225000,EUR,0.944067,-212415,2024 Q4,Settled,DDL1-2024Q4
715,CF-DDL1-20241231-FEE,4,DDL1,,,45657,20241231,45642,20241216,45657,20241231,CALL,Management Fee,-810000,EUR,0.944067,-764694,2024 Q4,Settled,DDL1-2024Q4
716,CF-DDL1-20241231-0451,4,DDL1,22,DDL1-EGLN,45657,20241231,45642,20241216,45657,20241231,DIST,Coupon,891000,EUR,0.944067,841164,2024 Q4,Settled,DDL1-2024Q4
717,CF-DDL1-20241231-0436,4,DDL1,21,DDL1-DTLN,45657,20241231,45642,20241216,45657,20241231,DIST,Principal Repayment,37222000,EUR,0.944067,35140062,2024 Q4,Settled,DDL1-2024Q4
718,CF-DDL1-20241231-0466,4,DDL1,23,DDL1-FMLN,45657,20241231,45642,20241216,45657,20241231,DIST,Principal Repayment,20268000,EUR,0.944067,19134350,2024 Q4,Settled,DDL1-2024Q4
719,CF-DDL1-20241231-0480,4,DDL1,24,DDL1-GSLN,45657,20241231,45642,20241216,45657,20241231,DIST,Principal Repayment,9198000,EUR,0.944067,8683528,2024 Q4,Settled,DDL1-2024Q4
720,CF-DDL1-20241231-0492,4,DDL1,25,DDL1-HPLN,45657,20241231,45642,20241216,45657,20241231,DIST,Principal Repayment,5401000,EUR,0.944067,5098906,2024 Q4,Settled,DDL1-2024Q4
721,CF-DDL1-20250331-EXP,4,DDL1,,,45747,20250331,45732,20250316,45747,20250331,CALL,Fund Expense,-225000,EUR,0.940037,-211508,2025 Q1,Settled,DDL1-2025Q1
722,CF-DDL1-20250331-FEE,4,DDL1,,,45747,20250331,45732,20250316,45747,20250331,CALL,Management Fee,-720000,EUR,0.940037,-676827,2025 Q1,Settled,DDL1-2025Q1
723,CF-DDL1-20250331-0452,4,DDL1,22,DDL1-EGLN,45747,20250331,45732,20250316,45747,20250331,DIST,Coupon,891000,EUR,0.940037,837573,2025 Q1,Settled,DDL1-2025Q1
724,CF-DDL1-20250331-0467,4,DDL1,23,DDL1-FMLN,45747,20250331,45732,20250316,45747,20250331,DIST,Coupon,812000,EUR,0.940037,763310,2025 Q1,Settled,DDL1-2025Q1
725,CF-DDL1-20250331-0481,4,DDL1,24,DDL1-GSLN,45747,20250331,45732,20250316,45747,20250331,DIST,Coupon,645000,EUR,0.940037,606324,2025 Q1,Settled,DDL1-2025Q1
726,CF-DDL1-20250331-0493,4,DDL1,25,DDL1-HPLN,45747,20250331,45732,20250316,45747,20250331,DIST,Coupon,584000,EUR,0.940037,548982,2025 Q1,Settled,DDL1-2025Q1
727,CF-DDL1-20250331-0437,4,DDL1,21,DDL1-DTLN,45747,20250331,45732,20250316,45747,20250331,DIST,Prepayment,37222000,EUR,0.940037,34990057,2025 Q1,Settled,DDL1-2025Q1
728,CF-DDL1-20250630-EXP,4,DDL1,,,45838,20250630,45823,20250615,45838,20250630,CALL,Fund Expense,-225000,EUR,0.931099,-209497,2025 Q2,Settled,DDL1-2025Q2
729,CF-DDL1-20250630-FEE,4,DDL1,,,45838,20250630,45823,20250615,45838,20250630,CALL,Management Fee,-630000,EUR,0.931099,-586592,2025 Q2,Settled,DDL1-2025Q2
730,CF-DDL1-20250630-0468,4,DDL1,23,DDL1-FMLN,45838,20250630,45823,20250615,45838,20250630,DIST,Coupon,812000,EUR,0.931099,756052,2025 Q2,Settled,DDL1-2025Q2
731,CF-DDL1-20250630-0482,4,DDL1,24,DDL1-GSLN,45838,20250630,45823,20250615,45838,20250630,DIST,Coupon,645000,EUR,0.931099,600559,2025 Q2,Settled,DDL1-2025Q2
732,CF-DDL1-20250630-0494,4,DDL1,25,DDL1-HPLN,45838,20250630,45823,20250615,45838,20250630,DIST,Coupon,584000,EUR,0.931099,543762,2025 Q2,Settled,DDL1-2025Q2
733,CF-DDL1-20250630-0453,4,DDL1,22,DDL1-EGLN,45838,20250630,45823,20250615,45838,20250630,DIST,Principal Repayment,32256000,EUR,0.931099,30033529,2025 Q2,Settled,DDL1-2025Q2
734,CF-DDL1-20250930-EXP,4,DDL1,,,45930,20250930,45915,20250915,45930,20250930,CALL,Fund Expense,-225000,EUR,0.930093,-209271,2025 Q3,Settled,DDL1-2025Q3
735,CF-DDL1-20250930-FEE,4,DDL1,,,45930,20250930,45915,20250915,45930,20250930,CALL,Management Fee,-540000,EUR,0.930093,-502250,2025 Q3,Settled,DDL1-2025Q3
736,CF-DDL1-20250930-0469,4,DDL1,23,DDL1-FMLN,45930,20250930,45915,20250915,45930,20250930,DIST,Coupon,812000,EUR,0.930093,755236,2025 Q3,Settled,DDL1-2025Q3
737,CF-DDL1-20250930-0483,4,DDL1,24,DDL1-GSLN,45930,20250930,45915,20250915,45930,20250930,DIST,Coupon,645000,EUR,0.930093,599910,2025 Q3,Settled,DDL1-2025Q3
738,CF-DDL1-20250930-0495,4,DDL1,25,DDL1-HPLN,45930,20250930,45915,20250915,45930,20250930,DIST,Coupon,584000,EUR,0.930093,543174,2025 Q3,Settled,DDL1-2025Q3
739,CF-DDL1-20250930-0454,4,DDL1,22,DDL1-EGLN,45930,20250930,45915,20250915,45930,20250930,DIST,Prepayment,32256000,EUR,0.930093,30001080,2025 Q3,Settled,DDL1-2025Q3
740,CF-DDL1-20251231-EXP,4,DDL1,,,46022,20251231,46007,20251216,46022,20251231,CALL,Fund Expense,-225000,EUR,0.933997,-210149,2025 Q4,Settled,DDL1-2025Q4
741,CF-DDL1-20251231-FEE,4,DDL1,,,46022,20251231,46007,20251216,46022,20251231,CALL,Management Fee,-450000,EUR,0.933997,-420299,2025 Q4,Settled,DDL1-2025Q4
742,CF-DDL1-20251231-0470,4,DDL1,23,DDL1-FMLN,46022,20251231,46007,20251216,46022,20251231,DIST,Prepayment,24591000,EUR,0.933997,22967920,2025 Q4,Settled,DDL1-2025Q4
743,CF-DDL1-20251231-0484,4,DDL1,24,DDL1-GSLN,46022,20251231,46007,20251216,46022,20251231,DIST,Prepayment,11098000,EUR,0.933997,10365499,2025 Q4,Settled,DDL1-2025Q4
744,CF-DDL1-20251231-0496,4,DDL1,25,DDL1-HPLN,46022,20251231,46007,20251216,46022,20251231,DIST,Prepayment,6471000,EUR,0.933997,6043895,2025 Q4,Settled,DDL1-2025Q4
745,CF-ER1-20180331-EXP,5,ER1,,,43190,20180331,43175,20180316,43190,20180331,CALL,Fund Expense,-375000,EUR,1.155903,-433464,2018 Q1,Settled,ER1-2018Q1
746,CF-ER1-20180331-0497,5,ER1,26,ER1-RLP,43190,20180331,43175,20180316,43190,20180331,CALL,Investment,-43811000,EUR,1.155903,-50641266,2018 Q1,Settled,ER1-2018Q1
747,CF-ER1-20180331-FEE,5,ER1,,,43190,20180331,43175,20180316,43190,20180331,CALL,Management Fee,-2812000,EUR,1.155903,-3250399,2018 Q1,Settled,ER1-2018Q1
748,CF-ER1-20180630-0498,5,ER1,26,ER1-RLP,43281,20180630,43266,20180615,43281,20180630,CALL,Follow-on Investment,-18255000,EUR,1.140469,-20819262,2018 Q2,Settled,ER1-2018Q2
749,CF-ER1-20180630-EXP,5,ER1,,,43281,20180630,43266,20180615,43281,20180630,CALL,Fund Expense,-375000,EUR,1.140469,-427676,2018 Q2,Settled,ER1-2018Q2
750,CF-ER1-20180630-FEE,5,ER1,,,43281,20180630,43266,20180615,43281,20180630,CALL,Management Fee,-2812000,EUR,1.140469,-3206999,2018 Q2,Settled,ER1-2018Q2
751,CF-ER1-20180930-0499,5,ER1,26,ER1-RLP,43373,20180930,43358,20180915,43373,20180930,CALL,Follow-on Investment,-10953000,EUR,1.134509,-12426277,2018 Q3,Settled,ER1-2018Q3
752,CF-ER1-20180930-EXP,5,ER1,,,43373,20180930,43358,20180915,43373,20180930,CALL,Fund Expense,-375000,EUR,1.134509,-425441,2018 Q3,Settled,ER1-2018Q3
753,CF-ER1-20180930-0520,5,ER1,27,ER1-LLP,43373,20180930,43358,20180915,43373,20180930,CALL,Investment,-60152000,EUR,1.134509,-68242985,2018 Q3,Settled,ER1-2018Q3
754,CF-ER1-20180930-FEE,5,ER1,,,43373,20180930,43358,20180915,43373,20180930,CALL,Management Fee,-2812000,EUR,1.134509,-3190239,2018 Q3,Settled,ER1-2018Q3
755,CF-ER1-20181231-0521,5,ER1,27,ER1-LLP,43465,20181231,43450,20181216,43465,20181231,CALL,Follow-on Investment,-25064000,EUR,1.134837,-28443555,2018 Q4,Settled,ER1-2018Q4
756,CF-ER1-20181231-EXP,5,ER1,,,43465,20181231,43450,20181216,43465,20181231,CALL,Fund Expense,-375000,EUR,1.134837,-425564,2018 Q4,Settled,ER1-2018Q4
757,CF-ER1-20181231-FEE,5,ER1,,,43465,20181231,43450,20181216,43465,20181231,CALL,Management Fee,-2812000,EUR,1.134837,-3191162,2018 Q4,Settled,ER1-2018Q4
758,CF-ER1-20190331-0522,5,ER1,27,ER1-LLP,43555,20190331,43540,20190316,43555,20190331,CALL,Follow-on Investment,-15038000,EUR,1.123374,-16893298,2019 Q1,Settled,ER1-2019Q1
759,CF-ER1-20190331-EXP,5,ER1,,,43555,20190331,43540,20190316,43555,20190331,CALL,Fund Expense,-375000,EUR,1.123374,-421265,2019 Q1,Settled,ER1-2019Q1
760,CF-ER1-20190331-0545,5,ER1,28,ER1-MUL,43555,20190331,43540,20190316,43555,20190331,CALL,Investment,-77780000,EUR,1.123374,-87376030,2019 Q1,Settled,ER1-2019Q1
761,CF-ER1-20190331-FEE,5,ER1,,,43555,20190331,43540,20190316,43555,20190331,CALL,Management Fee,-2812000,EUR,1.123374,-3158928,2019 Q1,Settled,ER1-2019Q1
762,CF-ER1-20190630-0546,5,ER1,28,ER1-MUL,43646,20190630,43631,20190615,43646,20190630,CALL,Follow-on Investment,-32408000,EUR,1.105682,-35832942,2019 Q2,Settled,ER1-2019Q2
763,CF-ER1-20190630-EXP,5,ER1,,,43646,20190630,43631,20190615,43646,20190630,CALL,Fund Expense,-375000,EUR,1.105682,-414631,2019 Q2,Settled,ER1-2019Q2
764,CF-ER1-20190630-FEE,5,ER1,,,43646,20190630,43631,20190615,43646,20190630,CALL,Management Fee,-2812000,EUR,1.105682,-3109178,2019 Q2,Settled,ER1-2019Q2
765,CF-ER1-20190630-0500,5,ER1,26,ER1-RLP,43646,20190630,43631,20190615,43646,20190630,DIST,Rental Income,384000,EUR,1.105682,424582,2019 Q2,Settled,ER1-2019Q2
766,CF-ER1-20190930-0547,5,ER1,28,ER1-MUL,43738,20190930,43723,20190915,43738,20190930,CALL,Follow-on Investment,-19445000,EUR,1.09716,-21334276,2019 Q3,Settled,ER1-2019Q3
767,CF-ER1-20190930-EXP,5,ER1,,,43738,20190930,43723,20190915,43738,20190930,CALL,Fund Expense,-375000,EUR,1.09716,-411435,2019 Q3,Settled,ER1-2019Q3
768,CF-ER1-20190930-0571,5,ER1,29,ER1-BFO,43738,20190930,43723,20190915,43738,20190930,CALL,Investment,-100421000,EUR,1.09716,-110177904,2019 Q3,Settled,ER1-2019Q3
769,CF-ER1-20190930-FEE,5,ER1,,,43738,20190930,43723,20190915,43738,20190930,CALL,Management Fee,-2812000,EUR,1.09716,-3085214,2019 Q3,Settled,ER1-2019Q3
770,CF-ER1-20190930-0501,5,ER1,26,ER1-RLP,43738,20190930,43723,20190915,43738,20190930,DIST,Rental Income,389000,EUR,1.09716,426795,2019 Q3,Settled,ER1-2019Q3
771,CF-ER1-20191231-0572,5,ER1,29,ER1-BFO,43830,20191231,43815,20191216,43830,20191231,CALL,Follow-on Investment,-41842000,EUR,1.094696,-45804270,2019 Q4,Settled,ER1-2019Q4
772,CF-ER1-20191231-EXP,5,ER1,,,43830,20191231,43815,20191216,43830,20191231,CALL,Fund Expense,-375000,EUR,1.094696,-410511,2019 Q4,Settled,ER1-2019Q4
773,CF-ER1-20191231-FEE,5,ER1,,,43830,20191231,43815,20191216,43830,20191231,CALL,Management Fee,-2812000,EUR,1.094696,-3078285,2019 Q4,Settled,ER1-2019Q4
774,CF-ER1-20191231-0502,5,ER1,26,ER1-RLP,43830,20191231,43815,20191216,43830,20191231,DIST,Rental Income,393000,EUR,1.094696,430216,2019 Q4,Settled,ER1-2019Q4
775,CF-ER1-20191231-0523,5,ER1,27,ER1-LLP,43830,20191231,43815,20191216,43830,20191231,DIST,Rental Income,550000,EUR,1.094696,602083,2019 Q4,Settled,ER1-2019Q4
776,CF-ER1-20200331-0573,5,ER1,29,ER1-BFO,43921,20200331,43906,20200316,43921,20200331,CALL,Follow-on Investment,-25105000,EUR,1.090499,-27376977,2020 Q1,Settled,ER1-2020Q1
777,CF-ER1-20200331-EXP,5,ER1,,,43921,20200331,43906,20200316,43921,20200331,CALL,Fund Expense,-375000,EUR,1.090499,-408937,2020 Q1,Settled,ER1-2020Q1
778,CF-ER1-20200331-FEE,5,ER1,,,43921,20200331,43906,20200316,43921,20200331,CALL,Management Fee,-2812000,EUR,1.090499,-3066483,2020 Q1,Settled,ER1-2020Q1
779,CF-ER1-20200331-0503,5,ER1,26,ER1-RLP,43921,20200331,43906,20200316,43921,20200331,DIST,Rental Income,398000,EUR,1.090499,434019,2020 Q1,Settled,ER1-2020Q1
780,CF-ER1-20200331-0524,5,ER1,27,ER1-LLP,43921,20200331,43906,20200316,43921,20200331,DIST,Rental Income,555000,EUR,1.090499,605227,2020 Q1,Settled,ER1-2020Q1
781,CF-ER1-20200630-EXP,5,ER1,,,44012,20200630,43997,20200615,44012,20200630,CALL,Fund Expense,-375000,EUR,1.080515,-405193,2020 Q2,Settled,ER1-2020Q2
782,CF-ER1-20200630-0595,5,ER1,30,ER1-DLM,44012,20200630,43997,20200615,44012,20200630,CALL,Investment,-76827000,EUR,1.080515,-83012726,2020 Q2,Settled,ER1-2020Q2
783,CF-ER1-20200630-FEE,5,ER1,,,44012,20200630,43997,20200615,44012,20200630,CALL,Management Fee,-2812000,EUR,1.080515,-3038408,2020 Q2,Settled,ER1-2020Q2
784,CF-ER1-20200630-0504,5,ER1,26,ER1-RLP,44012,20200630,43997,20200615,44012,20200630,DIST,Rental Income,402000,EUR,1.080515,434367,2020 Q2,Settled,ER1-2020Q2
785,CF-ER1-20200630-0525,5,ER1,27,ER1-LLP,44012,20200630,43997,20200615,44012,20200630,DIST,Rental Income,561000,EUR,1.080515,606169,2020 Q2,Settled,ER1-2020Q2
786,CF-ER1-20200630-0548,5,ER1,28,ER1-MUL,44012,20200630,43997,20200615,44012,20200630,DIST,Rental Income,644000,EUR,1.080515,695852,2020 Q2,Settled,ER1-2020Q2
787,CF-ER1-20200930-0596,5,ER1,30,ER1-DLM,44104,20200930,44089,20200915,44104,20200930,CALL,Follow-on Investment,-32011000,EUR,1.079636,-34560228,2020 Q3,Settled,ER1-2020Q3
788,CF-ER1-20200930-EXP,5,ER1,,,44104,20200930,44089,20200915,44104,20200930,CALL,Fund Expense,-375000,EUR,1.079636,-404864,2020 Q3,Settled,ER1-2020Q3
789,CF-ER1-20200930-FEE,5,ER1,,,44104,20200930,44089,20200915,44104,20200930,CALL,Management Fee,-2812000,EUR,1.079636,-3035936,2020 Q3,Settled,ER1-2020Q3
790,CF-ER1-20200930-0505,5,ER1,26,ER1-RLP,44104,20200930,44089,20200915,44104,20200930,DIST,Rental Income,407000,EUR,1.079636,439412,2020 Q3,Settled,ER1-2020Q3
791,CF-ER1-20200930-0526,5,ER1,27,ER1-LLP,44104,20200930,44089,20200915,44104,20200930,DIST,Rental Income,567000,EUR,1.079636,612154,2020 Q3,Settled,ER1-2020Q3
792,CF-ER1-20200930-0549,5,ER1,28,ER1-MUL,44104,20200930,44089,20200915,44104,20200930,DIST,Rental Income,651000,EUR,1.079636,702843,2020 Q3,Settled,ER1-2020Q3
793,CF-ER1-20201231-0597,5,ER1,30,ER1-DLM,44196,20201231,44181,20201216,44196,20201231,CALL,Follow-on Investment,-19207000,EUR,1.084621,-20832316,2020 Q4,Settled,ER1-2020Q4
794,CF-ER1-20201231-EXP,5,ER1,,,44196,20201231,44181,20201216,44196,20201231,CALL,Fund Expense,-375000,EUR,1.084621,-406733,2020 Q4,Settled,ER1-2020Q4
795,CF-ER1-20201231-FEE,5,ER1,,,44196,20201231,44181,20201216,44196,20201231,CALL,Management Fee,-2812000,EUR,1.084621,-3049954,2020 Q4,Settled,ER1-2020Q4
796,CF-ER1-20201231-0506,5,ER1,26,ER1-RLP,44196,20201231,44181,20201216,44196,20201231,DIST,Rental Income,411000,EUR,1.084621,445779,2020 Q4,Settled,ER1-2020Q4
797,CF-ER1-20201231-0527,5,ER1,27,ER1-LLP,44196,20201231,44181,20201216,44196,20201231,DIST,Rental Income,573000,EUR,1.084621,621488,2020 Q4,Settled,ER1-2020Q4
798,CF-ER1-20201231-0550,5,ER1,28,ER1-MUL,44196,20201231,44181,20201216,44196,20201231,DIST,Rental Income,657000,EUR,1.084621,712596,2020 Q4,Settled,ER1-2020Q4
799,CF-ER1-20201231-0574,5,ER1,29,ER1-BFO,44196,20201231,44181,20201216,44196,20201231,DIST,Rental Income,1047000,EUR,1.084621,1135598,2020 Q4,Settled,ER1-2020Q4
800,CF-ER1-20210331-EXP,5,ER1,,,44286,20210331,44271,20210316,44286,20210331,CALL,Fund Expense,-375000,EUR,1.073157,-402434,2021 Q1,Settled,ER1-2021Q1
801,CF-ER1-20210331-FEE,5,ER1,,,44286,20210331,44271,20210316,44286,20210331,CALL,Management Fee,-2812000,EUR,1.073157,-3017717,2021 Q1,Settled,ER1-2021Q1
802,CF-ER1-20210331-0507,5,ER1,26,ER1-RLP,44286,20210331,44271,20210316,44286,20210331,DIST,Rental Income,416000,EUR,1.073157,446433,2021 Q1,Settled,ER1-2021Q1
803,CF-ER1-20210331-0528,5,ER1,27,ER1-LLP,44286,20210331,44271,20210316,44286,20210331,DIST,Rental Income,579000,EUR,1.073157,621358,2021 Q1,Settled,ER1-2021Q1
804,CF-ER1-20210331-0551,5,ER1,28,ER1-MUL,44286,20210331,44271,20210316,44286,20210331,DIST,Rental Income,664000,EUR,1.073157,712576,2021 Q1,Settled,ER1-2021Q1
805,CF-ER1-20210331-0575,5,ER1,29,ER1-BFO,44286,20210331,44271,20210316,44286,20210331,DIST,Rental Income,1059000,EUR,1.073157,1136473,2021 Q1,Settled,ER1-2021Q1
806,CF-ER1-20210630-EXP,5,ER1,,,44377,20210630,44362,20210615,44377,20210630,CALL,Fund Expense,-375000,EUR,1.055838,-395939,2021 Q2,Settled,ER1-2021Q2
807,CF-ER1-20210630-FEE,5,ER1,,,44377,20210630,44362,20210615,44377,20210630,CALL,Management Fee,-2812000,EUR,1.055838,-2969016,2021 Q2,Settled,ER1-2021Q2
808,CF-ER1-20210630-0508,5,ER1,26,ER1-RLP,44377,20210630,44362,20210615,44377,20210630,DIST,Rental Income,420000,EUR,1.055838,443452,2021 Q2,Settled,ER1-2021Q2
809,CF-ER1-20210630-0529,5,ER1,27,ER1-LLP,44377,20210630,44362,20210615,44377,20210630,DIST,Rental Income,584000,EUR,1.055838,616609,2021 Q2,Settled,ER1-2021Q2
810,CF-ER1-20210630-0552,5,ER1,28,ER1-MUL,44377,20210630,44362,20210615,44377,20210630,DIST,Rental Income,670000,EUR,1.055838,707411,2021 Q2,Settled,ER1-2021Q2
811,CF-ER1-20210630-0576,5,ER1,29,ER1-BFO,44377,20210630,44362,20210615,44377,20210630,DIST,Rental Income,1071000,EUR,1.055838,1130802,2021 Q2,Settled,ER1-2021Q2
812,CF-ER1-20210930-EXP,5,ER1,,,44469,20210930,44454,20210915,44469,20210930,CALL,Fund Expense,-375000,EUR,1.047374,-392765,2021 Q3,Settled,ER1-2021Q3
813,CF-ER1-20210930-FEE,5,ER1,,,44469,20210930,44454,20210915,44469,20210930,CALL,Management Fee,-2812000,EUR,1.047374,-2945216,2021 Q3,Settled,ER1-2021Q3
814,CF-ER1-20210930-0509,5,ER1,26,ER1-RLP,44469,20210930,44454,20210915,44469,20210930,DIST,Rental Income,425000,EUR,1.047374,445134,2021 Q3,Settled,ER1-2021Q3
815,CF-ER1-20210930-0530,5,ER1,27,ER1-LLP,44469,20210930,44454,20210915,44469,20210930,DIST,Rental Income,590000,EUR,1.047374,617951,2021 Q3,Settled,ER1-2021Q3
816,CF-ER1-20210930-0553,5,ER1,28,ER1-MUL,44469,20210930,44454,20210915,44469,20210930,DIST,Rental Income,677000,EUR,1.047374,709072,2021 Q3,Settled,ER1-2021Q3
817,CF-ER1-20210930-0577,5,ER1,29,ER1-BFO,44469,20210930,44454,20210915,44469,20210930,DIST,Rental Income,1082000,EUR,1.047374,1133259,2021 Q3,Settled,ER1-2021Q3
818,CF-ER1-20210930-0598,5,ER1,30,ER1-DLM,44469,20210930,44454,20210915,44469,20210930,DIST,Rental Income,903000,EUR,1.047374,945779,2021 Q3,Settled,ER1-2021Q3
819,CF-ER1-20211231-EXP,5,ER1,,,44561,20211231,44546,20211216,44561,20211231,CALL,Fund Expense,-375000,EUR,1.044533,-391700,2021 Q4,Settled,ER1-2021Q4
820,CF-ER1-20211231-FEE,5,ER1,,,44561,20211231,44546,20211216,44561,20211231,CALL,Management Fee,-2812000,EUR,1.044533,-2937227,2021 Q4,Settled,ER1-2021Q4
821,CF-ER1-20211231-0510,5,ER1,26,ER1-RLP,44561,20211231,44546,20211216,44561,20211231,DIST,Rental Income,429000,EUR,1.044533,448105,2021 Q4,Settled,ER1-2021Q4
822,CF-ER1-20211231-0531,5,ER1,27,ER1-LLP,44561,20211231,44546,20211216,44561,20211231,DIST,Rental Income,596000,EUR,1.044533,622542,2021 Q4,Settled,ER1-2021Q4
823,CF-ER1-20211231-0554,5,ER1,28,ER1-MUL,44561,20211231,44546,20211216,44561,20211231,DIST,Rental Income,683000,EUR,1.044533,713416,2021 Q4,Settled,ER1-2021Q4
824,CF-ER1-20211231-0578,5,ER1,29,ER1-BFO,44561,20211231,44546,20211216,44561,20211231,DIST,Rental Income,1094000,EUR,1.044533,1142719,2021 Q4,Settled,ER1-2021Q4
825,CF-ER1-20211231-0599,5,ER1,30,ER1-DLM,44561,20211231,44546,20211216,44561,20211231,DIST,Rental Income,915000,EUR,1.044533,955748,2021 Q4,Settled,ER1-2021Q4
826,CF-ER1-20220331-EXP,5,ER1,,,44651,20220331,44636,20220316,44651,20220331,CALL,Fund Expense,-375000,EUR,1.030603,-386476,2022 Q1,Settled,ER1-2022Q1
827,CF-ER1-20220331-FEE,5,ER1,,,44651,20220331,44636,20220316,44651,20220331,CALL,Management Fee,-1758000,EUR,1.030603,-1811800,2022 Q1,Settled,ER1-2022Q1
828,CF-ER1-20220331-0511,5,ER1,26,ER1-RLP,44651,20220331,44636,20220316,44651,20220331,DIST,Rental Income,434000,EUR,1.030603,447282,2022 Q1,Settled,ER1-2022Q1
829,CF-ER1-20220331-0532,5,ER1,27,ER1-LLP,44651,20220331,44636,20220316,44651,20220331,DIST,Rental Income,602000,EUR,1.030603,620423,2022 Q1,Settled,ER1-2022Q1
830,CF-ER1-20220331-0555,5,ER1,28,ER1-MUL,44651,20220331,44636,20220316,44651,20220331,DIST,Rental Income,690000,EUR,1.030603,711116,2022 Q1,Settled,ER1-2022Q1
831,CF-ER1-20220331-0579,5,ER1,29,ER1-BFO,44651,20220331,44636,20220316,44651,20220331,DIST,Rental Income,1105000,EUR,1.030603,1138816,2022 Q1,Settled,ER1-2022Q1
832,CF-ER1-20220331-0600,5,ER1,30,ER1-DLM,44651,20220331,44636,20220316,44651,20220331,DIST,Rental Income,926000,EUR,1.030603,954338,2022 Q1,Settled,ER1-2022Q1
833,CF-ER1-20220630-EXP,5,ER1,,,44742,20220630,44727,20220615,44742,20220630,CALL,Fund Expense,-375000,EUR,1.011094,-379160,2022 Q2,Settled,ER1-2022Q2
834,CF-ER1-20220630-FEE,5,ER1,,,44742,20220630,44727,20220615,44742,20220630,CALL,Management Fee,-1688000,EUR,1.011094,-1706727,2022 Q2,Settled,ER1-2022Q2
835,CF-ER1-20220630-0512,5,ER1,26,ER1-RLP,44742,20220630,44727,20220615,44742,20220630,DIST,Rental Income,438000,EUR,1.011094,442859,2022 Q2,Settled,ER1-2022Q2
836,CF-ER1-20220630-0533,5,ER1,27,ER1-LLP,44742,20220630,44727,20220615,44742,20220630,DIST,Rental Income,608000,EUR,1.011094,614745,2022 Q2,Settled,ER1-2022Q2
837,CF-ER1-20220630-0556,5,ER1,28,ER1-MUL,44742,20220630,44727,20220615,44742,20220630,DIST,Rental Income,696000,EUR,1.011094,703721,2022 Q2,Settled,ER1-2022Q2
838,CF-ER1-20220630-0580,5,ER1,29,ER1-BFO,44742,20220630,44727,20220615,44742,20220630,DIST,Rental Income,1117000,EUR,1.011094,1129392,2022 Q2,Settled,ER1-2022Q2
839,CF-ER1-20220630-0601,5,ER1,30,ER1-DLM,44742,20220630,44727,20220615,44742,20220630,DIST,Rental Income,938000,EUR,1.011094,948406,2022 Q2,Settled,ER1-2022Q2
840,CF-ER1-20220930-EXP,5,ER1,,,44834,20220930,44819,20220915,44834,20220930,CALL,Fund Expense,-375000,EUR,1.000049,-375018,2022 Q3,Settled,ER1-2022Q3
841,CF-ER1-20220930-FEE,5,ER1,,,44834,20220930,44819,20220915,44834,20220930,CALL,Management Fee,-1617000,EUR,1.000049,-1617079,2022 Q3,Settled,ER1-2022Q3
842,CF-ER1-20220930-0513,5,ER1,26,ER1-RLP,44834,20220930,44819,20220915,44834,20220930,DIST,Rental Income,443000,EUR,1.000049,443022,2022 Q3,Settled,ER1-2022Q3
843,CF-ER1-20220930-0534,5,ER1,27,ER1-LLP,44834,20220930,44819,20220915,44834,20220930,DIST,Rental Income,614000,EUR,1.000049,614030,2022 Q3,Settled,ER1-2022Q3
844,CF-ER1-20220930-0557,5,ER1,28,ER1-MUL,44834,20220930,44819,20220915,44834,20220930,DIST,Rental Income,703000,EUR,1.000049,703034,2022 Q3,Settled,ER1-2022Q3
845,CF-ER1-20220930-0581,5,ER1,29,ER1-BFO,44834,20220930,44819,20220915,44834,20220930,DIST,Rental Income,1129000,EUR,1.000049,1129055,2022 Q3,Settled,ER1-2022Q3
846,CF-ER1-20220930-0602,5,ER1,30,ER1-DLM,44834,20220930,44819,20220915,44834,20220930,DIST,Rental Income,950000,EUR,1.000049,950047,2022 Q3,Settled,ER1-2022Q3
847,CF-ER1-20221231-EXP,5,ER1,,,44926,20221231,44911,20221216,44926,20221231,CALL,Fund Expense,-375000,EUR,0.994348,-372880,2022 Q4,Settled,ER1-2022Q4
848,CF-ER1-20221231-FEE,5,ER1,,,44926,20221231,44911,20221216,44926,20221231,CALL,Management Fee,-1547000,EUR,0.994348,-1538256,2022 Q4,Settled,ER1-2022Q4
849,CF-ER1-20221231-0514,5,ER1,26,ER1-RLP,44926,20221231,44911,20221216,44926,20221231,DIST,Rental Income,447000,EUR,0.994348,444474,2022 Q4,Settled,ER1-2022Q4
850,CF-ER1-20221231-0535,5,ER1,27,ER1-LLP,44926,20221231,44911,20221216,44926,20221231,DIST,Rental Income,619000,EUR,0.994348,615501,2022 Q4,Settled,ER1-2022Q4
851,CF-ER1-20221231-0558,5,ER1,28,ER1-MUL,44926,20221231,44911,20221216,44926,20221231,DIST,Rental Income,709000,EUR,0.994348,704993,2022 Q4,Settled,ER1-2022Q4
852,CF-ER1-20221231-0582,5,ER1,29,ER1-BFO,44926,20221231,44911,20221216,44926,20221231,DIST,Rental Income,1140000,EUR,0.994348,1133557,2022 Q4,Settled,ER1-2022Q4
853,CF-ER1-20221231-0603,5,ER1,30,ER1-DLM,44926,20221231,44911,20221216,44926,20221231,DIST,Rental Income,962000,EUR,0.994348,956563,2022 Q4,Settled,ER1-2022Q4
854,CF-ER1-20230331-EXP,5,ER1,,,45016,20230331,45001,20230316,45016,20230331,CALL,Fund Expense,-375000,EUR,0.982912,-368592,2023 Q1,Settled,ER1-2023Q1
855,CF-ER1-20230331-FEE,5,ER1,,,45016,20230331,45001,20230316,45016,20230331,CALL,Management Fee,-1477000,EUR,0.982912,-1451761,2023 Q1,Settled,ER1-2023Q1
856,CF-ER1-20230331-0515,5,ER1,26,ER1-RLP,45016,20230331,45001,20230316,45016,20230331,DIST,Refinance,20795000,EUR,0.982912,20439655,2023 Q1,Settled,ER1-2023Q1
857,CF-ER1-20230331-0536,5,ER1,27,ER1-LLP,45016,20230331,45001,20230316,45016,20230331,DIST,Rental Income,625000,EUR,0.982912,614320,2023 Q1,Settled,ER1-2023Q1
858,CF-ER1-20230331-0559,5,ER1,28,ER1-MUL,45016,20230331,45001,20230316,45016,20230331,DIST,Rental Income,716000,EUR,0.982912,703765,2023 Q1,Settled,ER1-2023Q1
859,CF-ER1-20230331-0583,5,ER1,29,ER1-BFO,45016,20230331,45001,20230316,45016,20230331,DIST,Rental Income,1152000,EUR,0.982912,1132315,2023 Q1,Settled,ER1-2023Q1
860,CF-ER1-20230331-0604,5,ER1,30,ER1-DLM,45016,20230331,45001,20230316,45016,20230331,DIST,Rental Income,974000,EUR,0.982912,957356,2023 Q1,Settled,ER1-2023Q1
861,CF-ER1-20230630-EXP,5,ER1,,,45107,20230630,45092,20230615,45107,20230630,CALL,Fund Expense,-375000,EUR,0.966214,-362330,2023 Q2,Settled,ER1-2023Q2
862,CF-ER1-20230630-FEE,5,ER1,,,45107,20230630,45092,20230615,45107,20230630,CALL,Management Fee,-1406000,EUR,0.966214,-1358497,2023 Q2,Settled,ER1-2023Q2
863,CF-ER1-20230630-0516,5,ER1,26,ER1-RLP,45107,20230630,45092,20230615,45107,20230630,DIST,Rental Income,456000,EUR,0.966214,440594,2023 Q2,Settled,ER1-2023Q2
864,CF-ER1-20230630-0537,5,ER1,27,ER1-LLP,45107,20230630,45092,20230615,45107,20230630,DIST,Rental Income,631000,EUR,0.966214,609681,2023 Q2,Settled,ER1-2023Q2
865,CF-ER1-20230630-0560,5,ER1,28,ER1-MUL,45107,20230630,45092,20230615,45107,20230630,DIST,Rental Income,722000,EUR,0.966214,697607,2023 Q2,Settled,ER1-2023Q2
866,CF-ER1-20230630-0584,5,ER1,29,ER1-BFO,45107,20230630,45092,20230615,45107,20230630,DIST,Rental Income,1164000,EUR,0.966214,1124673,2023 Q2,Settled,ER1-2023Q2
867,CF-ER1-20230630-0605,5,ER1,30,ER1-DLM,45107,20230630,45092,20230615,45107,20230630,DIST,Rental Income,985000,EUR,0.966214,951721,2023 Q2,Settled,ER1-2023Q2
868,CF-ER1-20230930-EXP,5,ER1,,,45199,20230930,45184,20230915,45199,20230930,CALL,Fund Expense,-375000,EUR,0.957615,-359106,2023 Q3,Settled,ER1-2023Q3
869,CF-ER1-20230930-FEE,5,ER1,,,45199,20230930,45184,20230915,45199,20230930,CALL,Management Fee,-1336000,EUR,0.957615,-1279374,2023 Q3,Settled,ER1-2023Q3
870,CF-ER1-20230930-0517,5,ER1,26,ER1-RLP,45199,20230930,45184,20230915,45199,20230930,DIST,Rental Income,461000,EUR,0.957615,441461,2023 Q3,Settled,ER1-2023Q3
871,CF-ER1-20230930-0538,5,ER1,27,ER1-LLP,45199,20230930,45184,20230915,45199,20230930,DIST,Rental Income,637000,EUR,0.957615,610001,2023 Q3,Settled,ER1-2023Q3
872,CF-ER1-20230930-0561,5,ER1,28,ER1-MUL,45199,20230930,45184,20230915,45199,20230930,DIST,Rental Income,729000,EUR,0.957615,698101,2023 Q3,Settled,ER1-2023Q3
873,CF-ER1-20230930-0585,5,ER1,29,ER1-BFO,45199,20230930,45184,20230915,45199,20230930,DIST,Rental Income,1175000,EUR,0.957615,1125198,2023 Q3,Settled,ER1-2023Q3
874,CF-ER1-20230930-0606,5,ER1,30,ER1-DLM,45199,20230930,45184,20230915,45199,20230930,DIST,Rental Income,997000,EUR,0.957615,954742,2023 Q3,Settled,ER1-2023Q3
875,CF-ER1-20231231-EXP,5,ER1,,,45291,20231231,45276,20231216,45291,20231231,CALL,Fund Expense,-375000,EUR,0.954151,-357807,2023 Q4,Settled,ER1-2023Q4
876,CF-ER1-20231231-FEE,5,ER1,,,45291,20231231,45276,20231216,45291,20231231,CALL,Management Fee,-1266000,EUR,0.954151,-1207955,2023 Q4,Settled,ER1-2023Q4
877,CF-ER1-20231231-0518,5,ER1,26,ER1-RLP,45291,20231231,45276,20231216,45291,20231231,DIST,Rental Income,465000,EUR,0.954151,443680,2023 Q4,Settled,ER1-2023Q4
878,CF-ER1-20231231-0539,5,ER1,27,ER1-LLP,45291,20231231,45276,20231216,45291,20231231,DIST,Rental Income,643000,EUR,0.954151,613519,2023 Q4,Settled,ER1-2023Q4
879,CF-ER1-20231231-0562,5,ER1,28,ER1-MUL,45291,20231231,45276,20231216,45291,20231231,DIST,Rental Income,735000,EUR,0.954151,701301,2023 Q4,Settled,ER1-2023Q4
880,CF-ER1-20231231-0586,5,ER1,29,ER1-BFO,45291,20231231,45276,20231216,45291,20231231,DIST,Rental Income,1187000,EUR,0.954151,1132577,2023 Q4,Settled,ER1-2023Q4
881,CF-ER1-20231231-0607,5,ER1,30,ER1-DLM,45291,20231231,45276,20231216,45291,20231231,DIST,Rental Income,1009000,EUR,0.954151,962738,2023 Q4,Settled,ER1-2023Q4
882,CF-ER1-20240331-EXP,5,ER1,,,45382,20240331,45367,20240316,45382,20240331,CALL,Fund Expense,-375000,EUR,0.950049,-356268,2024 Q1,Settled,ER1-2024Q1
883,CF-ER1-20240331-FEE,5,ER1,,,45382,20240331,45367,20240316,45382,20240331,CALL,Management Fee,-1195000,EUR,0.950049,-1135309,2024 Q1,Settled,ER1-2024Q1
884,CF-ER1-20240331-0519,5,ER1,26,ER1-RLP,45382,20240331,45367,20240316,45382,20240331,DIST,Asset Sale,81842000,EUR,0.950049,77753910,2024 Q1,Settled,ER1-2024Q1
885,CF-ER1-20240331-0540,5,ER1,27,ER1-LLP,45382,20240331,45367,20240316,45382,20240331,DIST,Refinance,20288000,EUR,0.950049,19274594,2024 Q1,Settled,ER1-2024Q1
886,CF-ER1-20240331-0563,5,ER1,28,ER1-MUL,45382,20240331,45367,20240316,45382,20240331,DIST,Rental Income,742000,EUR,0.950049,704936,2024 Q1,Settled,ER1-2024Q1
887,CF-ER1-20240331-0587,5,ER1,29,ER1-BFO,45382,20240331,45367,20240316,45382,20240331,DIST,Rental Income,1199000,EUR,0.950049,1139109,2024 Q1,Settled,ER1-2024Q1
888,CF-ER1-20240331-0608,5,ER1,30,ER1-DLM,45382,20240331,45367,20240316,45382,20240331,DIST,Rental Income,1021000,EUR,0.950049,970000,2024 Q1,Settled,ER1-2024Q1
889,CF-ER1-20240630-EXP,5,ER1,,,45473,20240630,45458,20240615,45473,20240630,CALL,Fund Expense,-375000,EUR,0.941057,-352896,2024 Q2,Settled,ER1-2024Q2
890,CF-ER1-20240630-FEE,5,ER1,,,45473,20240630,45458,20240615,45473,20240630,CALL,Management Fee,-1125000,EUR,0.941057,-1058689,2024 Q2,Settled,ER1-2024Q2
891,CF-ER1-20240630-0564,5,ER1,28,ER1-MUL,45473,20240630,45458,20240615,45473,20240630,DIST,Refinance,22574000,EUR,0.941057,21243421,2024 Q2,Settled,ER1-2024Q2
892,CF-ER1-20240630-0588,5,ER1,29,ER1-BFO,45473,20240630,45458,20240615,45473,20240630,DIST,Refinance,18332000,EUR,0.941057,17251457,2024 Q2,Settled,ER1-2024Q2
893,CF-ER1-20240630-0541,5,ER1,27,ER1-LLP,45473,20240630,45458,20240615,45473,20240630,DIST,Rental Income,654000,EUR,0.941057,615451,2024 Q2,Settled,ER1-2024Q2
894,CF-ER1-20240630-0609,5,ER1,30,ER1-DLM,45473,20240630,45458,20240615,45473,20240630,DIST,Rental Income,1033000,EUR,0.941057,972112,2024 Q2,Settled,ER1-2024Q2
895,CF-ER1-20240930-EXP,5,ER1,,,45565,20240930,45550,20240915,45565,20240930,CALL,Fund Expense,-375000,EUR,0.940081,-352530,2024 Q3,Settled,ER1-2024Q3
896,CF-ER1-20240930-FEE,5,ER1,,,45565,20240930,45550,20240915,45565,20240930,CALL,Management Fee,-1055000,EUR,0.940081,-991785,2024 Q3,Settled,ER1-2024Q3
897,CF-ER1-20240930-0542,5,ER1,27,ER1-LLP,45565,20240930,45550,20240915,45565,20240930,DIST,Rental Income,660000,EUR,0.940081,620453,2024 Q3,Settled,ER1-2024Q3
898,CF-ER1-20240930-0565,5,ER1,28,ER1-MUL,45565,20240930,45550,20240915,45565,20240930,DIST,Rental Income,755000,EUR,0.940081,709761,2024 Q3,Settled,ER1-2024Q3
899,CF-ER1-20240930-0589,5,ER1,29,ER1-BFO,45565,20240930,45550,20240915,45565,20240930,DIST,Rental Income,1222000,EUR,0.940081,1148779,2024 Q3,Settled,ER1-2024Q3
900,CF-ER1-20240930-0610,5,ER1,30,ER1-DLM,45565,20240930,45550,20240915,45565,20240930,DIST,Rental Income,1044000,EUR,0.940081,981445,2024 Q3,Settled,ER1-2024Q3
901,CF-ER1-20241231-EXP,5,ER1,,,45657,20241231,45642,20241216,45657,20241231,CALL,Fund Expense,-375000,EUR,0.944067,-354025,2024 Q4,Settled,ER1-2024Q4
902,CF-ER1-20241231-FEE,5,ER1,,,45657,20241231,45642,20241216,45657,20241231,CALL,Management Fee,-984000,EUR,0.944067,-928962,2024 Q4,Settled,ER1-2024Q4
903,CF-ER1-20241231-0543,5,ER1,27,ER1-LLP,45657,20241231,45642,20241216,45657,20241231,DIST,Rental Income,666000,EUR,0.944067,628749,2024 Q4,Settled,ER1-2024Q4
904,CF-ER1-20241231-0566,5,ER1,28,ER1-MUL,45657,20241231,45642,20241216,45657,20241231,DIST,Rental Income,761000,EUR,0.944067,718435,2024 Q4,Settled,ER1-2024Q4
905,CF-ER1-20241231-0590,5,ER1,29,ER1-BFO,45657,20241231,45642,20241216,45657,20241231,DIST,Rental Income,1233000,EUR,0.944067,1164035,2024 Q4,Settled,ER1-2024Q4
906,CF-ER1-20241231-0611,5,ER1,30,ER1-DLM,45657,20241231,45642,20241216,45657,20241231,DIST,Rental Income,1056000,EUR,0.944067,996935,2024 Q4,Settled,ER1-2024Q4
907,CF-ER1-20250331-EXP,5,ER1,,,45747,20250331,45732,20250316,45747,20250331,CALL,Fund Expense,-375000,EUR,0.940037,-352514,2025 Q1,Settled,ER1-2025Q1
908,CF-ER1-20250331-FEE,5,ER1,,,45747,20250331,45732,20250316,45747,20250331,CALL,Management Fee,-914000,EUR,0.940037,-859194,2025 Q1,Settled,ER1-2025Q1
909,CF-ER1-20250331-0544,5,ER1,27,ER1-LLP,45747,20250331,45732,20250316,45747,20250331,DIST,Asset Sale,79231000,EUR,0.940037,74480072,2025 Q1,Settled,ER1-2025Q1
910,CF-ER1-20250331-0567,5,ER1,28,ER1-MUL,45747,20250331,45732,20250316,45747,20250331,DIST,Rental Income,768000,EUR,0.940037,721948,2025 Q1,Settled,ER1-2025Q1
911,CF-ER1-20250331-0591,5,ER1,29,ER1-BFO,45747,20250331,45732,20250316,45747,20250331,DIST,Rental Income,1245000,EUR,0.940037,1170346,2025 Q1,Settled,ER1-2025Q1
912,CF-ER1-20250331-0612,5,ER1,30,ER1-DLM,45747,20250331,45732,20250316,45747,20250331,DIST,Rental Income,1068000,EUR,0.940037,1003960,2025 Q1,Settled,ER1-2025Q1
913,CF-ER1-20250630-EXP,5,ER1,,,45838,20250630,45823,20250615,45838,20250630,CALL,Fund Expense,-375000,EUR,0.931099,-349162,2025 Q2,Settled,ER1-2025Q2
914,CF-ER1-20250630-FEE,5,ER1,,,45838,20250630,45823,20250615,45838,20250630,CALL,Management Fee,-844000,EUR,0.931099,-785848,2025 Q2,Settled,ER1-2025Q2
915,CF-ER1-20250630-0568,5,ER1,28,ER1-MUL,45838,20250630,45823,20250615,45838,20250630,DIST,Rental Income,774000,EUR,0.931099,720671,2025 Q2,Settled,ER1-2025Q2
916,CF-ER1-20250630-0592,5,ER1,29,ER1-BFO,45838,20250630,45823,20250615,45838,20250630,DIST,Rental Income,1257000,EUR,0.931099,1170391,2025 Q2,Settled,ER1-2025Q2
917,CF-ER1-20250630-0613,5,ER1,30,ER1-DLM,45838,20250630,45823,20250615,45838,20250630,DIST,Rental Income,1080000,EUR,0.931099,1005587,2025 Q2,Settled,ER1-2025Q2
918,CF-ER1-20250930-EXP,5,ER1,,,45930,20250930,45915,20250915,45930,20250930,CALL,Fund Expense,-375000,EUR,0.930093,-348785,2025 Q3,Settled,ER1-2025Q3
919,CF-ER1-20250930-FEE,5,ER1,,,45930,20250930,45915,20250915,45930,20250930,CALL,Management Fee,-773000,EUR,0.930093,-718962,2025 Q3,Settled,ER1-2025Q3
920,CF-ER1-20250930-0569,5,ER1,28,ER1-MUL,45930,20250930,45915,20250915,45930,20250930,DIST,Rental Income,781000,EUR,0.930093,726403,2025 Q3,Settled,ER1-2025Q3
921,CF-ER1-20250930-0593,5,ER1,29,ER1-BFO,45930,20250930,45915,20250915,45930,20250930,DIST,Rental Income,1268000,EUR,0.930093,1179358,2025 Q3,Settled,ER1-2025Q3
922,CF-ER1-20250930-0614,5,ER1,30,ER1-DLM,45930,20250930,45915,20250915,45930,20250930,DIST,Rental Income,1092000,EUR,0.930093,1015662,2025 Q3,Settled,ER1-2025Q3
923,CF-ER1-20251231-EXP,5,ER1,,,46022,20251231,46007,20251216,46022,20251231,CALL,Fund Expense,-375000,EUR,0.933997,-350249,2025 Q4,Settled,ER1-2025Q4
924,CF-ER1-20251231-FEE,5,ER1,,,46022,20251231,46007,20251216,46022,20251231,CALL,Management Fee,-703000,EUR,0.933997,-656600,2025 Q4,Settled,ER1-2025Q4
925,CF-ER1-20251231-0570,5,ER1,28,ER1-MUL,46022,20251231,46007,20251216,46022,20251231,DIST,Rental Income,51713000,EUR,0.933997,48299787,2025 Q4,Settled,ER1-2025Q4
926,CF-ER1-20251231-0594,5,ER1,29,ER1-BFO,46022,20251231,46007,20251216,46022,20251231,DIST,Rental Income,41231000,EUR,0.933997,38509630,2025 Q4,Settled,ER1-2025Q4
927,CF-ER1-20251231-0615,5,ER1,30,ER1-DLM,46022,20251231,46007,20251216,46022,20251231,DIST,Rental Income,1103000,EUR,0.933997,1030199,2025 Q4,Settled,ER1-2025Q4
