DateKey,Date,DayNumber,DayName,DayOfWeekISO,WeekOfYear,Month,MonthName,MonthShort,Quarter,QuarterNum,Year,YearQuarter,YearMonth,MonthStartFlag,MonthEndFlag,QuarterStartFlag,QuarterEndFlag,YearStartFlag,YearEndFlag,IsWeekendFlag
20160101,42370,1,Friday,5,53,1,January,Jan,Q1,1,2016,2016 Q1,2016-01,Yes,No,Yes,No,Yes,No,No
20160102,42371,2,Saturday,6,53,1,January,Jan,Q1,1,2016,2016 Q1,2016-01,No,No,No,No,No,No,Yes
20160103,42372,3,Sunday,7,53,1,January,Jan,Q1,1,2016,2016 Q1,2016-01,No,No,No,No,No,No,Yes
20160104,42373,4,Monday,1,1,1,January,Jan,Q1,1,2016,2016 Q1,2016-01,No,No,No,No,No,No,No
20160105,42374,5,Tuesday,2,1,1,January,Jan,Q1,1,2016,2016 Q1,2016-01,No,No,No,No,No,No,No
20160106,42375,6,Wednesday,3,1,1,January,Jan,Q1,1,2016,2016 Q1,2016-01,No,No,No,No,No,No,No
20160107,42376,7,Thursday,4,1,1,January,Jan,Q1,1,2016,2016 Q1,2016-01,No,No,No,No,No,No,No
20160108,42377,8,Friday,5,1,1,January,Jan,Q1,1,2016,2016 Q1,2016-01,No,No,No,No,No,No,No
20160109,42378,9,Saturday,6,1,1,January,Jan,Q1,1,2016,2016 Q1,2016-01,No,No,No,No,No,No,Yes
20160110,42379,10,Sunday,7,1,1,January,Jan,Q1,1,2016,2016 Q1,2016-01,No,No,No,No,No,No,Yes
20160111,42380,11,Monday,1,2,1,January,Jan,Q1,1,2016,2016 Q1,2016-01,No,No,No,No,No,No,No
20160112,42381,12,Tuesday,2,2,1,January,Jan,Q1,1,2016,2016 Q1,2016-01,No,No,No,No,No,No,No
20160113,42382,13,Wednesday,3,2,1,January,Jan,Q1,1,2016,2016 Q1,2016-01,No,No,No,No,No,No,No
20160114,42383,14,Thursday,4,2,1,January,Jan,Q1,1,2016,2016 Q1,2016-01,No,No,No,No,No,No,No
20160115,42384,15,Friday,5,2,1,January,Jan,Q1,1,2016,2016 Q1,2016-01,No,No,No,No,No,No,No
20160116,42385,16,Saturday,6,2,1,January,Jan,Q1,1,2016,2016 Q1,2016-01,No,No,No,No,No,No,Yes
20160117,42386,17,Sunday,7,2,1,January,Jan,Q1,1,2016,2016 Q1,2016-01,No,No,No,No,No,No,Yes
20160118,42387,18,Monday,1,3,1,January,Jan,Q1,1,2016,2016 Q1,2016-01,No,No,No,No,No,No,No
20160119,42388,19,Tuesday,2,3,1,January,Jan,Q1,1,2016,2016 Q1,2016-01,No,No,No,No,No,No,No
20160120,42389,20,Wednesday,3,3,1,January,Jan,Q1,1,2016,2016 Q1,2016-01,No,No,No,No,No,No,No
20160121,42390,21,Thursday,4,3,1,January,Jan,Q1,1,2016,2016 Q1,2016-01,No,No,No,No,No,No,No
20160122,42391,22,Friday,5,3,1,January,Jan,Q1,1,2016,2016 Q1,2016-01,No,No,No,No,No,No,No
20160123,42392,23,Saturday,6,3,1,January,Jan,Q1,1,2016,2016 Q1,2016-01,No,No,No,No,No,No,Yes
20160124,42393,24,Sunday,7,3,1,January,Jan,Q1,1,2016,2016 Q1,2016-01,No,No,No,No,No,No,Yes
20160125,42394,25,Monday,1,4,1,January,Jan,Q1,1,2016,2016 Q1,2016-01,No,No,No,No,No,No,No
20160126,42395,26,Tuesday,2,4,1,January,Jan,Q1,1,2016,2016 Q1,2016-01,No,No,No,No,No,No,No
20160127,42396,27,Wednesday,3,4,1,January,Jan,Q1,1,2016,2016 Q1,2016-01,No,No,No,No,No,No,No
20160128,42397,28,Thursday,4,4,1,January,Jan,Q1,1,2016,2016 Q1,2016-01,No,No,No,No,No,No,No
20160129,42398,29,Friday,5,4,1,January,Jan,Q1,1,2016,2016 Q1,2016-01,No,No,No,No,No,No,No
20160130,42399,30,Saturday,6,4,1,January,Jan,Q1,1,2016,2016 Q1,2016-01,No,No,No,No,No,No,Yes
20160131,42400,31,Sunday,7,4,1,January,Jan,Q1,1,2016,2016 Q1,2016-01,No,Yes,No,No,No,No,Yes
20160201,42401,1,Monday,1,5,2,February,Feb,Q1,1,2016,2016 Q1,2016-02,Yes,No,No,No,No,No,No
20160202,42402,2,Tuesday,2,5,2,February,Feb,Q1,1,2016,2016 Q1,2016-02,No,No,No,No,No,No,No
20160203,42403,3,Wednesday,3,5,2,February,Feb,Q1,1,2016,2016 Q1,2016-02,No,No,No,No,No,No,No
20160204,42404,4,Thursday,4,5,2,February,Feb,Q1,1,2016,2016 Q1,2016-02,No,No,No,No,No,No,No
20160205,42405,5,Friday,5,5,2,February,Feb,Q1,1,2016,2016 Q1,2016-02,No,No,No,No,No,No,No
20160206,42406,6,Saturday,6,5,2,February,Feb,Q1,1,2016,2016 Q1,2016-02,No,No,No,No,No,No,Yes
20160207,42407,7,Sunday,7,5,2,February,Feb,Q1,1,2016,2016 Q1,2016-02,No,No,No,No,No,No,Yes
20160208,42408,8,Monday,1,6,2,February,Feb,Q1,1,2016,2016 Q1,2016-02,No,No,No,No,No,No,No
20160209,42409,9,Tuesday,2,6,2,February,Feb,Q1,1,2016,2016 Q1,2016-02,No,No,No,No,No,No,No
20160210,42410,10,Wednesday,3,6,2,February,Feb,Q1,1,2016,2016 Q1,2016-02,No,No,No,No,No,No,No
20160211,42411,11,Thursday,4,6,2,February,Feb,Q1,1,2016,2016 Q1,2016-02,No,No,No,No,No,No,No
20160212,42412,12,Friday,5,6,2,February,Feb,Q1,1,2016,2016 Q1,2016-02,No,No,No,No,No,No,No
20160213,42413,13,Saturday,6,6,2,February,Feb,Q1,1,2016,2016 Q1,2016-02,No,No,No,No,No,No,Yes
20160214,42414,14,Sunday,7,6,2,February,Feb,Q1,1,2016,2016 Q1,2016-02,No,No,No,No,No,No,Yes
20160215,42415,15,Monday,1,7,2,February,Feb,Q1,1,2016,2016 Q1,2016-02,No,No,No,No,No,No,No
20160216,42416,16,Tuesday,2,7,2,February,Feb,Q1,1,2016,2016 Q1,2016-02,No,No,No,No,No,No,No
20160217,42417,17,Wednesday,3,7,2,February,Feb,Q1,1,2016,2016 Q1,2016-02,No,No,No,No,No,No,No
20160218,42418,18,Thursday,4,7,2,February,Feb,Q1,1,2016,2016 Q1,2016-02,No,No,No,No,No,No,No
20160219,42419,19,Friday,5,7,2,February,Feb,Q1,1,2016,2016 Q1,2016-02,No,No,No,No,No,No,No
20160220,42420,20,Saturday,6,7,2,February,Feb,Q1,1,2016,2016 Q1,2016-02,No,No,No,No,No,No,Yes
20160221,42421,21,Sunday,7,7,2,February,Feb,Q1,1,2016,2016 Q1,2016-02,No,No,No,No,No,No,Yes
20160222,42422,22,Monday,1,8,2,February,Feb,Q1,1,2016,2016 Q1,2016-02,No,No,No,No,No,No,No
20160223,42423,23,Tuesday,2,8,2,February,Feb,Q1,1,2016,2016 Q1,2016-02,No,No,No,No,No,No,No
20160224,42424,24,Wednesday,3,8,2,February,Feb,Q1,1,2016,2016 Q1,2016-02,No,No,No,No,No,No,No
20160225,42425,25,Thursday,4,8,2,February,Feb,Q1,1,2016,2016 Q1,2016-02,No,No,No,No,No,No,No
20160226,42426,26,Friday,5,8,2,February,Feb,Q1,1,2016,2016 Q1,2016-02,No,No,No,No,No,No,No
20160227,42427,27,Saturday,6,8,2,February,Feb,Q1,1,2016,2016 Q1,2016-02,No,No,No,No,No,No,Yes
20160228,42428,28,Sunday,7,8,2,February,Feb,Q1,1,2016,2016 Q1,2016-02,No,No,No,No,No,No,Yes
20160229,42429,29,Monday,1,9,2,February,Feb,Q1,1,2016,2016 Q1,2016-02,No,Yes,No,No,No,No,No
20160301,42430,1,Tuesday,2,9,3,March,Mar,Q1,1,2016,2016 Q1,2016-03,Yes,No,No,No,No,No,No
20160302,42431,2,Wednesday,3,9,3,March,Mar,Q1,1,2016,2016 Q1,2016-03,No,No,No,No,No,No,No
20160303,42432,3,Thursday,4,9,3,March,Mar,Q1,1,2016,2016 Q1,2016-03,No,No,No,No,No,No,No
20160304,42433,4,Friday,5,9,3,March,Mar,Q1,1,2016,2016 Q1,2016-03,No,No,No,No,No,No,No
20160305,42434,5,Saturday,6,9,3,March,Mar,Q1,1,2016,2016 Q1,2016-03,No,No,No,No,No,No,Yes
20160306,42435,6,Sunday,7,9,3,March,Mar,Q1,1,2016,2016 Q1,2016-03,No,No,No,No,No,No,Yes
20160307,42436,7,Monday,1,10,3,March,Mar,Q1,1,2016,2016 Q1,2016-03,No,No,No,No,No,No,No
20160308,42437,8,Tuesday,2,10,3,March,Mar,Q1,1,2016,2016 Q1,2016-03,No,No,No,No,No,No,No
20160309,42438,9,Wednesday,3,10,3,March,Mar,Q1,1,2016,2016 Q1,2016-03,No,No,No,No,No,No,No
20160310,42439,10,Thursday,4,10,3,March,Mar,Q1,1,2016,2016 Q1,2016-03,No,No,No,No,No,No,No
20160311,42440,11,Friday,5,10,3,March,Mar,Q1,1,2016,2016 Q1,2016-03,No,No,No,No,No,No,No
20160312,42441,12,Saturday,6,10,3,March,Mar,Q1,1,2016,2016 Q1,2016-03,No,No,No,No,No,No,Yes
20160313,42442,13,Sunday,7,10,3,March,Mar,Q1,1,2016,2016 Q1,2016-03,No,No,No,No,No,No,Yes
20160314,42443,14,Monday,1,11,3,March,Mar,Q1,1,2016,2016 Q1,2016-03,No,No,No,No,No,No,No
20160315,42444,15,Tuesday,2,11,3,March,Mar,Q1,1,2016,2016 Q1,2016-03,No,No,No,No,No,No,No
20160316,42445,16,Wednesday,3,11,3,March,Mar,Q1,1,2016,2016 Q1,2016-03,No,No,No,No,No,No,No
20160317,42446,17,Thursday,4,11,3,March,Mar,Q1,1,2016,2016 Q1,2016-03,No,No,No,No,No,No,No
20160318,42447,18,Friday,5,11,3,March,Mar,Q1,1,2016,2016 Q1,2016-03,No,No,No,No,No,No,No
20160319,42448,19,Saturday,6,11,3,March,Mar,Q1,1,2016,2016 Q1,2016-03,No,No,No,No,No,No,Yes
20160320,42449,20,Sunday,7,11,3,March,Mar,Q1,1,2016,2016 Q1,2016-03,No,No,No,No,No,No,Yes
20160321,42450,21,Monday,1,12,3,March,Mar,Q1,1,2016,2016 Q1,2016-03,No,No,No,No,No,No,No
20160322,42451,22,Tuesday,2,12,3,March,Mar,Q1,1,2016,2016 Q1,2016-03,No,No,No,No,No,No,No
20160323,42452,23,Wednesday,3,12,3,March,Mar,Q1,1,2016,2016 Q1,2016-03,No,No,No,No,No,No,No
20160324,42453,24,Thursday,4,12,3,March,Mar,Q1,1,2016,2016 Q1,2016-03,No,No,No,No,No,No,No
20160325,42454,25,Friday,5,12,3,March,Mar,Q1,1,2016,2016 Q1,2016-03,No,No,No,No,No,No,No
20160326,42455,26,Saturday,6,12,3,March,Mar,Q1,1,2016,2016 Q1,2016-03,No,No,No,No,No,No,Yes
20160327,42456,27,Sunday,7,12,3,March,Mar,Q1,1,2016,2016 Q1,2016-03,No,No,No,No,No,No,Yes
20160328,42457,28,Monday,1,13,3,March,Mar,Q1,1,2016,2016 Q1,2016-03,No,No,No,No,No,No,No
20160329,42458,29,Tuesday,2,13,3,March,Mar,Q1,1,2016,2016 Q1,2016-03,No,No,No,No,No,No,No
20160330,42459,30,Wednesday,3,13,3,March,Mar,Q1,1,2016,2016 Q1,2016-03,No,No,No,No,No,No,No
20160331,42460,31,Thursday,4,13,3,March,Mar,Q1,1,2016,2016 Q1,2016-03,No,Yes,No,Yes,No,No,No
20160401,42461,1,Friday,5,13,4,April,Apr,Q2,2,2016,2016 Q2,2016-04,Yes,No,Yes,No,No,No,No
20160402,42462,2,Saturday,6,13,4,April,Apr,Q2,2,2016,2016 Q2,2016-04,No,No,No,No,No,No,Yes
20160403,42463,3,Sunday,7,13,4,April,Apr,Q2,2,2016,2016 Q2,2016-04,No,No,No,No,No,No,Yes
20160404,42464,4,Monday,1,14,4,April,Apr,Q2,2,2016,2016 Q2,2016-04,No,No,No,No,No,No,No
20160405,42465,5,Tuesday,2,14,4,April,Apr,Q2,2,2016,2016 Q2,2016-04,No,No,No,No,No,No,No
20160406,42466,6,Wednesday,3,14,4,April,Apr,Q2,2,2016,2016 Q2,2016-04,No,No,No,No,No,No,No
20160407,42467,7,Thursday,4,14,4,April,Apr,Q2,2,2016,2016 Q2,2016-04,No,No,No,No,No,No,No
20160408,42468,8,Friday,5,14,4,April,Apr,Q2,2,2016,2016 Q2,2016-04,No,No,No,No,No,No,No
20160409,42469,9,Saturday,6,14,4,April,Apr,Q2,2,2016,2016 Q2,2016-04,No,No,No,No,No,No,Yes
20160410,42470,10,Sunday,7,14,4,April,Apr,Q2,2,2016,2016 Q2,2016-04,No,No,No,No,No,No,Yes
20160411,42471,11,Monday,1,15,4,April,Apr,Q2,2,2016,2016 Q2,2016-04,No,No,No,No,No,No,No
20160412,42472,12,Tuesday,2,15,4,April,Apr,Q2,2,2016,2016 Q2,2016-04,No,No,No,No,No,No,No
20160413,42473,13,Wednesday,3,15,4,April,Apr,Q2,2,2016,2016 Q2,2016-04,No,No,No,No,No,No,No
20160414,42474,14,Thursday,4,15,4,April,Apr,Q2,2,2016,2016 Q2,2016-04,No,No,No,No,No,No,No
20160415,42475,15,Friday,5,15,4,April,Apr,Q2,2,2016,2016 Q2,2016-04,No,No,No,No,No,No,No
20160416,42476,16,Saturday,6,15,4,April,Apr,Q2,2,2016,2016 Q2,2016-04,No,No,No,No,No,No,Yes
20160417,42477,17,Sunday,7,15,4,April,Apr,Q2,2,2016,2016 Q2,2016-04,No,No,No,No,No,No,Yes
20160418,42478,18,Monday,1,16,4,April,Apr,Q2,2,2016,2016 Q2,2016-04,No,No,No,No,No,No,No
20160419,42479,19,Tuesday,2,16,4,April,Apr,Q2,2,2016,2016 Q2,2016-04,No,No,No,No,No,No,No
20160420,42480,20,Wednesday,3,16,4,April,Apr,Q2,2,2016,2016 Q2,2016-04,No,No,No,No,No,No,No
20160421,42481,21,Thursday,4,16,4,April,Apr,Q2,2,2016,2016 Q2,2016-04,No,No,No,No,No,No,No
20160422,42482,22,Friday,5,16,4,April,Apr,Q2,2,2016,2016 Q2,2016-04,No,No,No,No,No,No,No
20160423,42483,23,Saturday,6,16,4,April,Apr,Q2,2,2016,2016 Q2,2016-04,No,No,No,No,No,No,Yes
20160424,42484,24,Sunday,7,16,4,April,Apr,Q2,2,2016,2016 Q2,2016-04,No,No,No,No,No,No,Yes
20160425,42485,25,Monday,1,17,4,April,Apr,Q2,2,2016,2016 Q2,2016-04,No,No,No,No,No,No,No
20160426,42486,26,Tuesday,2,17,4,April,Apr,Q2,2,2016,2016 Q2,2016-04,No,No,No,No,No,No,No
20160427,42487,27,Wednesday,3,17,4,April,Apr,Q2,2,2016,2016 Q2,2016-04,No,No,No,No,No,No,No
20160428,42488,28,Thursday,4,17,4,April,Apr,Q2,2,2016,2016 Q2,2016-04,No,No,No,No,No,No,No
20160429,42489,29,Friday,5,17,4,April,Apr,Q2,2,2016,2016 Q2,2016-04,No,No,No,No,No,No,No
20160430,42490,30,Saturday,6,17,4,April,Apr,Q2,2,2016,2016 Q2,2016-04,No,Yes,No,No,No,No,Yes
20160501,42491,1,Sunday,7,17,5,May,May,Q2,2,2016,2016 Q2,2016-05,Yes,No,No,No,No,No,Yes
20160502,42492,2,Monday,1,18,5,May,May,Q2,2,2016,2016 Q2,2016-05,No,No,No,No,No,No,No
20160503,42493,3,Tuesday,2,18,5,May,May,Q2,2,2016,2016 Q2,2016-05,No,No,No,No,No,No,No
20160504,42494,4,Wednesday,3,18,5,May,May,Q2,2,2016,2016 Q2,2016-05,No,No,No,No,No,No,No
20160505,42495,5,Thursday,4,18,5,May,May,Q2,2,2016,2016 Q2,2016-05,No,No,No,No,No,No,No
20160506,42496,6,Friday,5,18,5,May,May,Q2,2,2016,2016 Q2,2016-05,No,No,No,No,No,No,No
20160507,42497,7,Saturday,6,18,5,May,May,Q2,2,2016,2016 Q2,2016-05,No,No,No,No,No,No,Yes
20160508,42498,8,Sunday,7,18,5,May,May,Q2,2,2016,2016 Q2,2016-05,No,No,No,No,No,No,Yes
20160509,42499,9,Monday,1,19,5,May,May,Q2,2,2016,2016 Q2,2016-05,No,No,No,No,No,No,No
20160510,42500,10,Tuesday,2,19,5,May,May,Q2,2,2016,2016 Q2,2016-05,No,No,No,No,No,No,No
20160511,42501,11,Wednesday,3,19,5,May,May,Q2,2,2016,2016 Q2,2016-05,No,No,No,No,No,No,No
20160512,42502,12,Thursday,4,19,5,May,May,Q2,2,2016,2016 Q2,2016-05,No,No,No,No,No,No,No
20160513,42503,13,Friday,5,19,5,May,May,Q2,2,2016,2016 Q2,2016-05,No,No,No,No,No,No,No
20160514,42504,14,Saturday,6,19,5,May,May,Q2,2,2016,2016 Q2,2016-05,No,No,No,No,No,No,Yes
20160515,42505,15,Sunday,7,19,5,May,May,Q2,2,2016,2016 Q2,2016-05,No,No,No,No,No,No,Yes
20160516,42506,16,Monday,1,20,5,May,May,Q2,2,2016,2016 Q2,2016-05,No,No,No,No,No,No,No
20160517,42507,17,Tuesday,2,20,5,May,May,Q2,2,2016,2016 Q2,2016-05,No,No,No,No,No,No,No
20160518,42508,18,Wednesday,3,20,5,May,May,Q2,2,2016,2016 Q2,2016-05,No,No,No,No,No,No,No
20160519,42509,19,Thursday,4,20,5,May,May,Q2,2,2016,2016 Q2,2016-05,No,No,No,No,No,No,No
20160520,42510,20,Friday,5,20,5,May,May,Q2,2,2016,2016 Q2,2016-05,No,No,No,No,No,No,No
20160521,42511,21,Saturday,6,20,5,May,May,Q2,2,2016,2016 Q2,2016-05,No,No,No,No,No,No,Yes
20160522,42512,22,Sunday,7,20,5,May,May,Q2,2,2016,2016 Q2,2016-05,No,No,No,No,No,No,Yes
20160523,42513,23,Monday,1,21,5,May,May,Q2,2,2016,2016 Q2,2016-05,No,No,No,No,No,No,No
20160524,42514,24,Tuesday,2,21,5,May,May,Q2,2,2016,2016 Q2,2016-05,No,No,No,No,No,No,No
20160525,42515,25,Wednesday,3,21,5,May,May,Q2,2,2016,2016 Q2,2016-05,No,No,No,No,No,No,No
20160526,42516,26,Thursday,4,21,5,May,May,Q2,2,2016,2016 Q2,2016-05,No,No,No,No,No,No,No
20160527,42517,27,Friday,5,21,5,May,May,Q2,2,2016,2016 Q2,2016-05,No,No,No,No,No,No,No
20160528,42518,28,Saturday,6,21,5,May,May,Q2,2,2016,2016 Q2,2016-05,No,No,No,No,No,No,Yes
20160529,42519,29,Sunday,7,21,5,May,May,Q2,2,2016,2016 Q2,2016-05,No,No,No,No,No,No,Yes
20160530,42520,30,Monday,1,22,5,May,May,Q2,2,2016,2016 Q2,2016-05,No,No,No,No,No,No,No
20160531,42521,31,Tuesday,2,22,5,May,May,Q2,2,2016,2016 Q2,2016-05,No,Yes,No,No,No,No,No
20160601,42522,1,Wednesday,3,22,6,June,Jun,Q2,2,2016,2016 Q2,2016-06,Yes,No,No,No,No,No,No
20160602,42523,2,Thursday,4,22,6,June,Jun,Q2,2,2016,2016 Q2,2016-06,No,No,No,No,No,No,No
20160603,42524,3,Friday,5,22,6,June,Jun,Q2,2,2016,2016 Q2,2016-06,No,No,No,No,No,No,No
20160604,42525,4,Saturday,6,22,6,June,Jun,Q2,2,2016,2016 Q2,2016-06,No,No,No,No,No,No,Yes
20160605,42526,5,Sunday,7,22,6,June,Jun,Q2,2,2016,2016 Q2,2016-06,No,No,No,No,No,No,Yes
20160606,42527,6,Monday,1,23,6,June,Jun,Q2,2,2016,2016 Q2,2016-06,No,No,No,No,No,No,No
20160607,42528,7,Tuesday,2,23,6,June,Jun,Q2,2,2016,2016 Q2,2016-06,No,No,No,No,No,No,No
20160608,42529,8,Wednesday,3,23,6,June,Jun,Q2,2,2016,2016 Q2,2016-06,No,No,No,No,No,No,No
20160609,42530,9,Thursday,4,23,6,June,Jun,Q2,2,2016,2016 Q2,2016-06,No,No,No,No,No,No,No
20160610,42531,10,Friday,5,23,6,June,Jun,Q2,2,2016,2016 Q2,2016-06,No,No,No,No,No,No,No
20160611,42532,11,Saturday,6,23,6,June,Jun,Q2,2,2016,2016 Q2,2016-06,No,No,No,No,No,No,Yes
20160612,42533,12,Sunday,7,23,6,June,Jun,Q2,2,2016,2016 Q2,2016-06,No,No,No,No,No,No,Yes
20160613,42534,13,Monday,1,24,6,June,Jun,Q2,2,2016,2016 Q2,2016-06,No,No,No,No,No,No,No
20160614,42535,14,Tuesday,2,24,6,June,Jun,Q2,2,2016,2016 Q2,2016-06,No,No,No,No,No,No,No
20160615,42536,15,Wednesday,3,24,6,June,Jun,Q2,2,2016,2016 Q2,2016-06,No,No,No,No,No,No,No
20160616,42537,16,Thursday,4,24,6,June,Jun,Q2,2,2016,2016 Q2,2016-06,No,No,No,No,No,No,No
20160617,42538,17,Friday,5,24,6,June,Jun,Q2,2,2016,2016 Q2,2016-06,No,No,No,No,No,No,No
20160618,42539,18,Saturday,6,24,6,June,Jun,Q2,2,2016,2016 Q2,2016-06,No,No,No,No,No,No,Yes
20160619,42540,19,Sunday,7,24,6,June,Jun,Q2,2,2016,2016 Q2,2016-06,No,No,No,No,No,No,Yes
20160620,42541,20,Monday,1,25,6,June,Jun,Q2,2,2016,2016 Q2,2016-06,No,No,No,No,No,No,No
20160621,42542,21,Tuesday,2,25,6,June,Jun,Q2,2,2016,2016 Q2,2016-06,No,No,No,No,No,No,No
20160622,42543,22,Wednesday,3,25,6,June,Jun,Q2,2,2016,2016 Q2,2016-06,No,No,No,No,No,No,No
20160623,42544,23,Thursday,4,25,6,June,Jun,Q2,2,2016,2016 Q2,2016-06,No,No,No,No,No,No,No
20160624,42545,24,Friday,5,25,6,June,Jun,Q2,2,2016,2016 Q2,2016-06,No,No,No,No,No,No,No
20160625,42546,25,Saturday,6,25,6,June,Jun,Q2,2,2016,2016 Q2,2016-06,No,No,No,No,No,No,Yes
20160626,42547,26,Sunday,7,25,6,June,Jun,Q2,2,2016,2016 Q2,2016-06,No,No,No,No,No,No,Yes
20160627,42548,27,Monday,1,26,6,June,Jun,Q2,2,2016,2016 Q2,2016-06,No,No,No,No,No,No,No
20160628,42549,28,Tuesday,2,26,6,June,Jun,Q2,2,2016,2016 Q2,2016-06,No,No,No,No,No,No,No
20160629,42550,29,Wednesday,3,26,6,June,Jun,Q2,2,2016,2016 Q2,2016-06,No,No,No,No,No,No,No
20160630,42551,30,Thursday,4,26,6,June,Jun,Q2,2,2016,2016 Q2,2016-06,No,Yes,No,Yes,No,No,No
20160701,42552,1,Friday,5,26,7,July,Jul,Q3,3,2016,2016 Q3,2016-07,Yes,No,Yes,No,No,No,No
20160702,42553,2,Saturday,6,26,7,July,Jul,Q3,3,2016,2016 Q3,2016-07,No,No,No,No,No,No,Yes
20160703,42554,3,Sunday,7,26,7,July,Jul,Q3,3,2016,2016 Q3,2016-07,No,No,No,No,No,No,Yes
20160704,42555,4,Monday,1,27,7,July,Jul,Q3,3,2016,2016 Q3,2016-07,No,No,No,No,No,No,No
20160705,42556,5,Tuesday,2,27,7,July,Jul,Q3,3,2016,2016 Q3,2016-07,No,No,No,No,No,No,No
20160706,42557,6,Wednesday,3,27,7,July,Jul,Q3,3,2016,2016 Q3,2016-07,No,No,No,No,No,No,No
20160707,42558,7,Thursday,4,27,7,July,Jul,Q3,3,2016,2016 Q3,2016-07,No,No,No,No,No,No,No
20160708,42559,8,Friday,5,27,7,July,Jul,Q3,3,2016,2016 Q3,2016-07,No,No,No,No,No,No,No
20160709,42560,9,Saturday,6,27,7,July,Jul,Q3,3,2016,2016 Q3,2016-07,No,No,No,No,No,No,Yes
20160710,42561,10,Sunday,7,27,7,July,Jul,Q3,3,2016,2016 Q3,2016-07,No,No,No,No,No,No,Yes
20160711,42562,11,Monday,1,28,7,July,Jul,Q3,3,2016,2016 Q3,2016-07,No,No,No,No,No,No,No
20160712,42563,12,Tuesday,2,28,7,July,Jul,Q3,3,2016,2016 Q3,2016-07,No,No,No,No,No,No,No
20160713,42564,13,Wednesday,3,28,7,July,Jul,Q3,3,2016,2016 Q3,2016-07,No,No,No,No,No,No,No
20160714,42565,14,Thursday,4,28,7,July,Jul,Q3,3,2016,2016 Q3,2016-07,No,No,No,No,No,No,No
20160715,42566,15,Friday,5,28,7,July,Jul,Q3,3,2016,2016 Q3,2016-07,No,No,No,No,No,No,No
20160716,42567,16,Saturday,6,28,7,July,Jul,Q3,3,2016,2016 Q3,2016-07,No,No,No,No,No,No,Yes
20160717,42568,17,Sunday,7,28,7,July,Jul,Q3,3,2016,2016 Q3,2016-07,No,No,No,No,No,No,Yes
20160718,42569,18,Monday,1,29,7,July,Jul,Q3,3,2016,2016 Q3,2016-07,No,No,No,No,No,No,No
20160719,42570,19,Tuesday,2,29,7,July,Jul,Q3,3,2016,2016 Q3,2016-07,No,No,No,No,No,No,No
20160720,42571,20,Wednesday,3,29,7,July,Jul,Q3,3,2016,2016 Q3,2016-07,No,No,No,No,No,No,No
20160721,42572,21,Thursday,4,29,7,July,Jul,Q3,3,2016,2016 Q3,2016-07,No,No,No,No,No,No,No
20160722,42573,22,Friday,5,29,7,July,Jul,Q3,3,2016,2016 Q3,2016-07,No,No,No,No,No,No,No
20160723,42574,23,Saturday,6,29,7,July,Jul,Q3,3,2016,2016 Q3,2016-07,No,No,No,No,No,No,Yes
20160724,42575,24,Sunday,7,29,7,July,Jul,Q3,3,2016,2016 Q3,2016-07,No,No,No,No,No,No,Yes
20160725,42576,25,Monday,1,30,7,July,Jul,Q3,3,2016,2016 Q3,2016-07,No,No,No,No,No,No,No
20160726,42577,26,Tuesday,2,30,7,July,Jul,Q3,3,2016,2016 Q3,2016-07,No,No,No,No,No,No,No
20160727,42578,27,Wednesday,3,30,7,July,Jul,Q3,3,2016,2016 Q3,2016-07,No,No,No,No,No,No,No
20160728,42579,28,Thursday,4,30,7,July,Jul,Q3,3,2016,2016 Q3,2016-07,No,No,No,No,No,No,No
20160729,42580,29,Friday,5,30,7,July,Jul,Q3,3,2016,2016 Q3,2016-07,No,No,No,No,No,No,No
20160730,42581,30,Saturday,6,30,7,July,Jul,Q3,3,2016,2016 Q3,2016-07,No,No,No,No,No,No,Yes
20160731,42582,31,Sunday,7,30,7,July,Jul,Q3,3,2016,2016 Q3,2016-07,No,Yes,No,No,No,No,Yes
20160801,42583,1,Monday,1,31,8,August,Aug,Q3,3,2016,2016 Q3,2016-08,Yes,No,No,No,No,No,No
20160802,42584,2,Tuesday,2,31,8,August,Aug,Q3,3,2016,2016 Q3,2016-08,No,No,No,No,No,No,No
20160803,42585,3,Wednesday,3,31,8,August,Aug,Q3,3,2016,2016 Q3,2016-08,No,No,No,No,No,No,No
20160804,42586,4,Thursday,4,31,8,August,Aug,Q3,3,2016,2016 Q3,2016-08,No,No,No,No,No,No,No
20160805,42587,5,Friday,5,31,8,August,Aug,Q3,3,2016,2016 Q3,2016-08,No,No,No,No,No,No,No
20160806,42588,6,Saturday,6,31,8,August,Aug,Q3,3,2016,2016 Q3,2016-08,No,No,No,No,No,No,Yes
20160807,42589,7,Sunday,7,31,8,August,Aug,Q3,3,2016,2016 Q3,2016-08,No,No,No,No,No,No,Yes
20160808,42590,8,Monday,1,32,8,August,Aug,Q3,3,2016,2016 Q3,2016-08,No,No,No,No,No,No,No
20160809,42591,9,Tuesday,2,32,8,August,Aug,Q3,3,2016,2016 Q3,2016-08,No,No,No,No,No,No,No
20160810,42592,10,Wednesday,3,32,8,August,Aug,Q3,3,2016,2016 Q3,2016-08,No,No,No,No,No,No,No
20160811,42593,11,Thursday,4,32,8,August,Aug,Q3,3,2016,2016 Q3,2016-08,No,No,No,No,No,No,No
20160812,42594,12,Friday,5,32,8,August,Aug,Q3,3,2016,2016 Q3,2016-08,No,No,No,No,No,No,No
20160813,42595,13,Saturday,6,32,8,August,Aug,Q3,3,2016,2016 Q3,2016-08,No,No,No,No,No,No,Yes
20160814,42596,14,Sunday,7,32,8,August,Aug,Q3,3,2016,2016 Q3,2016-08,No,No,No,No,No,No,Yes
20160815,42597,15,Monday,1,33,8,August,Aug,Q3,3,2016,2016 Q3,2016-08,No,No,No,No,No,No,No
20160816,42598,16,Tuesday,2,33,8,August,Aug,Q3,3,2016,2016 Q3,2016-08,No,No,No,No,No,No,No
20160817,42599,17,Wednesday,3,33,8,August,Aug,Q3,3,2016,2016 Q3,2016-08,No,No,No,No,No,No,No
20160818,42600,18,Thursday,4,33,8,August,Aug,Q3,3,2016,2016 Q3,2016-08,No,No,No,No,No,No,No
20160819,42601,19,Friday,5,33,8,August,Aug,Q3,3,2016,2016 Q3,2016-08,No,No,No,No,No,No,No
20160820,42602,20,Saturday,6,33,8,August,Aug,Q3,3,2016,2016 Q3,2016-08,No,No,No,No,No,No,Yes
20160821,42603,21,Sunday,7,33,8,August,Aug,Q3,3,2016,2016 Q3,2016-08,No,No,No,No,No,No,Yes
20160822,42604,22,Monday,1,34,8,August,Aug,Q3,3,2016,2016 Q3,2016-08,No,No,No,No,No,No,No
20160823,42605,23,Tuesday,2,34,8,August,Aug,Q3,3,2016,2016 Q3,2016-08,No,No,No,No,No,No,No
20160824,42606,24,Wednesday,3,34,8,August,Aug,Q3,3,2016,2016 Q3,2016-08,No,No,No,No,No,No,No
20160825,42607,25,Thursday,4,34,8,August,Aug,Q3,3,2016,2016 Q3,2016-08,No,No,No,No,No,No,No
20160826,42608,26,Friday,5,34,8,August,Aug,Q3,3,2016,2016 Q3,2016-08,No,No,No,No,No,No,No
20160827,42609,27,Saturday,6,34,8,August,Aug,Q3,3,2016,2016 Q3,2016-08,No,No,No,No,No,No,Yes
20160828,42610,28,Sunday,7,34,8,August,Aug,Q3,3,2016,2016 Q3,2016-08,No,No,No,No,No,No,Yes
20160829,42611,29,Monday,1,35,8,August,Aug,Q3,3,2016,2016 Q3,2016-08,No,No,No,No,No,No,No
20160830,42612,30,Tuesday,2,35,8,August,Aug,Q3,3,2016,2016 Q3,2016-08,No,No,No,No,No,No,No
20160831,42613,31,Wednesday,3,35,8,August,Aug,Q3,3,2016,2016 Q3,2016-08,No,Yes,No,No,No,No,No
20160901,42614,1,Thursday,4,35,9,September,Sep,Q3,3,2016,2016 Q3,2016-09,Yes,No,No,No,No,No,No
20160902,42615,2,Friday,5,35,9,September,Sep,Q3,3,2016,2016 Q3,2016-09,No,No,No,No,No,No,No
20160903,42616,3,Saturday,6,35,9,September,Sep,Q3,3,2016,2016 Q3,2016-09,No,No,No,No,No,No,Yes
20160904,42617,4,Sunday,7,35,9,September,Sep,Q3,3,2016,2016 Q3,2016-09,No,No,No,No,No,No,Yes
20160905,42618,5,Monday,1,36,9,September,Sep,Q3,3,2016,2016 Q3,2016-09,No,No,No,No,No,No,No
20160906,42619,6,Tuesday,2,36,9,September,Sep,Q3,3,2016,2016 Q3,2016-09,No,No,No,No,No,No,No
20160907,42620,7,Wednesday,3,36,9,September,Sep,Q3,3,2016,2016 Q3,2016-09,No,No,No,No,No,No,No
20160908,42621,8,Thursday,4,36,9,September,Sep,Q3,3,2016,2016 Q3,2016-09,No,No,No,No,No,No,No
20160909,42622,9,Friday,5,36,9,September,Sep,Q3,3,2016,2016 Q3,2016-09,No,No,No,No,No,No,No
20160910,42623,10,Saturday,6,36,9,September,Sep,Q3,3,2016,2016 Q3,2016-09,No,No,No,No,No,No,Yes
20160911,42624,11,Sunday,7,36,9,September,Sep,Q3,3,2016,2016 Q3,2016-09,No,No,No,No,No,No,Yes
20160912,42625,12,Monday,1,37,9,September,Sep,Q3,3,2016,2016 Q3,2016-09,No,No,No,No,No,No,No
20160913,42626,13,Tuesday,2,37,9,September,Sep,Q3,3,2016,2016 Q3,2016-09,No,No,No,No,No,No,No
20160914,42627,14,Wednesday,3,37,9,September,Sep,Q3,3,2016,2016 Q3,2016-09,No,No,No,No,No,No,No
20160915,42628,15,Thursday,4,37,9,September,Sep,Q3,3,2016,2016 Q3,2016-09,No,No,No,No,No,No,No
20160916,42629,16,Friday,5,37,9,September,Sep,Q3,3,2016,2016 Q3,2016-09,No,No,No,No,No,No,No
20160917,42630,17,Saturday,6,37,9,September,Sep,Q3,3,2016,2016 Q3,2016-09,No,No,No,No,No,No,Yes
20160918,42631,18,Sunday,7,37,9,September,Sep,Q3,3,2016,2016 Q3,2016-09,No,No,No,No,No,No,Yes
20160919,42632,19,Monday,1,38,9,September,Sep,Q3,3,2016,2016 Q3,2016-09,No,No,No,No,No,No,No
20160920,42633,20,Tuesday,2,38,9,September,Sep,Q3,3,2016,2016 Q3,2016-09,No,No,No,No,No,No,No
20160921,42634,21,Wednesday,3,38,9,September,Sep,Q3,3,2016,2016 Q3,2016-09,No,No,No,No,No,No,No
20160922,42635,22,Thursday,4,38,9,September,Sep,Q3,3,2016,2016 Q3,2016-09,No,No,No,No,No,No,No
20160923,42636,23,Friday,5,38,9,September,Sep,Q3,3,2016,2016 Q3,2016-09,No,No,No,No,No,No,No
20160924,42637,24,Saturday,6,38,9,September,Sep,Q3,3,2016,2016 Q3,2016-09,No,No,No,No,No,No,Yes
20160925,42638,25,Sunday,7,38,9,September,Sep,Q3,3,2016,2016 Q3,2016-09,No,No,No,No,No,No,Yes
20160926,42639,26,Monday,1,39,9,September,Sep,Q3,3,2016,2016 Q3,2016-09,No,No,No,No,No,No,No
20160927,42640,27,Tuesday,2,39,9,September,Sep,Q3,3,2016,2016 Q3,2016-09,No,No,No,No,No,No,No
20160928,42641,28,Wednesday,3,39,9,September,Sep,Q3,3,2016,2016 Q3,2016-09,No,No,No,No,No,No,No
20160929,42642,29,Thursday,4,39,9,September,Sep,Q3,3,2016,2016 Q3,2016-09,No,No,No,No,No,No,No
20160930,42643,30,Friday,5,39,9,September,Sep,Q3,3,2016,2016 Q3,2016-09,No,Yes,No,Yes,No,No,No
20161001,42644,1,Saturday,6,39,10,October,Oct,Q4,4,2016,2016 Q4,2016-10,Yes,No,Yes,No,No,No,Yes
20161002,42645,2,Sunday,7,39,10,October,Oct,Q4,4,2016,2016 Q4,2016-10,No,No,No,No,No,No,Yes
20161003,42646,3,Monday,1,40,10,October,Oct,Q4,4,2016,2016 Q4,2016-10,No,No,No,No,No,No,No
20161004,42647,4,Tuesday,2,40,10,October,Oct,Q4,4,2016,2016 Q4,2016-10,No,No,No,No,No,No,No
20161005,42648,5,Wednesday,3,40,10,October,Oct,Q4,4,2016,2016 Q4,2016-10,No,No,No,No,No,No,No
20161006,42649,6,Thursday,4,40,10,October,Oct,Q4,4,2016,2016 Q4,2016-10,No,No,No,No,No,No,No
20161007,42650,7,Friday,5,40,10,October,Oct,Q4,4,2016,2016 Q4,2016-10,No,No,No,No,No,No,No
20161008,42651,8,Saturday,6,40,10,October,Oct,Q4,4,2016,2016 Q4,2016-10,No,No,No,No,No,No,Yes
20161009,42652,9,Sunday,7,40,10,October,Oct,Q4,4,2016,2016 Q4,2016-10,No,No,No,No,No,No,Yes
20161010,42653,10,Monday,1,41,10,October,Oct,Q4,4,2016,2016 Q4,2016-10,No,No,No,No,No,No,No
20161011,42654,11,Tuesday,2,41,10,October,Oct,Q4,4,2016,2016 Q4,2016-10,No,No,No,No,No,No,No
20161012,42655,12,Wednesday,3,41,10,October,Oct,Q4,4,2016,2016 Q4,2016-10,No,No,No,No,No,No,No
20161013,42656,13,Thursday,4,41,10,October,Oct,Q4,4,2016,2016 Q4,2016-10,No,No,No,No,No,No,No
20161014,42657,14,Friday,5,41,10,October,Oct,Q4,4,2016,2016 Q4,2016-10,No,No,No,No,No,No,No
20161015,42658,15,Saturday,6,41,10,October,Oct,Q4,4,2016,2016 Q4,2016-10,No,No,No,No,No,No,Yes
20161016,42659,16,Sunday,7,41,10,October,Oct,Q4,4,2016,2016 Q4,2016-10,No,No,No,No,No,No,Yes
20161017,42660,17,Monday,1,42,10,October,Oct,Q4,4,2016,2016 Q4,2016-10,No,No,No,No,No,No,No
20161018,42661,18,Tuesday,2,42,10,October,Oct,Q4,4,2016,2016 Q4,2016-10,No,No,No,No,No,No,No
20161019,42662,19,Wednesday,3,42,10,October,Oct,Q4,4,2016,2016 Q4,2016-10,No,No,No,No,No,No,No
20161020,42663,20,Thursday,4,42,10,October,Oct,Q4,4,2016,2016 Q4,2016-10,No,No,No,No,No,No,No
20161021,42664,21,Friday,5,42,10,October,Oct,Q4,4,2016,2016 Q4,2016-10,No,No,No,No,No,No,No
20161022,42665,22,Saturday,6,42,10,October,Oct,Q4,4,2016,2016 Q4,2016-10,No,No,No,No,No,No,Yes
20161023,42666,23,Sunday,7,42,10,October,Oct,Q4,4,2016,2016 Q4,2016-10,No,No,No,No,No,No,Yes
20161024,42667,24,Monday,1,43,10,October,Oct,Q4,4,2016,2016 Q4,2016-10,No,No,No,No,No,No,No
20161025,42668,25,Tuesday,2,43,10,October,Oct,Q4,4,2016,2016 Q4,2016-10,No,No,No,No,No,No,No
20161026,42669,26,Wednesday,3,43,10,October,Oct,Q4,4,2016,2016 Q4,2016-10,No,No,No,No,No,No,No
20161027,42670,27,Thursday,4,43,10,October,Oct,Q4,4,2016,2016 Q4,2016-10,No,No,No,No,No,No,No
20161028,42671,28,Friday,5,43,10,October,Oct,Q4,4,2016,2016 Q4,2016-10,No,No,No,No,No,No,No
20161029,42672,29,Saturday,6,43,10,October,Oct,Q4,4,2016,2016 Q4,2016-10,No,No,No,No,No,No,Yes
20161030,42673,30,Sunday,7,43,10,October,Oct,Q4,4,2016,2016 Q4,2016-10,No,No,No,No,No,No,Yes
20161031,42674,31,Monday,1,44,10,October,Oct,Q4,4,2016,2016 Q4,2016-10,No,Yes,No,No,No,No,No
20161101,42675,1,Tuesday,2,44,11,November,Nov,Q4,4,2016,2016 Q4,2016-11,Yes,No,No,No,No,No,No
20161102,42676,2,Wednesday,3,44,11,November,Nov,Q4,4,2016,2016 Q4,2016-11,No,No,No,No,No,No,No
20161103,42677,3,Thursday,4,44,11,November,Nov,Q4,4,2016,2016 Q4,2016-11,No,No,No,No,No,No,No
20161104,42678,4,Friday,5,44,11,November,Nov,Q4,4,2016,2016 Q4,2016-11,No,No,No,No,No,No,No
20161105,42679,5,Saturday,6,44,11,November,Nov,Q4,4,2016,2016 Q4,2016-11,No,No,No,No,No,No,Yes
20161106,42680,6,Sunday,7,44,11,November,Nov,Q4,4,2016,2016 Q4,2016-11,No,No,No,No,No,No,Yes
20161107,42681,7,Monday,1,45,11,November,Nov,Q4,4,2016,2016 Q4,2016-11,No,No,No,No,No,No,No
20161108,42682,8,Tuesday,2,45,11,November,Nov,Q4,4,2016,2016 Q4,2016-11,No,No,No,No,No,No,No
20161109,42683,9,Wednesday,3,45,11,November,Nov,Q4,4,2016,2016 Q4,2016-11,No,No,No,No,No,No,No
20161110,42684,10,Thursday,4,45,11,November,Nov,Q4,4,2016,2016 Q4,2016-11,No,No,No,No,No,No,No
20161111,42685,11,Friday,5,45,11,November,Nov,Q4,4,2016,2016 Q4,2016-11,No,No,No,No,No,No,No
20161112,42686,12,Saturday,6,45,11,November,Nov,Q4,4,2016,2016 Q4,2016-11,No,No,No,No,No,No,Yes
20161113,42687,13,Sunday,7,45,11,November,Nov,Q4,4,2016,2016 Q4,2016-11,No,No,No,No,No,No,Yes
20161114,42688,14,Monday,1,46,11,November,Nov,Q4,4,2016,2016 Q4,2016-11,No,No,No,No,No,No,No
20161115,42689,15,Tuesday,2,46,11,November,Nov,Q4,4,2016,2016 Q4,2016-11,No,No,No,No,No,No,No
20161116,42690,16,Wednesday,3,46,11,November,Nov,Q4,4,2016,2016 Q4,2016-11,No,No,No,No,No,No,No
20161117,42691,17,Thursday,4,46,11,November,Nov,Q4,4,2016,2016 Q4,2016-11,No,No,No,No,No,No,No
20161118,42692,18,Friday,5,46,11,November,Nov,Q4,4,2016,2016 Q4,2016-11,No,No,No,No,No,No,No
20161119,42693,19,Saturday,6,46,11,November,Nov,Q4,4,2016,2016 Q4,2016-11,No,No,No,No,No,No,Yes
20161120,42694,20,Sunday,7,46,11,November,Nov,Q4,4,2016,2016 Q4,2016-11,No,No,No,No,No,No,Yes
20161121,42695,21,Monday,1,47,11,November,Nov,Q4,4,2016,2016 Q4,2016-11,No,No,No,No,No,No,No
20161122,42696,22,Tuesday,2,47,11,November,Nov,Q4,4,2016,2016 Q4,2016-11,No,No,No,No,No,No,No
20161123,42697,23,Wednesday,3,47,11,November,Nov,Q4,4,2016,2016 Q4,2016-11,No,No,No,No,No,No,No
20161124,42698,24,Thursday,4,47,11,November,Nov,Q4,4,2016,2016 Q4,2016-11,No,No,No,No,No,No,No
20161125,42699,25,Friday,5,47,11,November,Nov,Q4,4,2016,2016 Q4,2016-11,No,No,No,No,No,No,No
20161126,42700,26,Saturday,6,47,11,November,Nov,Q4,4,2016,2016 Q4,2016-11,No,No,No,No,No,No,Yes
20161127,42701,27,Sunday,7,47,11,November,Nov,Q4,4,2016,2016 Q4,2016-11,No,No,No,No,No,No,Yes
20161128,42702,28,Monday,1,48,11,November,Nov,Q4,4,2016,2016 Q4,2016-11,No,No,No,No,No,No,No
20161129,42703,29,Tuesday,2,48,11,November,Nov,Q4,4,2016,2016 Q4,2016-11,No,No,No,No,No,No,No
20161130,42704,30,Wednesday,3,48,11,November,Nov,Q4,4,2016,2016 Q4,2016-11,No,Yes,No,No,No,No,No
20161201,42705,1,Thursday,4,48,12,December,Dec,Q4,4,2016,2016 Q4,2016-12,Yes,No,No,No,No,No,No
20161202,42706,2,Friday,5,48,12,December,Dec,Q4,4,2016,2016 Q4,2016-12,No,No,No,No,No,No,No
20161203,42707,3,Saturday,6,48,12,December,Dec,Q4,4,2016,2016 Q4,2016-12,No,No,No,No,No,No,Yes
20161204,42708,4,Sunday,7,48,12,December,Dec,Q4,4,2016,2016 Q4,2016-12,No,No,No,No,No,No,Yes
20161205,42709,5,Monday,1,49,12,December,Dec,Q4,4,2016,2016 Q4,2016-12,No,No,No,No,No,No,No
20161206,42710,6,Tuesday,2,49,12,December,Dec,Q4,4,2016,2016 Q4,2016-12,No,No,No,No,No,No,No
20161207,42711,7,Wednesday,3,49,12,December,Dec,Q4,4,2016,2016 Q4,2016-12,No,No,No,No,No,No,No
20161208,42712,8,Thursday,4,49,12,December,Dec,Q4,4,2016,2016 Q4,2016-12,No,No,No,No,No,No,No
20161209,42713,9,Friday,5,49,12,December,Dec,Q4,4,2016,2016 Q4,2016-12,No,No,No,No,No,No,No
20161210,42714,10,Saturday,6,49,12,December,Dec,Q4,4,2016,2016 Q4,2016-12,No,No,No,No,No,No,Yes
20161211,42715,11,Sunday,7,49,12,December,Dec,Q4,4,2016,2016 Q4,2016-12,No,No,No,No,No,No,Yes
20161212,42716,12,Monday,1,50,12,December,Dec,Q4,4,2016,2016 Q4,2016-12,No,No,No,No,No,No,No
20161213,42717,13,Tuesday,2,50,12,December,Dec,Q4,4,2016,2016 Q4,2016-12,No,No,No,No,No,No,No
20161214,42718,14,Wednesday,3,50,12,December,Dec,Q4,4,2016,2016 Q4,2016-12,No,No,No,No,No,No,No
20161215,42719,15,Thursday,4,50,12,December,Dec,Q4,4,2016,2016 Q4,2016-12,No,No,No,No,No,No,No
20161216,42720,16,Friday,5,50,12,December,Dec,Q4,4,2016,2016 Q4,2016-12,No,No,No,No,No,No,No
20161217,42721,17,Saturday,6,50,12,December,Dec,Q4,4,2016,2016 Q4,2016-12,No,No,No,No,No,No,Yes
20161218,42722,18,Sunday,7,50,12,December,Dec,Q4,4,2016,2016 Q4,2016-12,No,No,No,No,No,No,Yes
20161219,42723,19,Monday,1,51,12,December,Dec,Q4,4,2016,2016 Q4,2016-12,No,No,No,No,No,No,No
20161220,42724,20,Tuesday,2,51,12,December,Dec,Q4,4,2016,2016 Q4,2016-12,No,No,No,No,No,No,No
20161221,42725,21,Wednesday,3,51,12,December,Dec,Q4,4,2016,2016 Q4,2016-12,No,No,No,No,No,No,No
20161222,42726,22,Thursday,4,51,12,December,Dec,Q4,4,2016,2016 Q4,2016-12,No,No,No,No,No,No,No
20161223,42727,23,Friday,5,51,12,December,Dec,Q4,4,2016,2016 Q4,2016-12,No,No,No,No,No,No,No
20161224,42728,24,Saturday,6,51,12,December,Dec,Q4,4,2016,2016 Q4,2016-12,No,No,No,No,No,No,Yes
20161225,42729,25,Sunday,7,51,12,December,Dec,Q4,4,2016,2016 Q4,2016-12,No,No,No,No,No,No,Yes
20161226,42730,26,Monday,1,52,12,December,Dec,Q4,4,2016,2016 Q4,2016-12,No,No,No,No,No,No,No
20161227,42731,27,Tuesday,2,52,12,December,Dec,Q4,4,2016,2016 Q4,2016-12,No,No,No,No,No,No,No
20161228,42732,28,Wednesday,3,52,12,December,Dec,Q4,4,2016,2016 Q4,2016-12,No,No,No,No,No,No,No
20161229,42733,29,Thursday,4,52,12,December,Dec,Q4,4,2016,2016 Q4,2016-12,No,No,No,No,No,No,No
20161230,42734,30,Friday,5,52,12,December,Dec,Q4,4,2016,2016 Q4,2016-12,No,No,No,No,No,No,No
20161231,42735,31,Saturday,6,52,12,December,Dec,Q4,4,2016,2016 Q4,2016-12,No,Yes,No,Yes,No,Yes,Yes
20170101,42736,1,Sunday,7,52,1,January,Jan,Q1,1,2017,2017 Q1,2017-01,Yes,No,Yes,No,Yes,No,Yes
20170102,42737,2,Monday,1,1,1,January,Jan,Q1,1,2017,2017 Q1,2017-01,No,No,No,No,No,No,No
20170103,42738,3,Tuesday,2,1,1,January,Jan,Q1,1,2017,2017 Q1,2017-01,No,No,No,No,No,No,No
20170104,42739,4,Wednesday,3,1,1,January,Jan,Q1,1,2017,2017 Q1,2017-01,No,No,No,No,No,No,No
20170105,42740,5,Thursday,4,1,1,January,Jan,Q1,1,2017,2017 Q1,2017-01,No,No,No,No,No,No,No
20170106,42741,6,Friday,5,1,1,January,Jan,Q1,1,2017,2017 Q1,2017-01,No,No,No,No,No,No,No
20170107,42742,7,Saturday,6,1,1,January,Jan,Q1,1,2017,2017 Q1,2017-01,No,No,No,No,No,No,Yes
20170108,42743,8,Sunday,7,1,1,January,Jan,Q1,1,2017,2017 Q1,2017-01,No,No,No,No,No,No,Yes
20170109,42744,9,Monday,1,2,1,January,Jan,Q1,1,2017,2017 Q1,2017-01,No,No,No,No,No,No,No
20170110,42745,10,Tuesday,2,2,1,January,Jan,Q1,1,2017,2017 Q1,2017-01,No,No,No,No,No,No,No
20170111,42746,11,Wednesday,3,2,1,January,Jan,Q1,1,2017,2017 Q1,2017-01,No,No,No,No,No,No,No
20170112,42747,12,Thursday,4,2,1,January,Jan,Q1,1,2017,2017 Q1,2017-01,No,No,No,No,No,No,No
20170113,42748,13,Friday,5,2,1,January,Jan,Q1,1,2017,2017 Q1,2017-01,No,No,No,No,No,No,No
20170114,42749,14,Saturday,6,2,1,January,Jan,Q1,1,2017,2017 Q1,2017-01,No,No,No,No,No,No,Yes
20170115,42750,15,Sunday,7,2,1,January,Jan,Q1,1,2017,2017 Q1,2017-01,No,No,No,No,No,No,Yes
20170116,42751,16,Monday,1,3,1,January,Jan,Q1,1,2017,2017 Q1,2017-01,No,No,No,No,No,No,No
20170117,42752,17,Tuesday,2,3,1,January,Jan,Q1,1,2017,2017 Q1,2017-01,No,No,No,No,No,No,No
20170118,42753,18,Wednesday,3,3,1,January,Jan,Q1,1,2017,2017 Q1,2017-01,No,No,No,No,No,No,No
20170119,42754,19,Thursday,4,3,1,January,Jan,Q1,1,2017,2017 Q1,2017-01,No,No,No,No,No,No,No
20170120,42755,20,Friday,5,3,1,January,Jan,Q1,1,2017,2017 Q1,2017-01,No,No,No,No,No,No,No
20170121,42756,21,Saturday,6,3,1,January,Jan,Q1,1,2017,2017 Q1,2017-01,No,No,No,No,No,No,Yes
20170122,42757,22,Sunday,7,3,1,January,Jan,Q1,1,2017,2017 Q1,2017-01,No,No,No,No,No,No,Yes
20170123,42758,23,Monday,1,4,1,January,Jan,Q1,1,2017,2017 Q1,2017-01,No,No,No,No,No,No,No
20170124,42759,24,Tuesday,2,4,1,January,Jan,Q1,1,2017,2017 Q1,2017-01,No,No,No,No,No,No,No
20170125,42760,25,Wednesday,3,4,1,January,Jan,Q1,1,2017,2017 Q1,2017-01,No,No,No,No,No,No,No
20170126,42761,26,Thursday,4,4,1,January,Jan,Q1,1,2017,2017 Q1,2017-01,No,No,No,No,No,No,No
20170127,42762,27,Friday,5,4,1,January,Jan,Q1,1,2017,2017 Q1,2017-01,No,No,No,No,No,No,No
20170128,42763,28,Saturday,6,4,1,January,Jan,Q1,1,2017,2017 Q1,2017-01,No,No,No,No,No,No,Yes
20170129,42764,29,Sunday,7,4,1,January,Jan,Q1,1,2017,2017 Q1,2017-01,No,No,No,No,No,No,Yes
20170130,42765,30,Monday,1,5,1,January,Jan,Q1,1,2017,2017 Q1,2017-01,No,No,No,No,No,No,No
20170131,42766,31,Tuesday,2,5,1,January,Jan,Q1,1,2017,2017 Q1,2017-01,No,Yes,No,No,No,No,No
20170201,42767,1,Wednesday,3,5,2,February,Feb,Q1,1,2017,2017 Q1,2017-02,Yes,No,No,No,No,No,No
20170202,42768,2,Thursday,4,5,2,February,Feb,Q1,1,2017,2017 Q1,2017-02,No,No,No,No,No,No,No
20170203,42769,3,Friday,5,5,2,February,Feb,Q1,1,2017,2017 Q1,2017-02,No,No,No,No,No,No,No
20170204,42770,4,Saturday,6,5,2,February,Feb,Q1,1,2017,2017 Q1,2017-02,No,No,No,No,No,No,Yes
20170205,42771,5,Sunday,7,5,2,February,Feb,Q1,1,2017,2017 Q1,2017-02,No,No,No,No,No,No,Yes
20170206,42772,6,Monday,1,6,2,February,Feb,Q1,1,2017,2017 Q1,2017-02,No,No,No,No,No,No,No
20170207,42773,7,Tuesday,2,6,2,February,Feb,Q1,1,2017,2017 Q1,2017-02,No,No,No,No,No,No,No
20170208,42774,8,Wednesday,3,6,2,February,Feb,Q1,1,2017,2017 Q1,2017-02,No,No,No,No,No,No,No
20170209,42775,9,Thursday,4,6,2,February,Feb,Q1,1,2017,2017 Q1,2017-02,No,No,No,No,No,No,No
20170210,42776,10,Friday,5,6,2,February,Feb,Q1,1,2017,2017 Q1,2017-02,No,No,No,No,No,No,No
20170211,42777,11,Saturday,6,6,2,February,Feb,Q1,1,2017,2017 Q1,2017-02,No,No,No,No,No,No,Yes
20170212,42778,12,Sunday,7,6,2,February,Feb,Q1,1,2017,2017 Q1,2017-02,No,No,No,No,No,No,Yes
20170213,42779,13,Monday,1,7,2,February,Feb,Q1,1,2017,2017 Q1,2017-02,No,No,No,No,No,No,No
20170214,42780,14,Tuesday,2,7,2,February,Feb,Q1,1,2017,2017 Q1,2017-02,No,No,No,No,No,No,No
20170215,42781,15,Wednesday,3,7,2,February,Feb,Q1,1,2017,2017 Q1,2017-02,No,No,No,No,No,No,No
20170216,42782,16,Thursday,4,7,2,February,Feb,Q1,1,2017,2017 Q1,2017-02,No,No,No,No,No,No,No
20170217,42783,17,Friday,5,7,2,February,Feb,Q1,1,2017,2017 Q1,2017-02,No,No,No,No,No,No,No
20170218,42784,18,Saturday,6,7,2,February,Feb,Q1,1,2017,2017 Q1,2017-02,No,No,No,No,No,No,Yes
20170219,42785,19,Sunday,7,7,2,February,Feb,Q1,1,2017,2017 Q1,2017-02,No,No,No,No,No,No,Yes
20170220,42786,20,Monday,1,8,2,February,Feb,Q1,1,2017,2017 Q1,2017-02,No,No,No,No,No,No,No
20170221,42787,21,Tuesday,2,8,2,February,Feb,Q1,1,2017,2017 Q1,2017-02,No,No,No,No,No,No,No
20170222,42788,22,Wednesday,3,8,2,February,Feb,Q1,1,2017,2017 Q1,2017-02,No,No,No,No,No,No,No
20170223,42789,23,Thursday,4,8,2,February,Feb,Q1,1,2017,2017 Q1,2017-02,No,No,No,No,No,No,No
20170224,42790,24,Friday,5,8,2,February,Feb,Q1,1,2017,2017 Q1,2017-02,No,No,No,No,No,No,No
20170225,42791,25,Saturday,6,8,2,February,Feb,Q1,1,2017,2017 Q1,2017-02,No,No,No,No,No,No,Yes
20170226,42792,26,Sunday,7,8,2,February,Feb,Q1,1,2017,2017 Q1,2017-02,No,No,No,No,No,No,Yes
20170227,42793,27,Monday,1,9,2,February,Feb,Q1,1,2017,2017 Q1,2017-02,No,No,No,No,No,No,No
20170228,42794,28,Tuesday,2,9,2,February,Feb,Q1,1,2017,2017 Q1,2017-02,No,Yes,No,No,No,No,No
20170301,42795,1,Wednesday,3,9,3,March,Mar,Q1,1,2017,2017 Q1,2017-03,Yes,No,No,No,No,No,No
20170302,42796,2,Thursday,4,9,3,March,Mar,Q1,1,2017,2017 Q1,2017-03,No,No,No,No,No,No,No
20170303,42797,3,Friday,5,9,3,March,Mar,Q1,1,2017,2017 Q1,2017-03,No,No,No,No,No,No,No
20170304,42798,4,Saturday,6,9,3,March,Mar,Q1,1,2017,2017 Q1,2017-03,No,No,No,No,No,No,Yes
20170305,42799,5,Sunday,7,9,3,March,Mar,Q1,1,2017,2017 Q1,2017-03,No,No,No,No,No,No,Yes
20170306,42800,6,Monday,1,10,3,March,Mar,Q1,1,2017,2017 Q1,2017-03,No,No,No,No,No,No,No
20170307,42801,7,Tuesday,2,10,3,March,Mar,Q1,1,2017,2017 Q1,2017-03,No,No,No,No,No,No,No
20170308,42802,8,Wednesday,3,10,3,March,Mar,Q1,1,2017,2017 Q1,2017-03,No,No,No,No,No,No,No
20170309,42803,9,Thursday,4,10,3,March,Mar,Q1,1,2017,2017 Q1,2017-03,No,No,No,No,No,No,No
20170310,42804,10,Friday,5,10,3,March,Mar,Q1,1,2017,2017 Q1,2017-03,No,No,No,No,No,No,No
20170311,42805,11,Saturday,6,10,3,March,Mar,Q1,1,2017,2017 Q1,2017-03,No,No,No,No,No,No,Yes
20170312,42806,12,Sunday,7,10,3,March,Mar,Q1,1,2017,2017 Q1,2017-03,No,No,No,No,No,No,Yes
20170313,42807,13,Monday,1,11,3,March,Mar,Q1,1,2017,2017 Q1,2017-03,No,No,No,No,No,No,No
20170314,42808,14,Tuesday,2,11,3,March,Mar,Q1,1,2017,2017 Q1,2017-03,No,No,No,No,No,No,No
20170315,42809,15,Wednesday,3,11,3,March,Mar,Q1,1,2017,2017 Q1,2017-03,No,No,No,No,No,No,No
20170316,42810,16,Thursday,4,11,3,March,Mar,Q1,1,2017,2017 Q1,2017-03,No,No,No,No,No,No,No
20170317,42811,17,Friday,5,11,3,March,Mar,Q1,1,2017,2017 Q1,2017-03,No,No,No,No,No,No,No
20170318,42812,18,Saturday,6,11,3,March,Mar,Q1,1,2017,2017 Q1,2017-03,No,No,No,No,No,No,Yes
20170319,42813,19,Sunday,7,11,3,March,Mar,Q1,1,2017,2017 Q1,2017-03,No,No,No,No,No,No,Yes
20170320,42814,20,Monday,1,12,3,March,Mar,Q1,1,2017,2017 Q1,2017-03,No,No,No,No,No,No,No
20170321,42815,21,Tuesday,2,12,3,March,Mar,Q1,1,2017,2017 Q1,2017-03,No,No,No,No,No,No,No
20170322,42816,22,Wednesday,3,12,3,March,Mar,Q1,1,2017,2017 Q1,2017-03,No,No,No,No,No,No,No
20170323,42817,23,Thursday,4,12,3,March,Mar,Q1,1,2017,2017 Q1,2017-03,No,No,No,No,No,No,No
20170324,42818,24,Friday,5,12,3,March,Mar,Q1,1,2017,2017 Q1,2017-03,No,No,No,No,No,No,No
20170325,42819,25,Saturday,6,12,3,March,Mar,Q1,1,2017,2017 Q1,2017-03,No,No,No,No,No,No,Yes
20170326,42820,26,Sunday,7,12,3,March,Mar,Q1,1,2017,2017 Q1,2017-03,No,No,No,No,No,No,Yes
20170327,42821,27,Monday,1,13,3,March,Mar,Q1,1,2017,2017 Q1,2017-03,No,No,No,No,No,No,No
20170328,42822,28,Tuesday,2,13,3,March,Mar,Q1,1,2017,2017 Q1,2017-03,No,No,No,No,No,No,No
20170329,42823,29,Wednesday,3,13,3,March,Mar,Q1,1,2017,2017 Q1,2017-03,No,No,No,No,No,No,No
20170330,42824,30,Thursday,4,13,3,March,Mar,Q1,1,2017,2017 Q1,2017-03,No,No,No,No,No,No,No
20170331,42825,31,Friday,5,13,3,March,Mar,Q1,1,2017,2017 Q1,2017-03,No,Yes,No,Yes,No,No,No
20170401,42826,1,Saturday,6,13,4,April,Apr,Q2,2,2017,2017 Q2,2017-04,Yes,No,Yes,No,No,No,Yes
20170402,42827,2,Sunday,7,13,4,April,Apr,Q2,2,2017,2017 Q2,2017-04,No,No,No,No,No,No,Yes
20170403,42828,3,Monday,1,14,4,April,Apr,Q2,2,2017,2017 Q2,2017-04,No,No,No,No,No,No,No
20170404,42829,4,Tuesday,2,14,4,April,Apr,Q2,2,2017,2017 Q2,2017-04,No,No,No,No,No,No,No
20170405,42830,5,Wednesday,3,14,4,April,Apr,Q2,2,2017,2017 Q2,2017-04,No,No,No,No,No,No,No
20170406,42831,6,Thursday,4,14,4,April,Apr,Q2,2,2017,2017 Q2,2017-04,No,No,No,No,No,No,No
20170407,42832,7,Friday,5,14,4,April,Apr,Q2,2,2017,2017 Q2,2017-04,No,No,No,No,No,No,No
20170408,42833,8,Saturday,6,14,4,April,Apr,Q2,2,2017,2017 Q2,2017-04,No,No,No,No,No,No,Yes
20170409,42834,9,Sunday,7,14,4,April,Apr,Q2,2,2017,2017 Q2,2017-04,No,No,No,No,No,No,Yes
20170410,42835,10,Monday,1,15,4,April,Apr,Q2,2,2017,2017 Q2,2017-04,No,No,No,No,No,No,No
20170411,42836,11,Tuesday,2,15,4,April,Apr,Q2,2,2017,2017 Q2,2017-04,No,No,No,No,No,No,No
20170412,42837,12,Wednesday,3,15,4,April,Apr,Q2,2,2017,2017 Q2,2017-04,No,No,No,No,No,No,No
20170413,42838,13,Thursday,4,15,4,April,Apr,Q2,2,2017,2017 Q2,2017-04,No,No,No,No,No,No,No
20170414,42839,14,Friday,5,15,4,April,Apr,Q2,2,2017,2017 Q2,2017-04,No,No,No,No,No,No,No
20170415,42840,15,Saturday,6,15,4,April,Apr,Q2,2,2017,2017 Q2,2017-04,No,No,No,No,No,No,Yes
20170416,42841,16,Sunday,7,15,4,April,Apr,Q2,2,2017,2017 Q2,2017-04,No,No,No,No,No,No,Yes
20170417,42842,17,Monday,1,16,4,April,Apr,Q2,2,2017,2017 Q2,2017-04,No,No,No,No,No,No,No
20170418,42843,18,Tuesday,2,16,4,April,Apr,Q2,2,2017,2017 Q2,2017-04,No,No,No,No,No,No,No
20170419,42844,19,Wednesday,3,16,4,April,Apr,Q2,2,2017,2017 Q2,2017-04,No,No,No,No,No,No,No
20170420,42845,20,Thursday,4,16,4,April,Apr,Q2,2,2017,2017 Q2,2017-04,No,No,No,No,No,No,No
20170421,42846,21,Friday,5,16,4,April,Apr,Q2,2,2017,2017 Q2,2017-04,No,No,No,No,No,No,No
20170422,42847,22,Saturday,6,16,4,April,Apr,Q2,2,2017,2017 Q2,2017-04,No,No,No,No,No,No,Yes
20170423,42848,23,Sunday,7,16,4,April,Apr,Q2,2,2017,2017 Q2,2017-04,No,No,No,No,No,No,Yes
20170424,42849,24,Monday,1,17,4,April,Apr,Q2,2,2017,2017 Q2,2017-04,No,No,No,No,No,No,No
20170425,42850,25,Tuesday,2,17,4,April,Apr,Q2,2,2017,2017 Q2,2017-04,No,No,No,No,No,No,No
20170426,42851,26,Wednesday,3,17,4,April,Apr,Q2,2,2017,2017 Q2,2017-04,No,No,No,No,No,No,No
20170427,42852,27,Thursday,4,17,4,April,Apr,Q2,2,2017,2017 Q2,2017-04,No,No,No,No,No,No,No
20170428,42853,28,Friday,5,17,4,April,Apr,Q2,2,2017,2017 Q2,2017-04,No,No,No,No,No,No,No
20170429,42854,29,Saturday,6,17,4,April,Apr,Q2,2,2017,2017 Q2,2017-04,No,No,No,No,No,No,Yes
20170430,42855,30,Sunday,7,17,4,April,Apr,Q2,2,2017,2017 Q2,2017-04,No,Yes,No,No,No,No,Yes
20170501,42856,1,Monday,1,18,5,May,May,Q2,2,2017,2017 Q2,2017-05,Yes,No,No,No,No,No,No
20170502,42857,2,Tuesday,2,18,5,May,May,Q2,2,2017,2017 Q2,2017-05,No,No,No,No,No,No,No
20170503,42858,3,Wednesday,3,18,5,May,May,Q2,2,2017,2017 Q2,2017-05,No,No,No,No,No,No,No
20170504,42859,4,Thursday,4,18,5,May,May,Q2,2,2017,2017 Q2,2017-05,No,No,No,No,No,No,No
20170505,42860,5,Friday,5,18,5,May,May,Q2,2,2017,2017 Q2,2017-05,No,No,No,No,No,No,No
20170506,42861,6,Saturday,6,18,5,May,May,Q2,2,2017,2017 Q2,2017-05,No,No,No,No,No,No,Yes
20170507,42862,7,Sunday,7,18,5,May,May,Q2,2,2017,2017 Q2,2017-05,No,No,No,No,No,No,Yes
20170508,42863,8,Monday,1,19,5,May,May,Q2,2,2017,2017 Q2,2017-05,No,No,No,No,No,No,No
20170509,42864,9,Tuesday,2,19,5,May,May,Q2,2,2017,2017 Q2,2017-05,No,No,No,No,No,No,No
20170510,42865,10,Wednesday,3,19,5,May,May,Q2,2,2017,2017 Q2,2017-05,No,No,No,No,No,No,No
20170511,42866,11,Thursday,4,19,5,May,May,Q2,2,2017,2017 Q2,2017-05,No,No,No,No,No,No,No
20170512,42867,12,Friday,5,19,5,May,May,Q2,2,2017,2017 Q2,2017-05,No,No,No,No,No,No,No
20170513,42868,13,Saturday,6,19,5,May,May,Q2,2,2017,2017 Q2,2017-05,No,No,No,No,No,No,Yes
20170514,42869,14,Sunday,7,19,5,May,May,Q2,2,2017,2017 Q2,2017-05,No,No,No,No,No,No,Yes
20170515,42870,15,Monday,1,20,5,May,May,Q2,2,2017,2017 Q2,2017-05,No,No,No,No,No,No,No
20170516,42871,16,Tuesday,2,20,5,May,May,Q2,2,2017,2017 Q2,2017-05,No,No,No,No,No,No,No
20170517,42872,17,Wednesday,3,20,5,May,May,Q2,2,2017,2017 Q2,2017-05,No,No,No,No,No,No,No
20170518,42873,18,Thursday,4,20,5,May,May,Q2,2,2017,2017 Q2,2017-05,No,No,No,No,No,No,No
20170519,42874,19,Friday,5,20,5,May,May,Q2,2,2017,2017 Q2,2017-05,No,No,No,No,No,No,No
20170520,42875,20,Saturday,6,20,5,May,May,Q2,2,2017,2017 Q2,2017-05,No,No,No,No,No,No,Yes
20170521,42876,21,Sunday,7,20,5,May,May,Q2,2,2017,2017 Q2,2017-05,No,No,No,No,No,No,Yes
20170522,42877,22,Monday,1,21,5,May,May,Q2,2,2017,2017 Q2,2017-05,No,No,No,No,No,No,No
20170523,42878,23,Tuesday,2,21,5,May,May,Q2,2,2017,2017 Q2,2017-05,No,No,No,No,No,No,No
20170524,42879,24,Wednesday,3,21,5,May,May,Q2,2,2017,2017 Q2,2017-05,No,No,No,No,No,No,No
20170525,42880,25,Thursday,4,21,5,May,May,Q2,2,2017,2017 Q2,2017-05,No,No,No,No,No,No,No
20170526,42881,26,Friday,5,21,5,May,May,Q2,2,2017,2017 Q2,2017-05,No,No,No,No,No,No,No
20170527,42882,27,Saturday,6,21,5,May,May,Q2,2,2017,2017 Q2,2017-05,No,No,No,No,No,No,Yes
20170528,42883,28,Sunday,7,21,5,May,May,Q2,2,2017,2017 Q2,2017-05,No,No,No,No,No,No,Yes
20170529,42884,29,Monday,1,22,5,May,May,Q2,2,2017,2017 Q2,2017-05,No,No,No,No,No,No,No
20170530,42885,30,Tuesday,2,22,5,May,May,Q2,2,2017,2017 Q2,2017-05,No,No,No,No,No,No,No
20170531,42886,31,Wednesday,3,22,5,May,May,Q2,2,2017,2017 Q2,2017-05,No,Yes,No,No,No,No,No
20170601,42887,1,Thursday,4,22,6,June,Jun,Q2,2,2017,2017 Q2,2017-06,Yes,No,No,No,No,No,No
20170602,42888,2,Friday,5,22,6,June,Jun,Q2,2,2017,2017 Q2,2017-06,No,No,No,No,No,No,No
20170603,42889,3,Saturday,6,22,6,June,Jun,Q2,2,2017,2017 Q2,2017-06,No,No,No,No,No,No,Yes
20170604,42890,4,Sunday,7,22,6,June,Jun,Q2,2,2017,2017 Q2,2017-06,No,No,No,No,No,No,Yes
20170605,42891,5,Monday,1,23,6,June,Jun,Q2,2,2017,2017 Q2,2017-06,No,No,No,No,No,No,No
20170606,42892,6,Tuesday,2,23,6,June,Jun,Q2,2,2017,2017 Q2,2017-06,No,No,No,No,No,No,No
20170607,42893,7,Wednesday,3,23,6,June,Jun,Q2,2,2017,2017 Q2,2017-06,No,No,No,No,No,No,No
20170608,42894,8,Thursday,4,23,6,June,Jun,Q2,2,2017,2017 Q2,2017-06,No,No,No,No,No,No,No
20170609,42895,9,Friday,5,23,6,June,Jun,Q2,2,2017,2017 Q2,2017-06,No,No,No,No,No,No,No
20170610,42896,10,Saturday,6,23,6,June,Jun,Q2,2,2017,2017 Q2,2017-06,No,No,No,No,No,No,Yes
20170611,42897,11,Sunday,7,23,6,June,Jun,Q2,2,2017,2017 Q2,2017-06,No,No,No,No,No,No,Yes
20170612,42898,12,Monday,1,24,6,June,Jun,Q2,2,2017,2017 Q2,2017-06,No,No,No,No,No,No,No
20170613,42899,13,Tuesday,2,24,6,June,Jun,Q2,2,2017,2017 Q2,2017-06,No,No,No,No,No,No,No
20170614,42900,14,Wednesday,3,24,6,June,Jun,Q2,2,2017,2017 Q2,2017-06,No,No,No,No,No,No,No
20170615,42901,15,Thursday,4,24,6,June,Jun,Q2,2,2017,2017 Q2,2017-06,No,No,No,No,No,No,No
20170616,42902,16,Friday,5,24,6,June,Jun,Q2,2,2017,2017 Q2,2017-06,No,No,No,No,No,No,No
20170617,42903,17,Saturday,6,24,6,June,Jun,Q2,2,2017,2017 Q2,2017-06,No,No,No,No,No,No,Yes
20170618,42904,18,Sunday,7,24,6,June,Jun,Q2,2,2017,2017 Q2,2017-06,No,No,No,No,No,No,Yes
20170619,42905,19,Monday,1,25,6,June,Jun,Q2,2,2017,2017 Q2,2017-06,No,No,No,No,No,No,No
20170620,42906,20,Tuesday,2,25,6,June,Jun,Q2,2,2017,2017 Q2,2017-06,No,No,No,No,No,No,No
20170621,42907,21,Wednesday,3,25,6,June,Jun,Q2,2,2017,2017 Q2,2017-06,No,No,No,No,No,No,No
20170622,42908,22,Thursday,4,25,6,June,Jun,Q2,2,2017,2017 Q2,2017-06,No,No,No,No,No,No,No
20170623,42909,23,Friday,5,25,6,June,Jun,Q2,2,2017,2017 Q2,2017-06,No,No,No,No,No,No,No
20170624,42910,24,Saturday,6,25,6,June,Jun,Q2,2,2017,2017 Q2,2017-06,No,No,No,No,No,No,Yes
20170625,42911,25,Sunday,7,25,6,June,Jun,Q2,2,2017,2017 Q2,2017-06,No,No,No,No,No,No,Yes
20170626,42912,26,Monday,1,26,6,June,Jun,Q2,2,2017,2017 Q2,2017-06,No,No,No,No,No,No,No
20170627,42913,27,Tuesday,2,26,6,June,Jun,Q2,2,2017,2017 Q2,2017-06,No,No,No,No,No,No,No
20170628,42914,28,Wednesday,3,26,6,June,Jun,Q2,2,2017,2017 Q2,2017-06,No,No,No,No,No,No,No
20170629,42915,29,Thursday,4,26,6,June,Jun,Q2,2,2017,2017 Q2,2017-06,No,No,No,No,No,No,No
20170630,42916,30,Friday,5,26,6,June,Jun,Q2,2,2017,2017 Q2,2017-06,No,Yes,No,Yes,No,No,No
20170701,42917,1,Saturday,6,26,7,July,Jul,Q3,3,2017,2017 Q3,2017-07,Yes,No,Yes,No,No,No,Yes
20170702,42918,2,Sunday,7,26,7,July,Jul,Q3,3,2017,2017 Q3,2017-07,No,No,No,No,No,No,Yes
20170703,42919,3,Monday,1,27,7,July,Jul,Q3,3,2017,2017 Q3,2017-07,No,No,No,No,No,No,No
20170704,42920,4,Tuesday,2,27,7,July,Jul,Q3,3,2017,2017 Q3,2017-07,No,No,No,No,No,No,No
20170705,42921,5,Wednesday,3,27,7,July,Jul,Q3,3,2017,2017 Q3,2017-07,No,No,No,No,No,No,No
20170706,42922,6,Thursday,4,27,7,July,Jul,Q3,3,2017,2017 Q3,2017-07,No,No,No,No,No,No,No
20170707,42923,7,Friday,5,27,7,July,Jul,Q3,3,2017,2017 Q3,2017-07,No,No,No,No,No,No,No
20170708,42924,8,Saturday,6,27,7,July,Jul,Q3,3,2017,2017 Q3,2017-07,No,No,No,No,No,No,Yes
20170709,42925,9,Sunday,7,27,7,July,Jul,Q3,3,2017,2017 Q3,2017-07,No,No,No,No,No,No,Yes
20170710,42926,10,Monday,1,28,7,July,Jul,Q3,3,2017,2017 Q3,2017-07,No,No,No,No,No,No,No
20170711,42927,11,Tuesday,2,28,7,July,Jul,Q3,3,2017,2017 Q3,2017-07,No,No,No,No,No,No,No
20170712,42928,12,Wednesday,3,28,7,July,Jul,Q3,3,2017,2017 Q3,2017-07,No,No,No,No,No,No,No
20170713,42929,13,Thursday,4,28,7,July,Jul,Q3,3,2017,2017 Q3,2017-07,No,No,No,No,No,No,No
20170714,42930,14,Friday,5,28,7,July,Jul,Q3,3,2017,2017 Q3,2017-07,No,No,No,No,No,No,No
20170715,42931,15,Saturday,6,28,7,July,Jul,Q3,3,2017,2017 Q3,2017-07,No,No,No,No,No,No,Yes
20170716,42932,16,Sunday,7,28,7,July,Jul,Q3,3,2017,2017 Q3,2017-07,No,No,No,No,No,No,Yes
20170717,42933,17,Monday,1,29,7,July,Jul,Q3,3,2017,2017 Q3,2017-07,No,No,No,No,No,No,No
20170718,42934,18,Tuesday,2,29,7,July,Jul,Q3,3,2017,2017 Q3,2017-07,No,No,No,No,No,No,No
20170719,42935,19,Wednesday,3,29,7,July,Jul,Q3,3,2017,2017 Q3,2017-07,No,No,No,No,No,No,No
20170720,42936,20,Thursday,4,29,7,July,Jul,Q3,3,2017,2017 Q3,2017-07,No,No,No,No,No,No,No
20170721,42937,21,Friday,5,29,7,July,Jul,Q3,3,2017,2017 Q3,2017-07,No,No,No,No,No,No,No
20170722,42938,22,Saturday,6,29,7,July,Jul,Q3,3,2017,2017 Q3,2017-07,No,No,No,No,No,No,Yes
20170723,42939,23,Sunday,7,29,7,July,Jul,Q3,3,2017,2017 Q3,2017-07,No,No,No,No,No,No,Yes
20170724,42940,24,Monday,1,30,7,July,Jul,Q3,3,2017,2017 Q3,2017-07,No,No,No,No,No,No,No
20170725,42941,25,Tuesday,2,30,7,July,Jul,Q3,3,2017,2017 Q3,2017-07,No,No,No,No,No,No,No
20170726,42942,26,Wednesday,3,30,7,July,Jul,Q3,3,2017,2017 Q3,2017-07,No,No,No,No,No,No,No
20170727,42943,27,Thursday,4,30,7,July,Jul,Q3,3,2017,2017 Q3,2017-07,No,No,No,No,No,No,No
20170728,42944,28,Friday,5,30,7,July,Jul,Q3,3,2017,2017 Q3,2017-07,No,No,No,No,No,No,No
20170729,42945,29,Saturday,6,30,7,July,Jul,Q3,3,2017,2017 Q3,2017-07,No,No,No,No,No,No,Yes
20170730,42946,30,Sunday,7,30,7,July,Jul,Q3,3,2017,2017 Q3,2017-07,No,No,No,No,No,No,Yes
20170731,42947,31,Monday,1,31,7,July,Jul,Q3,3,2017,2017 Q3,2017-07,No,Yes,No,No,No,No,No
20170801,42948,1,Tuesday,2,31,8,August,Aug,Q3,3,2017,2017 Q3,2017-08,Yes,No,No,No,No,No,No
20170802,42949,2,Wednesday,3,31,8,August,Aug,Q3,3,2017,2017 Q3,2017-08,No,No,No,No,No,No,No
20170803,42950,3,Thursday,4,31,8,August,Aug,Q3,3,2017,2017 Q3,2017-08,No,No,No,No,No,No,No
20170804,42951,4,Friday,5,31,8,August,Aug,Q3,3,2017,2017 Q3,2017-08,No,No,No,No,No,No,No
20170805,42952,5,Saturday,6,31,8,August,Aug,Q3,3,2017,2017 Q3,2017-08,No,No,No,No,No,No,Yes
20170806,42953,6,Sunday,7,31,8,August,Aug,Q3,3,2017,2017 Q3,2017-08,No,No,No,No,No,No,Yes
20170807,42954,7,Monday,1,32,8,August,Aug,Q3,3,2017,2017 Q3,2017-08,No,No,No,No,No,No,No
20170808,42955,8,Tuesday,2,32,8,August,Aug,Q3,3,2017,2017 Q3,2017-08,No,No,No,No,No,No,No
20170809,42956,9,Wednesday,3,32,8,August,Aug,Q3,3,2017,2017 Q3,2017-08,No,No,No,No,No,No,No
20170810,42957,10,Thursday,4,32,8,August,Aug,Q3,3,2017,2017 Q3,2017-08,No,No,No,No,No,No,No
20170811,42958,11,Friday,5,32,8,August,Aug,Q3,3,2017,2017 Q3,2017-08,No,No,No,No,No,No,No
20170812,42959,12,Saturday,6,32,8,August,Aug,Q3,3,2017,2017 Q3,2017-08,No,No,No,No,No,No,Yes
20170813,42960,13,Sunday,7,32,8,August,Aug,Q3,3,2017,2017 Q3,2017-08,No,No,No,No,No,No,Yes
20170814,42961,14,Monday,1,33,8,August,Aug,Q3,3,2017,2017 Q3,2017-08,No,No,No,No,No,No,No
20170815,42962,15,Tuesday,2,33,8,August,Aug,Q3,3,2017,2017 Q3,2017-08,No,No,No,No,No,No,No
20170816,42963,16,Wednesday,3,33,8,August,Aug,Q3,3,2017,2017 Q3,2017-08,No,No,No,No,No,No,No
20170817,42964,17,Thursday,4,33,8,August,Aug,Q3,3,2017,2017 Q3,2017-08,No,No,No,No,No,No,No
20170818,42965,18,Friday,5,33,8,August,Aug,Q3,3,2017,2017 Q3,2017-08,No,No,No,No,No,No,No
20170819,42966,19,Saturday,6,33,8,August,Aug,Q3,3,2017,2017 Q3,2017-08,No,No,No,No,No,No,Yes
20170820,42967,20,Sunday,7,33,8,August,Aug,Q3,3,2017,2017 Q3,2017-08,No,No,No,No,No,No,Yes
20170821,42968,21,Monday,1,34,8,August,Aug,Q3,3,2017,2017 Q3,2017-08,No,No,No,No,No,No,No
20170822,42969,22,Tuesday,2,34,8,August,Aug,Q3,3,2017,2017 Q3,2017-08,No,No,No,No,No,No,No
20170823,42970,23,Wednesday,3,34,8,August,Aug,Q3,3,2017,2017 Q3,2017-08,No,No,No,No,No,No,No
20170824,42971,24,Thursday,4,34,8,August,Aug,Q3,3,2017,2017 Q3,2017-08,No,No,No,No,No,No,No
20170825,42972,25,Friday,5,34,8,August,Aug,Q3,3,2017,2017 Q3,2017-08,No,No,No,No,No,No,No
20170826,42973,26,Saturday,6,34,8,August,Aug,Q3,3,2017,2017 Q3,2017-08,No,No,No,No,No,No,Yes
20170827,42974,27,Sunday,7,34,8,August,Aug,Q3,3,2017,2017 Q3,2017-08,No,No,No,No,No,No,Yes
20170828,42975,28,Monday,1,35,8,August,Aug,Q3,3,2017,2017 Q3,2017-08,No,No,No,No,No,No,No
20170829,42976,29,Tuesday,2,35,8,August,Aug,Q3,3,2017,2017 Q3,2017-08,No,No,No,No,No,No,No
20170830,42977,30,Wednesday,3,35,8,August,Aug,Q3,3,2017,2017 Q3,2017-08,No,No,No,No,No,No,No
20170831,42978,31,Thursday,4,35,8,August,Aug,Q3,3,2017,2017 Q3,2017-08,No,Yes,No,No,No,No,No
20170901,42979,1,Friday,5,35,9,September,Sep,Q3,3,2017,2017 Q3,2017-09,Yes,No,No,No,No,No,No
20170902,42980,2,Saturday,6,35,9,September,Sep,Q3,3,2017,2017 Q3,2017-09,No,No,No,No,No,No,Yes
20170903,42981,3,Sunday,7,35,9,September,Sep,Q3,3,2017,2017 Q3,2017-09,No,No,No,No,No,No,Yes
20170904,42982,4,Monday,1,36,9,September,Sep,Q3,3,2017,2017 Q3,2017-09,No,No,No,No,No,No,No
20170905,42983,5,Tuesday,2,36,9,September,Sep,Q3,3,2017,2017 Q3,2017-09,No,No,No,No,No,No,No
20170906,42984,6,Wednesday,3,36,9,September,Sep,Q3,3,2017,2017 Q3,2017-09,No,No,No,No,No,No,No
20170907,42985,7,Thursday,4,36,9,September,Sep,Q3,3,2017,2017 Q3,2017-09,No,No,No,No,No,No,No
20170908,42986,8,Friday,5,36,9,September,Sep,Q3,3,2017,2017 Q3,2017-09,No,No,No,No,No,No,No
20170909,42987,9,Saturday,6,36,9,September,Sep,Q3,3,2017,2017 Q3,2017-09,No,No,No,No,No,No,Yes
20170910,42988,10,Sunday,7,36,9,September,Sep,Q3,3,2017,2017 Q3,2017-09,No,No,No,No,No,No,Yes
20170911,42989,11,Monday,1,37,9,September,Sep,Q3,3,2017,2017 Q3,2017-09,No,No,No,No,No,No,No
20170912,42990,12,Tuesday,2,37,9,September,Sep,Q3,3,2017,2017 Q3,2017-09,No,No,No,No,No,No,No
20170913,42991,13,Wednesday,3,37,9,September,Sep,Q3,3,2017,2017 Q3,2017-09,No,No,No,No,No,No,No
20170914,42992,14,Thursday,4,37,9,September,Sep,Q3,3,2017,2017 Q3,2017-09,No,No,No,No,No,No,No
20170915,42993,15,Friday,5,37,9,September,Sep,Q3,3,2017,2017 Q3,2017-09,No,No,No,No,No,No,No
20170916,42994,16,Saturday,6,37,9,September,Sep,Q3,3,2017,2017 Q3,2017-09,No,No,No,No,No,No,Yes
20170917,42995,17,Sunday,7,37,9,September,Sep,Q3,3,2017,2017 Q3,2017-09,No,No,No,No,No,No,Yes
20170918,42996,18,Monday,1,38,9,September,Sep,Q3,3,2017,2017 Q3,2017-09,No,No,No,No,No,No,No
20170919,42997,19,Tuesday,2,38,9,September,Sep,Q3,3,2017,2017 Q3,2017-09,No,No,No,No,No,No,No
20170920,42998,20,Wednesday,3,38,9,September,Sep,Q3,3,2017,2017 Q3,2017-09,No,No,No,No,No,No,No
20170921,42999,21,Thursday,4,38,9,September,Sep,Q3,3,2017,2017 Q3,2017-09,No,No,No,No,No,No,No
20170922,43000,22,Friday,5,38,9,September,Sep,Q3,3,2017,2017 Q3,2017-09,No,No,No,No,No,No,No
20170923,43001,23,Saturday,6,38,9,September,Sep,Q3,3,2017,2017 Q3,2017-09,No,No,No,No,No,No,Yes
20170924,43002,24,Sunday,7,38,9,September,Sep,Q3,3,2017,2017 Q3,2017-09,No,No,No,No,No,No,Yes
20170925,43003,25,Monday,1,39,9,September,Sep,Q3,3,2017,2017 Q3,2017-09,No,No,No,No,No,No,No
20170926,43004,26,Tuesday,2,39,9,September,Sep,Q3,3,2017,2017 Q3,2017-09,No,No,No,No,No,No,No
20170927,43005,27,Wednesday,3,39,9,September,Sep,Q3,3,2017,2017 Q3,2017-09,No,No,No,No,No,No,No
20170928,43006,28,Thursday,4,39,9,September,Sep,Q3,3,2017,2017 Q3,2017-09,No,No,No,No,No,No,No
20170929,43007,29,Friday,5,39,9,September,Sep,Q3,3,2017,2017 Q3,2017-09,No,No,No,No,No,No,No
20170930,43008,30,Saturday,6,39,9,September,Sep,Q3,3,2017,2017 Q3,2017-09,No,Yes,No,Yes,No,No,Yes
20171001,43009,1,Sunday,7,39,10,October,Oct,Q4,4,2017,2017 Q4,2017-10,Yes,No,Yes,No,No,No,Yes
20171002,43010,2,Monday,1,40,10,October,Oct,Q4,4,2017,2017 Q4,2017-10,No,No,No,No,No,No,No
20171003,43011,3,Tuesday,2,40,10,October,Oct,Q4,4,2017,2017 Q4,2017-10,No,No,No,No,No,No,No
20171004,43012,4,Wednesday,3,40,10,October,Oct,Q4,4,2017,2017 Q4,2017-10,No,No,No,No,No,No,No
20171005,43013,5,Thursday,4,40,10,October,Oct,Q4,4,2017,2017 Q4,2017-10,No,No,No,No,No,No,No
20171006,43014,6,Friday,5,40,10,October,Oct,Q4,4,2017,2017 Q4,2017-10,No,No,No,No,No,No,No
20171007,43015,7,Saturday,6,40,10,October,Oct,Q4,4,2017,2017 Q4,2017-10,No,No,No,No,No,No,Yes
20171008,43016,8,Sunday,7,40,10,October,Oct,Q4,4,2017,2017 Q4,2017-10,No,No,No,No,No,No,Yes
20171009,43017,9,Monday,1,41,10,October,Oct,Q4,4,2017,2017 Q4,2017-10,No,No,No,No,No,No,No
20171010,43018,10,Tuesday,2,41,10,October,Oct,Q4,4,2017,2017 Q4,2017-10,No,No,No,No,No,No,No
20171011,43019,11,Wednesday,3,41,10,October,Oct,Q4,4,2017,2017 Q4,2017-10,No,No,No,No,No,No,No
20171012,43020,12,Thursday,4,41,10,October,Oct,Q4,4,2017,2017 Q4,2017-10,No,No,No,No,No,No,No
20171013,43021,13,Friday,5,41,10,October,Oct,Q4,4,2017,2017 Q4,2017-10,No,No,No,No,No,No,No
20171014,43022,14,Saturday,6,41,10,October,Oct,Q4,4,2017,2017 Q4,2017-10,No,No,No,No,No,No,Yes
20171015,43023,15,Sunday,7,41,10,October,Oct,Q4,4,2017,2017 Q4,2017-10,No,No,No,No,No,No,Yes
20171016,43024,16,Monday,1,42,10,October,Oct,Q4,4,2017,2017 Q4,2017-10,No,No,No,No,No,No,No
20171017,43025,17,Tuesday,2,42,10,October,Oct,Q4,4,2017,2017 Q4,2017-10,No,No,No,No,No,No,No
20171018,43026,18,Wednesday,3,42,10,October,Oct,Q4,4,2017,2017 Q4,2017-10,No,No,No,No,No,No,No
20171019,43027,19,Thursday,4,42,10,October,Oct,Q4,4,2017,2017 Q4,2017-10,No,No,No,No,No,No,No
20171020,43028,20,Friday,5,42,10,October,Oct,Q4,4,2017,2017 Q4,2017-10,No,No,No,No,No,No,No
20171021,43029,21,Saturday,6,42,10,October,Oct,Q4,4,2017,2017 Q4,2017-10,No,No,No,No,No,No,Yes
20171022,43030,22,Sunday,7,42,10,October,Oct,Q4,4,2017,2017 Q4,2017-10,No,No,No,No,No,No,Yes
20171023,43031,23,Monday,1,43,10,October,Oct,Q4,4,2017,2017 Q4,2017-10,No,No,No,No,No,No,No
20171024,43032,24,Tuesday,2,43,10,October,Oct,Q4,4,2017,2017 Q4,2017-10,No,No,No,No,No,No,No
20171025,43033,25,Wednesday,3,43,10,October,Oct,Q4,4,2017,2017 Q4,2017-10,No,No,No,No,No,No,No
20171026,43034,26,Thursday,4,43,10,October,Oct,Q4,4,2017,2017 Q4,2017-10,No,No,No,No,No,No,No
20171027,43035,27,Friday,5,43,10,October,Oct,Q4,4,2017,2017 Q4,2017-10,No,No,No,No,No,No,No
20171028,43036,28,Saturday,6,43,10,October,Oct,Q4,4,2017,2017 Q4,2017-10,No,No,No,No,No,No,Yes
20171029,43037,29,Sunday,7,43,10,October,Oct,Q4,4,2017,2017 Q4,2017-10,No,No,No,No,No,No,Yes
20171030,43038,30,Monday,1,44,10,October,Oct,Q4,4,2017,2017 Q4,2017-10,No,No,No,No,No,No,No
20171031,43039,31,Tuesday,2,44,10,October,Oct,Q4,4,2017,2017 Q4,2017-10,No,Yes,No,No,No,No,No
20171101,43040,1,Wednesday,3,44,11,November,Nov,Q4,4,2017,2017 Q4,2017-11,Yes,No,No,No,No,No,No
20171102,43041,2,Thursday,4,44,11,November,Nov,Q4,4,2017,2017 Q4,2017-11,No,No,No,No,No,No,No
20171103,43042,3,Friday,5,44,11,November,Nov,Q4,4,2017,2017 Q4,2017-11,No,No,No,No,No,No,No
20171104,43043,4,Saturday,6,44,11,November,Nov,Q4,4,2017,2017 Q4,2017-11,No,No,No,No,No,No,Yes
20171105,43044,5,Sunday,7,44,11,November,Nov,Q4,4,2017,2017 Q4,2017-11,No,No,No,No,No,No,Yes
20171106,43045,6,Monday,1,45,11,November,Nov,Q4,4,2017,2017 Q4,2017-11,No,No,No,No,No,No,No
20171107,43046,7,Tuesday,2,45,11,November,Nov,Q4,4,2017,2017 Q4,2017-11,No,No,No,No,No,No,No
20171108,43047,8,Wednesday,3,45,11,November,Nov,Q4,4,2017,2017 Q4,2017-11,No,No,No,No,No,No,No
20171109,43048,9,Thursday,4,45,11,November,Nov,Q4,4,2017,2017 Q4,2017-11,No,No,No,No,No,No,No
20171110,43049,10,Friday,5,45,11,November,Nov,Q4,4,2017,2017 Q4,2017-11,No,No,No,No,No,No,No
20171111,43050,11,Saturday,6,45,11,November,Nov,Q4,4,2017,2017 Q4,2017-11,No,No,No,No,No,No,Yes
20171112,43051,12,Sunday,7,45,11,November,Nov,Q4,4,2017,2017 Q4,2017-11,No,No,No,No,No,No,Yes
20171113,43052,13,Monday,1,46,11,November,Nov,Q4,4,2017,2017 Q4,2017-11,No,No,No,No,No,No,No
20171114,43053,14,Tuesday,2,46,11,November,Nov,Q4,4,2017,2017 Q4,2017-11,No,No,No,No,No,No,No
20171115,43054,15,Wednesday,3,46,11,November,Nov,Q4,4,2017,2017 Q4,2017-11,No,No,No,No,No,No,No
20171116,43055,16,Thursday,4,46,11,November,Nov,Q4,4,2017,2017 Q4,2017-11,No,No,No,No,No,No,No
20171117,43056,17,Friday,5,46,11,November,Nov,Q4,4,2017,2017 Q4,2017-11,No,No,No,No,No,No,No
20171118,43057,18,Saturday,6,46,11,November,Nov,Q4,4,2017,2017 Q4,2017-11,No,No,No,No,No,No,Yes
20171119,43058,19,Sunday,7,46,11,November,Nov,Q4,4,2017,2017 Q4,2017-11,No,No,No,No,No,No,Yes
20171120,43059,20,Monday,1,47,11,November,Nov,Q4,4,2017,2017 Q4,2017-11,No,No,No,No,No,No,No
20171121,43060,21,Tuesday,2,47,11,November,Nov,Q4,4,2017,2017 Q4,2017-11,No,No,No,No,No,No,No
20171122,43061,22,Wednesday,3,47,11,November,Nov,Q4,4,2017,2017 Q4,2017-11,No,No,No,No,No,No,No
20171123,43062,23,Thursday,4,47,11,November,Nov,Q4,4,2017,2017 Q4,2017-11,No,No,No,No,No,No,No
20171124,43063,24,Friday,5,47,11,November,Nov,Q4,4,2017,2017 Q4,2017-11,No,No,No,No,No,No,No
20171125,43064,25,Saturday,6,47,11,November,Nov,Q4,4,2017,2017 Q4,2017-11,No,No,No,No,No,No,Yes
20171126,43065,26,Sunday,7,47,11,November,Nov,Q4,4,2017,2017 Q4,2017-11,No,No,No,No,No,No,Yes
20171127,43066,27,Monday,1,48,11,November,Nov,Q4,4,2017,2017 Q4,2017-11,No,No,No,No,No,No,No
20171128,43067,28,Tuesday,2,48,11,November,Nov,Q4,4,2017,2017 Q4,2017-11,No,No,No,No,No,No,No
20171129,43068,29,Wednesday,3,48,11,November,Nov,Q4,4,2017,2017 Q4,2017-11,No,No,No,No,No,No,No
20171130,43069,30,Thursday,4,48,11,November,Nov,Q4,4,2017,2017 Q4,2017-11,No,Yes,No,No,No,No,No
20171201,43070,1,Friday,5,48,12,December,Dec,Q4,4,2017,2017 Q4,2017-12,Yes,No,No,No,No,No,No
20171202,43071,2,Saturday,6,48,12,December,Dec,Q4,4,2017,2017 Q4,2017-12,No,No,No,No,No,No,Yes
20171203,43072,3,Sunday,7,48,12,December,Dec,Q4,4,2017,2017 Q4,2017-12,No,No,No,No,No,No,Yes
20171204,43073,4,Monday,1,49,12,December,Dec,Q4,4,2017,2017 Q4,2017-12,No,No,No,No,No,No,No
20171205,43074,5,Tuesday,2,49,12,December,Dec,Q4,4,2017,2017 Q4,2017-12,No,No,No,No,No,No,No
20171206,43075,6,Wednesday,3,49,12,December,Dec,Q4,4,2017,2017 Q4,2017-12,No,No,No,No,No,No,No
20171207,43076,7,Thursday,4,49,12,December,Dec,Q4,4,2017,2017 Q4,2017-12,No,No,No,No,No,No,No
20171208,43077,8,Friday,5,49,12,December,Dec,Q4,4,2017,2017 Q4,2017-12,No,No,No,No,No,No,No
20171209,43078,9,Saturday,6,49,12,December,Dec,Q4,4,2017,2017 Q4,2017-12,No,No,No,No,No,No,Yes
20171210,43079,10,Sunday,7,49,12,December,Dec,Q4,4,2017,2017 Q4,2017-12,No,No,No,No,No,No,Yes
20171211,43080,11,Monday,1,50,12,December,Dec,Q4,4,2017,2017 Q4,2017-12,No,No,No,No,No,No,No
20171212,43081,12,Tuesday,2,50,12,December,Dec,Q4,4,2017,2017 Q4,2017-12,No,No,No,No,No,No,No
20171213,43082,13,Wednesday,3,50,12,December,Dec,Q4,4,2017,2017 Q4,2017-12,No,No,No,No,No,No,No
20171214,43083,14,Thursday,4,50,12,December,Dec,Q4,4,2017,2017 Q4,2017-12,No,No,No,No,No,No,No
20171215,43084,15,Friday,5,50,12,December,Dec,Q4,4,2017,2017 Q4,2017-12,No,No,No,No,No,No,No
20171216,43085,16,Saturday,6,50,12,December,Dec,Q4,4,2017,2017 Q4,2017-12,No,No,No,No,No,No,Yes
20171217,43086,17,Sunday,7,50,12,December,Dec,Q4,4,2017,2017 Q4,2017-12,No,No,No,No,No,No,Yes
20171218,43087,18,Monday,1,51,12,December,Dec,Q4,4,2017,2017 Q4,2017-12,No,No,No,No,No,No,No
20171219,43088,19,Tuesday,2,51,12,December,Dec,Q4,4,2017,2017 Q4,2017-12,No,No,No,No,No,No,No
20171220,43089,20,Wednesday,3,51,12,December,Dec,Q4,4,2017,2017 Q4,2017-12,No,No,No,No,No,No,No
20171221,43090,21,Thursday,4,51,12,December,Dec,Q4,4,2017,2017 Q4,2017-12,No,No,No,No,No,No,No
20171222,43091,22,Friday,5,51,12,December,Dec,Q4,4,2017,2017 Q4,2017-12,No,No,No,No,No,No,No
20171223,43092,23,Saturday,6,51,12,December,Dec,Q4,4,2017,2017 Q4,2017-12,No,No,No,No,No,No,Yes
20171224,43093,24,Sunday,7,51,12,December,Dec,Q4,4,2017,2017 Q4,2017-12,No,No,No,No,No,No,Yes
20171225,43094,25,Monday,1,52,12,December,Dec,Q4,4,2017,2017 Q4,2017-12,No,No,No,No,No,No,No
20171226,43095,26,Tuesday,2,52,12,December,Dec,Q4,4,2017,2017 Q4,2017-12,No,No,No,No,No,No,No
20171227,43096,27,Wednesday,3,52,12,December,Dec,Q4,4,2017,2017 Q4,2017-12,No,No,No,No,No,No,No
20171228,43097,28,Thursday,4,52,12,December,Dec,Q4,4,2017,2017 Q4,2017-12,No,No,No,No,No,No,No
20171229,43098,29,Friday,5,52,12,December,Dec,Q4,4,2017,2017 Q4,2017-12,No,No,No,No,No,No,No
20171230,43099,30,Saturday,6,52,12,December,Dec,Q4,4,2017,2017 Q4,2017-12,No,No,No,No,No,No,Yes
20171231,43100,31,Sunday,7,52,12,December,Dec,Q4,4,2017,2017 Q4,2017-12,No,Yes,No,Yes,No,Yes,Yes
20180101,43101,1,Monday,1,1,1,January,Jan,Q1,1,2018,2018 Q1,2018-01,Yes,No,Yes,No,Yes,No,No
20180102,43102,2,Tuesday,2,1,1,January,Jan,Q1,1,2018,2018 Q1,2018-01,No,No,No,No,No,No,No
20180103,43103,3,Wednesday,3,1,1,January,Jan,Q1,1,2018,2018 Q1,2018-01,No,No,No,No,No,No,No
20180104,43104,4,Thursday,4,1,1,January,Jan,Q1,1,2018,2018 Q1,2018-01,No,No,No,No,No,No,No
20180105,43105,5,Friday,5,1,1,January,Jan,Q1,1,2018,2018 Q1,2018-01,No,No,No,No,No,No,No
20180106,43106,6,Saturday,6,1,1,January,Jan,Q1,1,2018,2018 Q1,2018-01,No,No,No,No,No,No,Yes
20180107,43107,7,Sunday,7,1,1,January,Jan,Q1,1,2018,2018 Q1,2018-01,No,No,No,No,No,No,Yes
20180108,43108,8,Monday,1,2,1,January,Jan,Q1,1,2018,2018 Q1,2018-01,No,No,No,No,No,No,No
20180109,43109,9,Tuesday,2,2,1,January,Jan,Q1,1,2018,2018 Q1,2018-01,No,No,No,No,No,No,No
20180110,43110,10,Wednesday,3,2,1,January,Jan,Q1,1,2018,2018 Q1,2018-01,No,No,No,No,No,No,No
20180111,43111,11,Thursday,4,2,1,January,Jan,Q1,1,2018,2018 Q1,2018-01,No,No,No,No,No,No,No
20180112,43112,12,Friday,5,2,1,January,Jan,Q1,1,2018,2018 Q1,2018-01,No,No,No,No,No,No,No
20180113,43113,13,Saturday,6,2,1,January,Jan,Q1,1,2018,2018 Q1,2018-01,No,No,No,No,No,No,Yes
20180114,43114,14,Sunday,7,2,1,January,Jan,Q1,1,2018,2018 Q1,2018-01,No,No,No,No,No,No,Yes
20180115,43115,15,Monday,1,3,1,January,Jan,Q1,1,2018,2018 Q1,2018-01,No,No,No,No,No,No,No
20180116,43116,16,Tuesday,2,3,1,January,Jan,Q1,1,2018,2018 Q1,2018-01,No,No,No,No,No,No,No
20180117,43117,17,Wednesday,3,3,1,January,Jan,Q1,1,2018,2018 Q1,2018-01,No,No,No,No,No,No,No
20180118,43118,18,Thursday,4,3,1,January,Jan,Q1,1,2018,2018 Q1,2018-01,No,No,No,No,No,No,No
20180119,43119,19,Friday,5,3,1,January,Jan,Q1,1,2018,2018 Q1,2018-01,No,No,No,No,No,No,No
20180120,43120,20,Saturday,6,3,1,January,Jan,Q1,1,2018,2018 Q1,2018-01,No,No,No,No,No,No,Yes
20180121,43121,21,Sunday,7,3,1,January,Jan,Q1,1,2018,2018 Q1,2018-01,No,No,No,No,No,No,Yes
20180122,43122,22,Monday,1,4,1,January,Jan,Q1,1,2018,2018 Q1,2018-01,No,No,No,No,No,No,No
20180123,43123,23,Tuesday,2,4,1,January,Jan,Q1,1,2018,2018 Q1,2018-01,No,No,No,No,No,No,No
20180124,43124,24,Wednesday,3,4,1,January,Jan,Q1,1,2018,2018 Q1,2018-01,No,No,No,No,No,No,No
20180125,43125,25,Thursday,4,4,1,January,Jan,Q1,1,2018,2018 Q1,2018-01,No,No,No,No,No,No,No
20180126,43126,26,Friday,5,4,1,January,Jan,Q1,1,2018,2018 Q1,2018-01,No,No,No,No,No,No,No
20180127,43127,27,Saturday,6,4,1,January,Jan,Q1,1,2018,2018 Q1,2018-01,No,No,No,No,No,No,Yes
20180128,43128,28,Sunday,7,4,1,January,Jan,Q1,1,2018,2018 Q1,2018-01,No,No,No,No,No,No,Yes
20180129,43129,29,Monday,1,5,1,January,Jan,Q1,1,2018,2018 Q1,2018-01,No,No,No,No,No,No,No
20180130,43130,30,Tuesday,2,5,1,January,Jan,Q1,1,2018,2018 Q1,2018-01,No,No,No,No,No,No,No
20180131,43131,31,Wednesday,3,5,1,January,Jan,Q1,1,2018,2018 Q1,2018-01,No,Yes,No,No,No,No,No
20180201,43132,1,Thursday,4,5,2,February,Feb,Q1,1,2018,2018 Q1,2018-02,Yes,No,No,No,No,No,No
20180202,43133,2,Friday,5,5,2,February,Feb,Q1,1,2018,2018 Q1,2018-02,No,No,No,No,No,No,No
20180203,43134,3,Saturday,6,5,2,February,Feb,Q1,1,2018,2018 Q1,2018-02,No,No,No,No,No,No,Yes
20180204,43135,4,Sunday,7,5,2,February,Feb,Q1,1,2018,2018 Q1,2018-02,No,No,No,No,No,No,Yes
20180205,43136,5,Monday,1,6,2,February,Feb,Q1,1,2018,2018 Q1,2018-02,No,No,No,No,No,No,No
20180206,43137,6,Tuesday,2,6,2,February,Feb,Q1,1,2018,2018 Q1,2018-02,No,No,No,No,No,No,No
20180207,43138,7,Wednesday,3,6,2,February,Feb,Q1,1,2018,2018 Q1,2018-02,No,No,No,No,No,No,No
20180208,43139,8,Thursday,4,6,2,February,Feb,Q1,1,2018,2018 Q1,2018-02,No,No,No,No,No,No,No
20180209,43140,9,Friday,5,6,2,February,Feb,Q1,1,2018,2018 Q1,2018-02,No,No,No,No,No,No,No
20180210,43141,10,Saturday,6,6,2,February,Feb,Q1,1,2018,2018 Q1,2018-02,No,No,No,No,No,No,Yes
20180211,43142,11,Sunday,7,6,2,February,Feb,Q1,1,2018,2018 Q1,2018-02,No,No,No,No,No,No,Yes
20180212,43143,12,Monday,1,7,2,February,Feb,Q1,1,2018,2018 Q1,2018-02,No,No,No,No,No,No,No
20180213,43144,13,Tuesday,2,7,2,February,Feb,Q1,1,2018,2018 Q1,2018-02,No,No,No,No,No,No,No
20180214,43145,14,Wednesday,3,7,2,February,Feb,Q1,1,2018,2018 Q1,2018-02,No,No,No,No,No,No,No
20180215,43146,15,Thursday,4,7,2,February,Feb,Q1,1,2018,2018 Q1,2018-02,No,No,No,No,No,No,No
20180216,43147,16,Friday,5,7,2,February,Feb,Q1,1,2018,2018 Q1,2018-02,No,No,No,No,No,No,No
20180217,43148,17,Saturday,6,7,2,February,Feb,Q1,1,2018,2018 Q1,2018-02,No,No,No,No,No,No,Yes
20180218,43149,18,Sunday,7,7,2,February,Feb,Q1,1,2018,2018 Q1,2018-02,No,No,No,No,No,No,Yes
20180219,43150,19,Monday,1,8,2,February,Feb,Q1,1,2018,2018 Q1,2018-02,No,No,No,No,No,No,No
20180220,43151,20,Tuesday,2,8,2,February,Feb,Q1,1,2018,2018 Q1,2018-02,No,No,No,No,No,No,No
20180221,43152,21,Wednesday,3,8,2,February,Feb,Q1,1,2018,2018 Q1,2018-02,No,No,No,No,No,No,No
20180222,43153,22,Thursday,4,8,2,February,Feb,Q1,1,2018,2018 Q1,2018-02,No,No,No,No,No,No,No
20180223,43154,23,Friday,5,8,2,February,Feb,Q1,1,2018,2018 Q1,2018-02,No,No,No,No,No,No,No
20180224,43155,24,Saturday,6,8,2,February,Feb,Q1,1,2018,2018 Q1,2018-02,No,No,No,No,No,No,Yes
20180225,43156,25,Sunday,7,8,2,February,Feb,Q1,1,2018,2018 Q1,2018-02,No,No,No,No,No,No,Yes
20180226,43157,26,Monday,1,9,2,February,Feb,Q1,1,2018,2018 Q1,2018-02,No,No,No,No,No,No,No
20180227,43158,27,Tuesday,2,9,2,February,Feb,Q1,1,2018,2018 Q1,2018-02,No,No,No,No,No,No,No
20180228,43159,28,Wednesday,3,9,2,February,Feb,Q1,1,2018,2018 Q1,2018-02,No,Yes,No,No,No,No,No
20180301,43160,1,Thursday,4,9,3,March,Mar,Q1,1,2018,2018 Q1,2018-03,Yes,No,No,No,No,No,No
20180302,43161,2,Friday,5,9,3,March,Mar,Q1,1,2018,2018 Q1,2018-03,No,No,No,No,No,No,No
20180303,43162,3,Saturday,6,9,3,March,Mar,Q1,1,2018,2018 Q1,2018-03,No,No,No,No,No,No,Yes
20180304,43163,4,Sunday,7,9,3,March,Mar,Q1,1,2018,2018 Q1,2018-03,No,No,No,No,No,No,Yes
20180305,43164,5,Monday,1,10,3,March,Mar,Q1,1,2018,2018 Q1,2018-03,No,No,No,No,No,No,No
20180306,43165,6,Tuesday,2,10,3,March,Mar,Q1,1,2018,2018 Q1,2018-03,No,No,No,No,No,No,No
20180307,43166,7,Wednesday,3,10,3,March,Mar,Q1,1,2018,2018 Q1,2018-03,No,No,No,No,No,No,No
20180308,43167,8,Thursday,4,10,3,March,Mar,Q1,1,2018,2018 Q1,2018-03,No,No,No,No,No,No,No
20180309,43168,9,Friday,5,10,3,March,Mar,Q1,1,2018,2018 Q1,2018-03,No,No,No,No,No,No,No
20180310,43169,10,Saturday,6,10,3,March,Mar,Q1,1,2018,2018 Q1,2018-03,No,No,No,No,No,No,Yes
20180311,43170,11,Sunday,7,10,3,March,Mar,Q1,1,2018,2018 Q1,2018-03,No,No,No,No,No,No,Yes
20180312,43171,12,Monday,1,11,3,March,Mar,Q1,1,2018,2018 Q1,2018-03,No,No,No,No,No,No,No
20180313,43172,13,Tuesday,2,11,3,March,Mar,Q1,1,2018,2018 Q1,2018-03,No,No,No,No,No,No,No
20180314,43173,14,Wednesday,3,11,3,March,Mar,Q1,1,2018,2018 Q1,2018-03,No,No,No,No,No,No,No
20180315,43174,15,Thursday,4,11,3,March,Mar,Q1,1,2018,2018 Q1,2018-03,No,No,No,No,No,No,No
20180316,43175,16,Friday,5,11,3,March,Mar,Q1,1,2018,2018 Q1,2018-03,No,No,No,No,No,No,No
20180317,43176,17,Saturday,6,11,3,March,Mar,Q1,1,2018,2018 Q1,2018-03,No,No,No,No,No,No,Yes
20180318,43177,18,Sunday,7,11,3,March,Mar,Q1,1,2018,2018 Q1,2018-03,No,No,No,No,No,No,Yes
20180319,43178,19,Monday,1,12,3,March,Mar,Q1,1,2018,2018 Q1,2018-03,No,No,No,No,No,No,No
20180320,43179,20,Tuesday,2,12,3,March,Mar,Q1,1,2018,2018 Q1,2018-03,No,No,No,No,No,No,No
20180321,43180,21,Wednesday,3,12,3,March,Mar,Q1,1,2018,2018 Q1,2018-03,No,No,No,No,No,No,No
20180322,43181,22,Thursday,4,12,3,March,Mar,Q1,1,2018,2018 Q1,2018-03,No,No,No,No,No,No,No
20180323,43182,23,Friday,5,12,3,March,Mar,Q1,1,2018,2018 Q1,2018-03,No,No,No,No,No,No,No
20180324,43183,24,Saturday,6,12,3,March,Mar,Q1,1,2018,2018 Q1,2018-03,No,No,No,No,No,No,Yes
20180325,43184,25,Sunday,7,12,3,March,Mar,Q1,1,2018,2018 Q1,2018-03,No,No,No,No,No,No,Yes
20180326,43185,26,Monday,1,13,3,March,Mar,Q1,1,2018,2018 Q1,2018-03,No,No,No,No,No,No,No
20180327,43186,27,Tuesday,2,13,3,March,Mar,Q1,1,2018,2018 Q1,2018-03,No,No,No,No,No,No,No
20180328,43187,28,Wednesday,3,13,3,March,Mar,Q1,1,2018,2018 Q1,2018-03,No,No,No,No,No,No,No
20180329,43188,29,Thursday,4,13,3,March,Mar,Q1,1,2018,2018 Q1,2018-03,No,No,No,No,No,No,No
20180330,43189,30,Friday,5,13,3,March,Mar,Q1,1,2018,2018 Q1,2018-03,No,No,No,No,No,No,No
20180331,43190,31,Saturday,6,13,3,March,Mar,Q1,1,2018,2018 Q1,2018-03,No,Yes,No,Yes,No,No,Yes
20180401,43191,1,Sunday,7,13,4,April,Apr,Q2,2,2018,2018 Q2,2018-04,Yes,No,Yes,No,No,No,Yes
20180402,43192,2,Monday,1,14,4,April,Apr,Q2,2,2018,2018 Q2,2018-04,No,No,No,No,No,No,No
20180403,43193,3,Tuesday,2,14,4,April,Apr,Q2,2,2018,2018 Q2,2018-04,No,No,No,No,No,No,No
20180404,43194,4,Wednesday,3,14,4,April,Apr,Q2,2,2018,2018 Q2,2018-04,No,No,No,No,No,No,No
20180405,43195,5,Thursday,4,14,4,April,Apr,Q2,2,2018,2018 Q2,2018-04,No,No,No,No,No,No,No
20180406,43196,6,Friday,5,14,4,April,Apr,Q2,2,2018,2018 Q2,2018-04,No,No,No,No,No,No,No
20180407,43197,7,Saturday,6,14,4,April,Apr,Q2,2,2018,2018 Q2,2018-04,No,No,No,No,No,No,Yes
20180408,43198,8,Sunday,7,14,4,April,Apr,Q2,2,2018,2018 Q2,2018-04,No,No,No,No,No,No,Yes
20180409,43199,9,Monday,1,15,4,April,Apr,Q2,2,2018,2018 Q2,2018-04,No,No,No,No,No,No,No
20180410,43200,10,Tuesday,2,15,4,April,Apr,Q2,2,2018,2018 Q2,2018-04,No,No,No,No,No,No,No
20180411,43201,11,Wednesday,3,15,4,April,Apr,Q2,2,2018,2018 Q2,2018-04,No,No,No,No,No,No,No
20180412,43202,12,Thursday,4,15,4,April,Apr,Q2,2,2018,2018 Q2,2018-04,No,No,No,No,No,No,No
20180413,43203,13,Friday,5,15,4,April,Apr,Q2,2,2018,2018 Q2,2018-04,No,No,No,No,No,No,No
20180414,43204,14,Saturday,6,15,4,April,Apr,Q2,2,2018,2018 Q2,2018-04,No,No,No,No,No,No,Yes
20180415,43205,15,Sunday,7,15,4,April,Apr,Q2,2,2018,2018 Q2,2018-04,No,No,No,No,No,No,Yes
20180416,43206,16,Monday,1,16,4,April,Apr,Q2,2,2018,2018 Q2,2018-04,No,No,No,No,No,No,No
20180417,43207,17,Tuesday,2,16,4,April,Apr,Q2,2,2018,2018 Q2,2018-04,No,No,No,No,No,No,No
20180418,43208,18,Wednesday,3,16,4,April,Apr,Q2,2,2018,2018 Q2,2018-04,No,No,No,No,No,No,No
20180419,43209,19,Thursday,4,16,4,April,Apr,Q2,2,2018,2018 Q2,2018-04,No,No,No,No,No,No,No
20180420,43210,20,Friday,5,16,4,April,Apr,Q2,2,2018,2018 Q2,2018-04,No,No,No,No,No,No,No
20180421,43211,21,Saturday,6,16,4,April,Apr,Q2,2,2018,2018 Q2,2018-04,No,No,No,No,No,No,Yes
20180422,43212,22,Sunday,7,16,4,April,Apr,Q2,2,2018,2018 Q2,2018-04,No,No,No,No,No,No,Yes
20180423,43213,23,Monday,1,17,4,April,Apr,Q2,2,2018,2018 Q2,2018-04,No,No,No,No,No,No,No
20180424,43214,24,Tuesday,2,17,4,April,Apr,Q2,2,2018,2018 Q2,2018-04,No,No,No,No,No,No,No
20180425,43215,25,Wednesday,3,17,4,April,Apr,Q2,2,2018,2018 Q2,2018-04,No,No,No,No,No,No,No
20180426,43216,26,Thursday,4,17,4,April,Apr,Q2,2,2018,2018 Q2,2018-04,No,No,No,No,No,No,No
20180427,43217,27,Friday,5,17,4,April,Apr,Q2,2,2018,2018 Q2,2018-04,No,No,No,No,No,No,No
20180428,43218,28,Saturday,6,17,4,April,Apr,Q2,2,2018,2018 Q2,2018-04,No,No,No,No,No,No,Yes
20180429,43219,29,Sunday,7,17,4,April,Apr,Q2,2,2018,2018 Q2,2018-04,No,No,No,No,No,No,Yes
20180430,43220,30,Monday,1,18,4,April,Apr,Q2,2,2018,2018 Q2,2018-04,No,Yes,No,No,No,No,No
20180501,43221,1,Tuesday,2,18,5,May,May,Q2,2,2018,2018 Q2,2018-05,Yes,No,No,No,No,No,No
20180502,43222,2,Wednesday,3,18,5,May,May,Q2,2,2018,2018 Q2,2018-05,No,No,No,No,No,No,No
20180503,43223,3,Thursday,4,18,5,May,May,Q2,2,2018,2018 Q2,2018-05,No,No,No,No,No,No,No
20180504,43224,4,Friday,5,18,5,May,May,Q2,2,2018,2018 Q2,2018-05,No,No,No,No,No,No,No
20180505,43225,5,Saturday,6,18,5,May,May,Q2,2,2018,2018 Q2,2018-05,No,No,No,No,No,No,Yes
20180506,43226,6,Sunday,7,18,5,May,May,Q2,2,2018,2018 Q2,2018-05,No,No,No,No,No,No,Yes
20180507,43227,7,Monday,1,19,5,May,May,Q2,2,2018,2018 Q2,2018-05,No,No,No,No,No,No,No
20180508,43228,8,Tuesday,2,19,5,May,May,Q2,2,2018,2018 Q2,2018-05,No,No,No,No,No,No,No
20180509,43229,9,Wednesday,3,19,5,May,May,Q2,2,2018,2018 Q2,2018-05,No,No,No,No,No,No,No
20180510,43230,10,Thursday,4,19,5,May,May,Q2,2,2018,2018 Q2,2018-05,No,No,No,No,No,No,No
20180511,43231,11,Friday,5,19,5,May,May,Q2,2,2018,2018 Q2,2018-05,No,No,No,No,No,No,No
20180512,43232,12,Saturday,6,19,5,May,May,Q2,2,2018,2018 Q2,2018-05,No,No,No,No,No,No,Yes
20180513,43233,13,Sunday,7,19,5,May,May,Q2,2,2018,2018 Q2,2018-05,No,No,No,No,No,No,Yes
20180514,43234,14,Monday,1,20,5,May,May,Q2,2,2018,2018 Q2,2018-05,No,No,No,No,No,No,No
20180515,43235,15,Tuesday,2,20,5,May,May,Q2,2,2018,2018 Q2,2018-05,No,No,No,No,No,No,No
20180516,43236,16,Wednesday,3,20,5,May,May,Q2,2,2018,2018 Q2,2018-05,No,No,No,No,No,No,No
20180517,43237,17,Thursday,4,20,5,May,May,Q2,2,2018,2018 Q2,2018-05,No,No,No,No,No,No,No
20180518,43238,18,Friday,5,20,5,May,May,Q2,2,2018,2018 Q2,2018-05,No,No,No,No,No,No,No
20180519,43239,19,Saturday,6,20,5,May,May,Q2,2,2018,2018 Q2,2018-05,No,No,No,No,No,No,Yes
20180520,43240,20,Sunday,7,20,5,May,May,Q2,2,2018,2018 Q2,2018-05,No,No,No,No,No,No,Yes
20180521,43241,21,Monday,1,21,5,May,May,Q2,2,2018,2018 Q2,2018-05,No,No,No,No,No,No,No
20180522,43242,22,Tuesday,2,21,5,May,May,Q2,2,2018,2018 Q2,2018-05,No,No,No,No,No,No,No
20180523,43243,23,Wednesday,3,21,5,May,May,Q2,2,2018,2018 Q2,2018-05,No,No,No,No,No,No,No
20180524,43244,24,Thursday,4,21,5,May,May,Q2,2,2018,2018 Q2,2018-05,No,No,No,No,No,No,No
20180525,43245,25,Friday,5,21,5,May,May,Q2,2,2018,2018 Q2,2018-05,No,No,No,No,No,No,No
20180526,43246,26,Saturday,6,21,5,May,May,Q2,2,2018,2018 Q2,2018-05,No,No,No,No,No,No,Yes
20180527,43247,27,Sunday,7,21,5,May,May,Q2,2,2018,2018 Q2,2018-05,No,No,No,No,No,No,Yes
20180528,43248,28,Monday,1,22,5,May,May,Q2,2,2018,2018 Q2,2018-05,No,No,No,No,No,No,No
20180529,43249,29,Tuesday,2,22,5,May,May,Q2,2,2018,2018 Q2,2018-05,No,No,No,No,No,No,No
20180530,43250,30,Wednesday,3,22,5,May,May,Q2,2,2018,2018 Q2,2018-05,No,No,No,No,No,No,No
20180531,43251,31,Thursday,4,22,5,May,May,Q2,2,2018,2018 Q2,2018-05,No,Yes,No,No,No,No,No
20180601,43252,1,Friday,5,22,6,June,Jun,Q2,2,2018,2018 Q2,2018-06,Yes,No,No,No,No,No,No
20180602,43253,2,Saturday,6,22,6,June,Jun,Q2,2,2018,2018 Q2,2018-06,No,No,No,No,No,No,Yes
20180603,43254,3,Sunday,7,22,6,June,Jun,Q2,2,2018,2018 Q2,2018-06,No,No,No,No,No,No,Yes
20180604,43255,4,Monday,1,23,6,June,Jun,Q2,2,2018,2018 Q2,2018-06,No,No,No,No,No,No,No
20180605,43256,5,Tuesday,2,23,6,June,Jun,Q2,2,2018,2018 Q2,2018-06,No,No,No,No,No,No,No
20180606,43257,6,Wednesday,3,23,6,June,Jun,Q2,2,2018,2018 Q2,2018-06,No,No,No,No,No,No,No
20180607,43258,7,Thursday,4,23,6,June,Jun,Q2,2,2018,2018 Q2,2018-06,No,No,No,No,No,No,No
20180608,43259,8,Friday,5,23,6,June,Jun,Q2,2,2018,2018 Q2,2018-06,No,No,No,No,No,No,No
20180609,43260,9,Saturday,6,23,6,June,Jun,Q2,2,2018,2018 Q2,2018-06,No,No,No,No,No,No,Yes
20180610,43261,10,Sunday,7,23,6,June,Jun,Q2,2,2018,2018 Q2,2018-06,No,No,No,No,No,No,Yes
20180611,43262,11,Monday,1,24,6,June,Jun,Q2,2,2018,2018 Q2,2018-06,No,No,No,No,No,No,No
20180612,43263,12,Tuesday,2,24,6,June,Jun,Q2,2,2018,2018 Q2,2018-06,No,No,No,No,No,No,No
20180613,43264,13,Wednesday,3,24,6,June,Jun,Q2,2,2018,2018 Q2,2018-06,No,No,No,No,No,No,No
20180614,43265,14,Thursday,4,24,6,June,Jun,Q2,2,2018,2018 Q2,2018-06,No,No,No,No,No,No,No
20180615,43266,15,Friday,5,24,6,June,Jun,Q2,2,2018,2018 Q2,2018-06,No,No,No,No,No,No,No
20180616,43267,16,Saturday,6,24,6,June,Jun,Q2,2,2018,2018 Q2,2018-06,No,No,No,No,No,No,Yes
20180617,43268,17,Sunday,7,24,6,June,Jun,Q2,2,2018,2018 Q2,2018-06,No,No,No,No,No,No,Yes
20180618,43269,18,Monday,1,25,6,June,Jun,Q2,2,2018,2018 Q2,2018-06,No,No,No,No,No,No,No
20180619,43270,19,Tuesday,2,25,6,June,Jun,Q2,2,2018,2018 Q2,2018-06,No,No,No,No,No,No,No
20180620,43271,20,Wednesday,3,25,6,June,Jun,Q2,2,2018,2018 Q2,2018-06,No,No,No,No,No,No,No
20180621,43272,21,Thursday,4,25,6,June,Jun,Q2,2,2018,2018 Q2,2018-06,No,No,No,No,No,No,No
20180622,43273,22,Friday,5,25,6,June,Jun,Q2,2,2018,2018 Q2,2018-06,No,No,No,No,No,No,No
20180623,43274,23,Saturday,6,25,6,June,Jun,Q2,2,2018,2018 Q2,2018-06,No,No,No,No,No,No,Yes
20180624,43275,24,Sunday,7,25,6,June,Jun,Q2,2,2018,2018 Q2,2018-06,No,No,No,No,No,No,Yes
20180625,43276,25,Monday,1,26,6,June,Jun,Q2,2,2018,2018 Q2,2018-06,No,No,No,No,No,No,No
20180626,43277,26,Tuesday,2,26,6,June,Jun,Q2,2,2018,2018 Q2,2018-06,No,No,No,No,No,No,No
20180627,43278,27,Wednesday,3,26,6,June,Jun,Q2,2,2018,2018 Q2,2018-06,No,No,No,No,No,No,No
20180628,43279,28,Thursday,4,26,6,June,Jun,Q2,2,2018,2018 Q2,2018-06,No,No,No,No,No,No,No
20180629,43280,29,Friday,5,26,6,June,Jun,Q2,2,2018,2018 Q2,2018-06,No,No,No,No,No,No,No
20180630,43281,30,Saturday,6,26,6,June,Jun,Q2,2,2018,2018 Q2,2018-06,No,Yes,No,Yes,No,No,Yes
20180701,43282,1,Sunday,7,26,7,July,Jul,Q3,3,2018,2018 Q3,2018-07,Yes,No,Yes,No,No,No,Yes
20180702,43283,2,Monday,1,27,7,July,Jul,Q3,3,2018,2018 Q3,2018-07,No,No,No,No,No,No,No
20180703,43284,3,Tuesday,2,27,7,July,Jul,Q3,3,2018,2018 Q3,2018-07,No,No,No,No,No,No,No
20180704,43285,4,Wednesday,3,27,7,July,Jul,Q3,3,2018,2018 Q3,2018-07,No,No,No,No,No,No,No
20180705,43286,5,Thursday,4,27,7,July,Jul,Q3,3,2018,2018 Q3,2018-07,No,No,No,No,No,No,No
20180706,43287,6,Friday,5,27,7,July,Jul,Q3,3,2018,2018 Q3,2018-07,No,No,No,No,No,No,No
20180707,43288,7,Saturday,6,27,7,July,Jul,Q3,3,2018,2018 Q3,2018-07,No,No,No,No,No,No,Yes
20180708,43289,8,Sunday,7,27,7,July,Jul,Q3,3,2018,2018 Q3,2018-07,No,No,No,No,No,No,Yes
20180709,43290,9,Monday,1,28,7,July,Jul,Q3,3,2018,2018 Q3,2018-07,No,No,No,No,No,No,No
20180710,43291,10,Tuesday,2,28,7,July,Jul,Q3,3,2018,2018 Q3,2018-07,No,No,No,No,No,No,No
20180711,43292,11,Wednesday,3,28,7,July,Jul,Q3,3,2018,2018 Q3,2018-07,No,No,No,No,No,No,No
20180712,43293,12,Thursday,4,28,7,July,Jul,Q3,3,2018,2018 Q3,2018-07,No,No,No,No,No,No,No
20180713,43294,13,Friday,5,28,7,July,Jul,Q3,3,2018,2018 Q3,2018-07,No,No,No,No,No,No,No
20180714,43295,14,Saturday,6,28,7,July,Jul,Q3,3,2018,2018 Q3,2018-07,No,No,No,No,No,No,Yes
20180715,43296,15,Sunday,7,28,7,July,Jul,Q3,3,2018,2018 Q3,2018-07,No,No,No,No,No,No,Yes
20180716,43297,16,Monday,1,29,7,July,Jul,Q3,3,2018,2018 Q3,2018-07,No,No,No,No,No,No,No
20180717,43298,17,Tuesday,2,29,7,July,Jul,Q3,3,2018,2018 Q3,2018-07,No,No,No,No,No,No,No
20180718,43299,18,Wednesday,3,29,7,July,Jul,Q3,3,2018,2018 Q3,2018-07,No,No,No,No,No,No,No
20180719,43300,19,Thursday,4,29,7,July,Jul,Q3,3,2018,2018 Q3,2018-07,No,No,No,No,No,No,No
20180720,43301,20,Friday,5,29,7,July,Jul,Q3,3,2018,2018 Q3,2018-07,No,No,No,No,No,No,No
20180721,43302,21,Saturday,6,29,7,July,Jul,Q3,3,2018,2018 Q3,2018-07,No,No,No,No,No,No,Yes
20180722,43303,22,Sunday,7,29,7,July,Jul,Q3,3,2018,2018 Q3,2018-07,No,No,No,No,No,No,Yes
20180723,43304,23,Monday,1,30,7,July,Jul,Q3,3,2018,2018 Q3,2018-07,No,No,No,No,No,No,No
20180724,43305,24,Tuesday,2,30,7,July,Jul,Q3,3,2018,2018 Q3,2018-07,No,No,No,No,No,No,No
20180725,43306,25,Wednesday,3,30,7,July,Jul,Q3,3,2018,2018 Q3,2018-07,No,No,No,No,No,No,No
20180726,43307,26,Thursday,4,30,7,July,Jul,Q3,3,2018,2018 Q3,2018-07,No,No,No,No,No,No,No
20180727,43308,27,Friday,5,30,7,July,Jul,Q3,3,2018,2018 Q3,2018-07,No,No,No,No,No,No,No
20180728,43309,28,Saturday,6,30,7,July,Jul,Q3,3,2018,2018 Q3,2018-07,No,No,No,No,No,No,Yes
20180729,43310,29,Sunday,7,30,7,July,Jul,Q3,3,2018,2018 Q3,2018-07,No,No,No,No,No,No,Yes
20180730,43311,30,Monday,1,31,7,July,Jul,Q3,3,2018,2018 Q3,2018-07,No,No,No,No,No,No,No
20180731,43312,31,Tuesday,2,31,7,July,Jul,Q3,3,2018,2018 Q3,2018-07,No,Yes,No,No,No,No,No
20180801,43313,1,Wednesday,3,31,8,August,Aug,Q3,3,2018,2018 Q3,2018-08,Yes,No,No,No,No,No,No
20180802,43314,2,Thursday,4,31,8,August,Aug,Q3,3,2018,2018 Q3,2018-08,No,No,No,No,No,No,No
20180803,43315,3,Friday,5,31,8,August,Aug,Q3,3,2018,2018 Q3,2018-08,No,No,No,No,No,No,No
20180804,43316,4,Saturday,6,31,8,August,Aug,Q3,3,2018,2018 Q3,2018-08,No,No,No,No,No,No,Yes
20180805,43317,5,Sunday,7,31,8,August,Aug,Q3,3,2018,2018 Q3,2018-08,No,No,No,No,No,No,Yes
20180806,43318,6,Monday,1,32,8,August,Aug,Q3,3,2018,2018 Q3,2018-08,No,No,No,No,No,No,No
20180807,43319,7,Tuesday,2,32,8,August,Aug,Q3,3,2018,2018 Q3,2018-08,No,No,No,No,No,No,No
20180808,43320,8,Wednesday,3,32,8,August,Aug,Q3,3,2018,2018 Q3,2018-08,No,No,No,No,No,No,No
20180809,43321,9,Thursday,4,32,8,August,Aug,Q3,3,2018,2018 Q3,2018-08,No,No,No,No,No,No,No
20180810,43322,10,Friday,5,32,8,August,Aug,Q3,3,2018,2018 Q3,2018-08,No,No,No,No,No,No,No
20180811,43323,11,Saturday,6,32,8,August,Aug,Q3,3,2018,2018 Q3,2018-08,No,No,No,No,No,No,Yes
20180812,43324,12,Sunday,7,32,8,August,Aug,Q3,3,2018,2018 Q3,2018-08,No,No,No,No,No,No,Yes
20180813,43325,13,Monday,1,33,8,August,Aug,Q3,3,2018,2018 Q3,2018-08,No,No,No,No,No,No,No
20180814,43326,14,Tuesday,2,33,8,August,Aug,Q3,3,2018,2018 Q3,2018-08,No,No,No,No,No,No,No
20180815,43327,15,Wednesday,3,33,8,August,Aug,Q3,3,2018,2018 Q3,2018-08,No,No,No,No,No,No,No
20180816,43328,16,Thursday,4,33,8,August,Aug,Q3,3,2018,2018 Q3,2018-08,No,No,No,No,No,No,No
20180817,43329,17,Friday,5,33,8,August,Aug,Q3,3,2018,2018 Q3,2018-08,No,No,No,No,No,No,No
20180818,43330,18,Saturday,6,33,8,August,Aug,Q3,3,2018,2018 Q3,2018-08,No,No,No,No,No,No,Yes
20180819,43331,19,Sunday,7,33,8,August,Aug,Q3,3,2018,2018 Q3,2018-08,No,No,No,No,No,No,Yes
20180820,43332,20,Monday,1,34,8,August,Aug,Q3,3,2018,2018 Q3,2018-08,No,No,No,No,No,No,No
20180821,43333,21,Tuesday,2,34,8,August,Aug,Q3,3,2018,2018 Q3,2018-08,No,No,No,No,No,No,No
20180822,43334,22,Wednesday,3,34,8,August,Aug,Q3,3,2018,2018 Q3,2018-08,No,No,No,No,No,No,No
20180823,43335,23,Thursday,4,34,8,August,Aug,Q3,3,2018,2018 Q3,2018-08,No,No,No,No,No,No,No
20180824,43336,24,Friday,5,34,8,August,Aug,Q3,3,2018,2018 Q3,2018-08,No,No,No,No,No,No,No
20180825,43337,25,Saturday,6,34,8,August,Aug,Q3,3,2018,2018 Q3,2018-08,No,No,No,No,No,No,Yes
20180826,43338,26,Sunday,7,34,8,August,Aug,Q3,3,2018,2018 Q3,2018-08,No,No,No,No,No,No,Yes
20180827,43339,27,Monday,1,35,8,August,Aug,Q3,3,2018,2018 Q3,2018-08,No,No,No,No,No,No,No
20180828,43340,28,Tuesday,2,35,8,August,Aug,Q3,3,2018,2018 Q3,2018-08,No,No,No,No,No,No,No
20180829,43341,29,Wednesday,3,35,8,August,Aug,Q3,3,2018,2018 Q3,2018-08,No,No,No,No,No,No,No
20180830,43342,30,Thursday,4,35,8,August,Aug,Q3,3,2018,2018 Q3,2018-08,No,No,No,No,No,No,No
20180831,43343,31,Friday,5,35,8,August,Aug,Q3,3,2018,2018 Q3,2018-08,No,Yes,No,No,No,No,No
20180901,43344,1,Saturday,6,35,9,September,Sep,Q3,3,2018,2018 Q3,2018-09,Yes,No,No,No,No,No,Yes
20180902,43345,2,Sunday,7,35,9,September,Sep,Q3,3,2018,2018 Q3,2018-09,No,No,No,No,No,No,Yes
20180903,43346,3,Monday,1,36,9,September,Sep,Q3,3,2018,2018 Q3,2018-09,No,No,No,No,No,No,No
20180904,43347,4,Tuesday,2,36,9,September,Sep,Q3,3,2018,2018 Q3,2018-09,No,No,No,No,No,No,No
20180905,43348,5,Wednesday,3,36,9,September,Sep,Q3,3,2018,2018 Q3,2018-09,No,No,No,No,No,No,No
20180906,43349,6,Thursday,4,36,9,September,Sep,Q3,3,2018,2018 Q3,2018-09,No,No,No,No,No,No,No
20180907,43350,7,Friday,5,36,9,September,Sep,Q3,3,2018,2018 Q3,2018-09,No,No,No,No,No,No,No
20180908,43351,8,Saturday,6,36,9,September,Sep,Q3,3,2018,2018 Q3,2018-09,No,No,No,No,No,No,Yes
20180909,43352,9,Sunday,7,36,9,September,Sep,Q3,3,2018,2018 Q3,2018-09,No,No,No,No,No,No,Yes
20180910,43353,10,Monday,1,37,9,September,Sep,Q3,3,2018,2018 Q3,2018-09,No,No,No,No,No,No,No
20180911,43354,11,Tuesday,2,37,9,September,Sep,Q3,3,2018,2018 Q3,2018-09,No,No,No,No,No,No,No
20180912,43355,12,Wednesday,3,37,9,September,Sep,Q3,3,2018,2018 Q3,2018-09,No,No,No,No,No,No,No
20180913,43356,13,Thursday,4,37,9,September,Sep,Q3,3,2018,2018 Q3,2018-09,No,No,No,No,No,No,No
20180914,43357,14,Friday,5,37,9,September,Sep,Q3,3,2018,2018 Q3,2018-09,No,No,No,No,No,No,No
20180915,43358,15,Saturday,6,37,9,September,Sep,Q3,3,2018,2018 Q3,2018-09,No,No,No,No,No,No,Yes
20180916,43359,16,Sunday,7,37,9,September,Sep,Q3,3,2018,2018 Q3,2018-09,No,No,No,No,No,No,Yes
20180917,43360,17,Monday,1,38,9,September,Sep,Q3,3,2018,2018 Q3,2018-09,No,No,No,No,No,No,No
20180918,43361,18,Tuesday,2,38,9,September,Sep,Q3,3,2018,2018 Q3,2018-09,No,No,No,No,No,No,No
20180919,43362,19,Wednesday,3,38,9,September,Sep,Q3,3,2018,2018 Q3,2018-09,No,No,No,No,No,No,No
20180920,43363,20,Thursday,4,38,9,September,Sep,Q3,3,2018,2018 Q3,2018-09,No,No,No,No,No,No,No
20180921,43364,21,Friday,5,38,9,September,Sep,Q3,3,2018,2018 Q3,2018-09,No,No,No,No,No,No,No
20180922,43365,22,Saturday,6,38,9,September,Sep,Q3,3,2018,2018 Q3,2018-09,No,No,No,No,No,No,Yes
20180923,43366,23,Sunday,7,38,9,September,Sep,Q3,3,2018,2018 Q3,2018-09,No,No,No,No,No,No,Yes
20180924,43367,24,Monday,1,39,9,September,Sep,Q3,3,2018,2018 Q3,2018-09,No,No,No,No,No,No,No
20180925,43368,25,Tuesday,2,39,9,September,Sep,Q3,3,2018,2018 Q3,2018-09,No,No,No,No,No,No,No
20180926,43369,26,Wednesday,3,39,9,September,Sep,Q3,3,2018,2018 Q3,2018-09,No,No,No,No,No,No,No
20180927,43370,27,Thursday,4,39,9,September,Sep,Q3,3,2018,2018 Q3,2018-09,No,No,No,No,No,No,No
20180928,43371,28,Friday,5,39,9,September,Sep,Q3,3,2018,2018 Q3,2018-09,No,No,No,No,No,No,No
20180929,43372,29,Saturday,6,39,9,September,Sep,Q3,3,2018,2018 Q3,2018-09,No,No,No,No,No,No,Yes
20180930,43373,30,Sunday,7,39,9,September,Sep,Q3,3,2018,2018 Q3,2018-09,No,Yes,No,Yes,No,No,Yes
20181001,43374,1,Monday,1,40,10,October,Oct,Q4,4,2018,2018 Q4,2018-10,Yes,No,Yes,No,No,No,No
20181002,43375,2,Tuesday,2,40,10,October,Oct,Q4,4,2018,2018 Q4,2018-10,No,No,No,No,No,No,No
20181003,43376,3,Wednesday,3,40,10,October,Oct,Q4,4,2018,2018 Q4,2018-10,No,No,No,No,No,No,No
20181004,43377,4,Thursday,4,40,10,October,Oct,Q4,4,2018,2018 Q4,2018-10,No,No,No,No,No,No,No
20181005,43378,5,Friday,5,40,10,October,Oct,Q4,4,2018,2018 Q4,2018-10,No,No,No,No,No,No,No
20181006,43379,6,Saturday,6,40,10,October,Oct,Q4,4,2018,2018 Q4,2018-10,No,No,No,No,No,No,Yes
20181007,43380,7,Sunday,7,40,10,October,Oct,Q4,4,2018,2018 Q4,2018-10,No,No,No,No,No,No,Yes
20181008,43381,8,Monday,1,41,10,October,Oct,Q4,4,2018,2018 Q4,2018-10,No,No,No,No,No,No,No
20181009,43382,9,Tuesday,2,41,10,October,Oct,Q4,4,2018,2018 Q4,2018-10,No,No,No,No,No,No,No
20181010,43383,10,Wednesday,3,41,10,October,Oct,Q4,4,2018,2018 Q4,2018-10,No,No,No,No,No,No,No
20181011,43384,11,Thursday,4,41,10,October,Oct,Q4,4,2018,2018 Q4,2018-10,No,No,No,No,No,No,No
20181012,43385,12,Friday,5,41,10,October,Oct,Q4,4,2018,2018 Q4,2018-10,No,No,No,No,No,No,No
20181013,43386,13,Saturday,6,41,10,October,Oct,Q4,4,2018,2018 Q4,2018-10,No,No,No,No,No,No,Yes
20181014,43387,14,Sunday,7,41,10,October,Oct,Q4,4,2018,2018 Q4,2018-10,No,No,No,No,No,No,Yes
20181015,43388,15,Monday,1,42,10,October,Oct,Q4,4,2018,2018 Q4,2018-10,No,No,No,No,No,No,No
20181016,43389,16,Tuesday,2,42,10,October,Oct,Q4,4,2018,2018 Q4,2018-10,No,No,No,No,No,No,No
20181017,43390,17,Wednesday,3,42,10,October,Oct,Q4,4,2018,2018 Q4,2018-10,No,No,No,No,No,No,No
20181018,43391,18,Thursday,4,42,10,October,Oct,Q4,4,2018,2018 Q4,2018-10,No,No,No,No,No,No,No
20181019,43392,19,Friday,5,42,10,October,Oct,Q4,4,2018,2018 Q4,2018-10,No,No,No,No,No,No,No
20181020,43393,20,Saturday,6,42,10,October,Oct,Q4,4,2018,2018 Q4,2018-10,No,No,No,No,No,No,Yes
20181021,43394,21,Sunday,7,42,10,October,Oct,Q4,4,2018,2018 Q4,2018-10,No,No,No,No,No,No,Yes
20181022,43395,22,Monday,1,43,10,October,Oct,Q4,4,2018,2018 Q4,2018-10,No,No,No,No,No,No,No
20181023,43396,23,Tuesday,2,43,10,October,Oct,Q4,4,2018,2018 Q4,2018-10,No,No,No,No,No,No,No
20181024,43397,24,Wednesday,3,43,10,October,Oct,Q4,4,2018,2018 Q4,2018-10,No,No,No,No,No,No,No
20181025,43398,25,Thursday,4,43,10,October,Oct,Q4,4,2018,2018 Q4,2018-10,No,No,No,No,No,No,No
20181026,43399,26,Friday,5,43,10,October,Oct,Q4,4,2018,2018 Q4,2018-10,No,No,No,No,No,No,No
20181027,43400,27,Saturday,6,43,10,October,Oct,Q4,4,2018,2018 Q4,2018-10,No,No,No,No,No,No,Yes
20181028,43401,28,Sunday,7,43,10,October,Oct,Q4,4,2018,2018 Q4,2018-10,No,No,No,No,No,No,Yes
20181029,43402,29,Monday,1,44,10,October,Oct,Q4,4,2018,2018 Q4,2018-10,No,No,No,No,No,No,No
20181030,43403,30,Tuesday,2,44,10,October,Oct,Q4,4,2018,2018 Q4,2018-10,No,No,No,No,No,No,No
20181031,43404,31,Wednesday,3,44,10,October,Oct,Q4,4,2018,2018 Q4,2018-10,No,Yes,No,No,No,No,No
20181101,43405,1,Thursday,4,44,11,November,Nov,Q4,4,2018,2018 Q4,2018-11,Yes,No,No,No,No,No,No
20181102,43406,2,Friday,5,44,11,November,Nov,Q4,4,2018,2018 Q4,2018-11,No,No,No,No,No,No,No
20181103,43407,3,Saturday,6,44,11,November,Nov,Q4,4,2018,2018 Q4,2018-11,No,No,No,No,No,No,Yes
20181104,43408,4,Sunday,7,44,11,November,Nov,Q4,4,2018,2018 Q4,2018-11,No,No,No,No,No,No,Yes
20181105,43409,5,Monday,1,45,11,November,Nov,Q4,4,2018,2018 Q4,2018-11,No,No,No,No,No,No,No
20181106,43410,6,Tuesday,2,45,11,November,Nov,Q4,4,2018,2018 Q4,2018-11,No,No,No,No,No,No,No
20181107,43411,7,Wednesday,3,45,11,November,Nov,Q4,4,2018,2018 Q4,2018-11,No,No,No,No,No,No,No
20181108,43412,8,Thursday,4,45,11,November,Nov,Q4,4,2018,2018 Q4,2018-11,No,No,No,No,No,No,No
20181109,43413,9,Friday,5,45,11,November,Nov,Q4,4,2018,2018 Q4,2018-11,No,No,No,No,No,No,No
20181110,43414,10,Saturday,6,45,11,November,Nov,Q4,4,2018,2018 Q4,2018-11,No,No,No,No,No,No,Yes
20181111,43415,11,Sunday,7,45,11,November,Nov,Q4,4,2018,2018 Q4,2018-11,No,No,No,No,No,No,Yes
20181112,43416,12,Monday,1,46,11,November,Nov,Q4,4,2018,2018 Q4,2018-11,No,No,No,No,No,No,No
20181113,43417,13,Tuesday,2,46,11,November,Nov,Q4,4,2018,2018 Q4,2018-11,No,No,No,No,No,No,No
20181114,43418,14,Wednesday,3,46,11,November,Nov,Q4,4,2018,2018 Q4,2018-11,No,No,No,No,No,No,No
20181115,43419,15,Thursday,4,46,11,November,Nov,Q4,4,2018,2018 Q4,2018-11,No,No,No,No,No,No,No
20181116,43420,16,Friday,5,46,11,November,Nov,Q4,4,2018,2018 Q4,2018-11,No,No,No,No,No,No,No
20181117,43421,17,Saturday,6,46,11,November,Nov,Q4,4,2018,2018 Q4,2018-11,No,No,No,No,No,No,Yes
20181118,43422,18,Sunday,7,46,11,November,Nov,Q4,4,2018,2018 Q4,2018-11,No,No,No,No,No,No,Yes
20181119,43423,19,Monday,1,47,11,November,Nov,Q4,4,2018,2018 Q4,2018-11,No,No,No,No,No,No,No
20181120,43424,20,Tuesday,2,47,11,November,Nov,Q4,4,2018,2018 Q4,2018-11,No,No,No,No,No,No,No
20181121,43425,21,Wednesday,3,47,11,November,Nov,Q4,4,2018,2018 Q4,2018-11,No,No,No,No,No,No,No
20181122,43426,22,Thursday,4,47,11,November,Nov,Q4,4,2018,2018 Q4,2018-11,No,No,No,No,No,No,No
20181123,43427,23,Friday,5,47,11,November,Nov,Q4,4,2018,2018 Q4,2018-11,No,No,No,No,No,No,No
20181124,43428,24,Saturday,6,47,11,November,Nov,Q4,4,2018,2018 Q4,2018-11,No,No,No,No,No,No,Yes
20181125,43429,25,Sunday,7,47,11,November,Nov,Q4,4,2018,2018 Q4,2018-11,No,No,No,No,No,No,Yes
20181126,43430,26,Monday,1,48,11,November,Nov,Q4,4,2018,2018 Q4,2018-11,No,No,No,No,No,No,No
20181127,43431,27,Tuesday,2,48,11,November,Nov,Q4,4,2018,2018 Q4,2018-11,No,No,No,No,No,No,No
20181128,43432,28,Wednesday,3,48,11,November,Nov,Q4,4,2018,2018 Q4,2018-11,No,No,No,No,No,No,No
20181129,43433,29,Thursday,4,48,11,November,Nov,Q4,4,2018,2018 Q4,2018-11,No,No,No,No,No,No,No
20181130,43434,30,Friday,5,48,11,November,Nov,Q4,4,2018,2018 Q4,2018-11,No,Yes,No,No,No,No,No
20181201,43435,1,Saturday,6,48,12,December,Dec,Q4,4,2018,2018 Q4,2018-12,Yes,No,No,No,No,No,Yes
20181202,43436,2,Sunday,7,48,12,December,Dec,Q4,4,2018,2018 Q4,2018-12,No,No,No,No,No,No,Yes
20181203,43437,3,Monday,1,49,12,December,Dec,Q4,4,2018,2018 Q4,2018-12,No,No,No,No,No,No,No
20181204,43438,4,Tuesday,2,49,12,December,Dec,Q4,4,2018,2018 Q4,2018-12,No,No,No,No,No,No,No
20181205,43439,5,Wednesday,3,49,12,December,Dec,Q4,4,2018,2018 Q4,2018-12,No,No,No,No,No,No,No
20181206,43440,6,Thursday,4,49,12,December,Dec,Q4,4,2018,2018 Q4,2018-12,No,No,No,No,No,No,No
20181207,43441,7,Friday,5,49,12,December,Dec,Q4,4,2018,2018 Q4,2018-12,No,No,No,No,No,No,No
20181208,43442,8,Saturday,6,49,12,December,Dec,Q4,4,2018,2018 Q4,2018-12,No,No,No,No,No,No,Yes
20181209,43443,9,Sunday,7,49,12,December,Dec,Q4,4,2018,2018 Q4,2018-12,No,No,No,No,No,No,Yes
20181210,43444,10,Monday,1,50,12,December,Dec,Q4,4,2018,2018 Q4,2018-12,No,No,No,No,No,No,No
20181211,43445,11,Tuesday,2,50,12,December,Dec,Q4,4,2018,2018 Q4,2018-12,No,No,No,No,No,No,No
20181212,43446,12,Wednesday,3,50,12,December,Dec,Q4,4,2018,2018 Q4,2018-12,No,No,No,No,No,No,No
20181213,43447,13,Thursday,4,50,12,December,Dec,Q4,4,2018,2018 Q4,2018-12,No,No,No,No,No,No,No
20181214,43448,14,Friday,5,50,12,December,Dec,Q4,4,2018,2018 Q4,2018-12,No,No,No,No,No,No,No
20181215,43449,15,Saturday,6,50,12,December,Dec,Q4,4,2018,2018 Q4,2018-12,No,No,No,No,No,No,Yes
20181216,43450,16,Sunday,7,50,12,December,Dec,Q4,4,2018,2018 Q4,2018-12,No,No,No,No,No,No,Yes
20181217,43451,17,Monday,1,51,12,December,Dec,Q4,4,2018,2018 Q4,2018-12,No,No,No,No,No,No,No
20181218,43452,18,Tuesday,2,51,12,December,Dec,Q4,4,2018,2018 Q4,2018-12,No,No,No,No,No,No,No
20181219,43453,19,Wednesday,3,51,12,December,Dec,Q4,4,2018,2018 Q4,2018-12,No,No,No,No,No,No,No
20181220,43454,20,Thursday,4,51,12,December,Dec,Q4,4,2018,2018 Q4,2018-12,No,No,No,No,No,No,No
20181221,43455,21,Friday,5,51,12,December,Dec,Q4,4,2018,2018 Q4,2018-12,No,No,No,No,No,No,No
20181222,43456,22,Saturday,6,51,12,December,Dec,Q4,4,2018,2018 Q4,2018-12,No,No,No,No,No,No,Yes
20181223,43457,23,Sunday,7,51,12,December,Dec,Q4,4,2018,2018 Q4,2018-12,No,No,No,No,No,No,Yes
20181224,43458,24,Monday,1,52,12,December,Dec,Q4,4,2018,2018 Q4,2018-12,No,No,No,No,No,No,No
20181225,43459,25,Tuesday,2,52,12,December,Dec,Q4,4,2018,2018 Q4,2018-12,No,No,No,No,No,No,No
20181226,43460,26,Wednesday,3,52,12,December,Dec,Q4,4,2018,2018 Q4,2018-12,No,No,No,No,No,No,No
20181227,43461,27,Thursday,4,52,12,December,Dec,Q4,4,2018,2018 Q4,2018-12,No,No,No,No,No,No,No
20181228,43462,28,Friday,5,52,12,December,Dec,Q4,4,2018,2018 Q4,2018-12,No,No,No,No,No,No,No
20181229,43463,29,Saturday,6,52,12,December,Dec,Q4,4,2018,2018 Q4,2018-12,No,No,No,No,No,No,Yes
20181230,43464,30,Sunday,7,52,12,December,Dec,Q4,4,2018,2018 Q4,2018-12,No,No,No,No,No,No,Yes
20181231,43465,31,Monday,1,1,12,December,Dec,Q4,4,2018,2018 Q4,2018-12,No,Yes,No,Yes,No,Yes,No
20190101,43466,1,Tuesday,2,1,1,January,Jan,Q1,1,2019,2019 Q1,2019-01,Yes,No,Yes,No,Yes,No,No
20190102,43467,2,Wednesday,3,1,1,January,Jan,Q1,1,2019,2019 Q1,2019-01,No,No,No,No,No,No,No
20190103,43468,3,Thursday,4,1,1,January,Jan,Q1,1,2019,2019 Q1,2019-01,No,No,No,No,No,No,No
20190104,43469,4,Friday,5,1,1,January,Jan,Q1,1,2019,2019 Q1,2019-01,No,No,No,No,No,No,No
20190105,43470,5,Saturday,6,1,1,January,Jan,Q1,1,2019,2019 Q1,2019-01,No,No,No,No,No,No,Yes
20190106,43471,6,Sunday,7,1,1,January,Jan,Q1,1,2019,2019 Q1,2019-01,No,No,No,No,No,No,Yes
20190107,43472,7,Monday,1,2,1,January,Jan,Q1,1,2019,2019 Q1,2019-01,No,No,No,No,No,No,No
20190108,43473,8,Tuesday,2,2,1,January,Jan,Q1,1,2019,2019 Q1,2019-01,No,No,No,No,No,No,No
20190109,43474,9,Wednesday,3,2,1,January,Jan,Q1,1,2019,2019 Q1,2019-01,No,No,No,No,No,No,No
20190110,43475,10,Thursday,4,2,1,January,Jan,Q1,1,2019,2019 Q1,2019-01,No,No,No,No,No,No,No
20190111,43476,11,Friday,5,2,1,January,Jan,Q1,1,2019,2019 Q1,2019-01,No,No,No,No,No,No,No
20190112,43477,12,Saturday,6,2,1,January,Jan,Q1,1,2019,2019 Q1,2019-01,No,No,No,No,No,No,Yes
20190113,43478,13,Sunday,7,2,1,January,Jan,Q1,1,2019,2019 Q1,2019-01,No,No,No,No,No,No,Yes
20190114,43479,14,Monday,1,3,1,January,Jan,Q1,1,2019,2019 Q1,2019-01,No,No,No,No,No,No,No
20190115,43480,15,Tuesday,2,3,1,January,Jan,Q1,1,2019,2019 Q1,2019-01,No,No,No,No,No,No,No
20190116,43481,16,Wednesday,3,3,1,January,Jan,Q1,1,2019,2019 Q1,2019-01,No,No,No,No,No,No,No
20190117,43482,17,Thursday,4,3,1,January,Jan,Q1,1,2019,2019 Q1,2019-01,No,No,No,No,No,No,No
20190118,43483,18,Friday,5,3,1,January,Jan,Q1,1,2019,2019 Q1,2019-01,No,No,No,No,No,No,No
20190119,43484,19,Saturday,6,3,1,January,Jan,Q1,1,2019,2019 Q1,2019-01,No,No,No,No,No,No,Yes
20190120,43485,20,Sunday,7,3,1,January,Jan,Q1,1,2019,2019 Q1,2019-01,No,No,No,No,No,No,Yes
20190121,43486,21,Monday,1,4,1,January,Jan,Q1,1,2019,2019 Q1,2019-01,No,No,No,No,No,No,No
20190122,43487,22,Tuesday,2,4,1,January,Jan,Q1,1,2019,2019 Q1,2019-01,No,No,No,No,No,No,No
20190123,43488,23,Wednesday,3,4,1,January,Jan,Q1,1,2019,2019 Q1,2019-01,No,No,No,No,No,No,No
20190124,43489,24,Thursday,4,4,1,January,Jan,Q1,1,2019,2019 Q1,2019-01,No,No,No,No,No,No,No
20190125,43490,25,Friday,5,4,1,January,Jan,Q1,1,2019,2019 Q1,2019-01,No,No,No,No,No,No,No
20190126,43491,26,Saturday,6,4,1,January,Jan,Q1,1,2019,2019 Q1,2019-01,No,No,No,No,No,No,Yes
20190127,43492,27,Sunday,7,4,1,January,Jan,Q1,1,2019,2019 Q1,2019-01,No,No,No,No,No,No,Yes
20190128,43493,28,Monday,1,5,1,January,Jan,Q1,1,2019,2019 Q1,2019-01,No,No,No,No,No,No,No
20190129,43494,29,Tuesday,2,5,1,January,Jan,Q1,1,2019,2019 Q1,2019-01,No,No,No,No,No,No,No
20190130,43495,30,Wednesday,3,5,1,January,Jan,Q1,1,2019,2019 Q1,2019-01,No,No,No,No,No,No,No
20190131,43496,31,Thursday,4,5,1,January,Jan,Q1,1,2019,2019 Q1,2019-01,No,Yes,No,No,No,No,No
20190201,43497,1,Friday,5,5,2,February,Feb,Q1,1,2019,2019 Q1,2019-02,Yes,No,No,No,No,No,No
20190202,43498,2,Saturday,6,5,2,February,Feb,Q1,1,2019,2019 Q1,2019-02,No,No,No,No,No,No,Yes
20190203,43499,3,Sunday,7,5,2,February,Feb,Q1,1,2019,2019 Q1,2019-02,No,No,No,No,No,No,Yes
20190204,43500,4,Monday,1,6,2,February,Feb,Q1,1,2019,2019 Q1,2019-02,No,No,No,No,No,No,No
20190205,43501,5,Tuesday,2,6,2,February,Feb,Q1,1,2019,2019 Q1,2019-02,No,No,No,No,No,No,No
20190206,43502,6,Wednesday,3,6,2,February,Feb,Q1,1,2019,2019 Q1,2019-02,No,No,No,No,No,No,No
20190207,43503,7,Thursday,4,6,2,February,Feb,Q1,1,2019,2019 Q1,2019-02,No,No,No,No,No,No,No
20190208,43504,8,Friday,5,6,2,February,Feb,Q1,1,2019,2019 Q1,2019-02,No,No,No,No,No,No,No
20190209,43505,9,Saturday,6,6,2,February,Feb,Q1,1,2019,2019 Q1,2019-02,No,No,No,No,No,No,Yes
20190210,43506,10,Sunday,7,6,2,February,Feb,Q1,1,2019,2019 Q1,2019-02,No,No,No,No,No,No,Yes
20190211,43507,11,Monday,1,7,2,February,Feb,Q1,1,2019,2019 Q1,2019-02,No,No,No,No,No,No,No
20190212,43508,12,Tuesday,2,7,2,February,Feb,Q1,1,2019,2019 Q1,2019-02,No,No,No,No,No,No,No
20190213,43509,13,Wednesday,3,7,2,February,Feb,Q1,1,2019,2019 Q1,2019-02,No,No,No,No,No,No,No
20190214,43510,14,Thursday,4,7,2,February,Feb,Q1,1,2019,2019 Q1,2019-02,No,No,No,No,No,No,No
20190215,43511,15,Friday,5,7,2,February,Feb,Q1,1,2019,2019 Q1,2019-02,No,No,No,No,No,No,No
20190216,43512,16,Saturday,6,7,2,February,Feb,Q1,1,2019,2019 Q1,2019-02,No,No,No,No,No,No,Yes
20190217,43513,17,Sunday,7,7,2,February,Feb,Q1,1,2019,2019 Q1,2019-02,No,No,No,No,No,No,Yes
20190218,43514,18,Monday,1,8,2,February,Feb,Q1,1,2019,2019 Q1,2019-02,No,No,No,No,No,No,No
20190219,43515,19,Tuesday,2,8,2,February,Feb,Q1,1,2019,2019 Q1,2019-02,No,No,No,No,No,No,No
20190220,43516,20,Wednesday,3,8,2,February,Feb,Q1,1,2019,2019 Q1,2019-02,No,No,No,No,No,No,No
20190221,43517,21,Thursday,4,8,2,February,Feb,Q1,1,2019,2019 Q1,2019-02,No,No,No,No,No,No,No
20190222,43518,22,Friday,5,8,2,February,Feb,Q1,1,2019,2019 Q1,2019-02,No,No,No,No,No,No,No
20190223,43519,23,Saturday,6,8,2,February,Feb,Q1,1,2019,2019 Q1,2019-02,No,No,No,No,No,No,Yes
20190224,43520,24,Sunday,7,8,2,February,Feb,Q1,1,2019,2019 Q1,2019-02,No,No,No,No,No,No,Yes
20190225,43521,25,Monday,1,9,2,February,Feb,Q1,1,2019,2019 Q1,2019-02,No,No,No,No,No,No,No
20190226,43522,26,Tuesday,2,9,2,February,Feb,Q1,1,2019,2019 Q1,2019-02,No,No,No,No,No,No,No
20190227,43523,27,Wednesday,3,9,2,February,Feb,Q1,1,2019,2019 Q1,2019-02,No,No,No,No,No,No,No
20190228,43524,28,Thursday,4,9,2,February,Feb,Q1,1,2019,2019 Q1,2019-02,No,Yes,No,No,No,No,No
20190301,43525,1,Friday,5,9,3,March,Mar,Q1,1,2019,2019 Q1,2019-03,Yes,No,No,No,No,No,No
20190302,43526,2,Saturday,6,9,3,March,Mar,Q1,1,2019,2019 Q1,2019-03,No,No,No,No,No,No,Yes
20190303,43527,3,Sunday,7,9,3,March,Mar,Q1,1,2019,2019 Q1,2019-03,No,No,No,No,No,No,Yes
20190304,43528,4,Monday,1,10,3,March,Mar,Q1,1,2019,2019 Q1,2019-03,No,No,No,No,No,No,No
20190305,43529,5,Tuesday,2,10,3,March,Mar,Q1,1,2019,2019 Q1,2019-03,No,No,No,No,No,No,No
20190306,43530,6,Wednesday,3,10,3,March,Mar,Q1,1,2019,2019 Q1,2019-03,No,No,No,No,No,No,No
20190307,43531,7,Thursday,4,10,3,March,Mar,Q1,1,2019,2019 Q1,2019-03,No,No,No,No,No,No,No
20190308,43532,8,Friday,5,10,3,March,Mar,Q1,1,2019,2019 Q1,2019-03,No,No,No,No,No,No,No
20190309,43533,9,Saturday,6,10,3,March,Mar,Q1,1,2019,2019 Q1,2019-03,No,No,No,No,No,No,Yes
20190310,43534,10,Sunday,7,10,3,March,Mar,Q1,1,2019,2019 Q1,2019-03,No,No,No,No,No,No,Yes
20190311,43535,11,Monday,1,11,3,March,Mar,Q1,1,2019,2019 Q1,2019-03,No,No,No,No,No,No,No
20190312,43536,12,Tuesday,2,11,3,March,Mar,Q1,1,2019,2019 Q1,2019-03,No,No,No,No,No,No,No
20190313,43537,13,Wednesday,3,11,3,March,Mar,Q1,1,2019,2019 Q1,2019-03,No,No,No,No,No,No,No
20190314,43538,14,Thursday,4,11,3,March,Mar,Q1,1,2019,2019 Q1,2019-03,No,No,No,No,No,No,No
20190315,43539,15,Friday,5,11,3,March,Mar,Q1,1,2019,2019 Q1,2019-03,No,No,No,No,No,No,No
20190316,43540,16,Saturday,6,11,3,March,Mar,Q1,1,2019,2019 Q1,2019-03,No,No,No,No,No,No,Yes
20190317,43541,17,Sunday,7,11,3,March,Mar,Q1,1,2019,2019 Q1,2019-03,No,No,No,No,No,No,Yes
20190318,43542,18,Monday,1,12,3,March,Mar,Q1,1,2019,2019 Q1,2019-03,No,No,No,No,No,No,No
20190319,43543,19,Tuesday,2,12,3,March,Mar,Q1,1,2019,2019 Q1,2019-03,No,No,No,No,No,No,No
20190320,43544,20,Wednesday,3,12,3,March,Mar,Q1,1,2019,2019 Q1,2019-03,No,No,No,No,No,No,No
20190321,43545,21,Thursday,4,12,3,March,Mar,Q1,1,2019,2019 Q1,2019-03,No,No,No,No,No,No,No
20190322,43546,22,Friday,5,12,3,March,Mar,Q1,1,2019,2019 Q1,2019-03,No,No,No,No,No,No,No
20190323,43547,23,Saturday,6,12,3,March,Mar,Q1,1,2019,2019 Q1,2019-03,No,No,No,No,No,No,Yes
20190324,43548,24,Sunday,7,12,3,March,Mar,Q1,1,2019,2019 Q1,2019-03,No,No,No,No,No,No,Yes
20190325,43549,25,Monday,1,13,3,March,Mar,Q1,1,2019,2019 Q1,2019-03,No,No,No,No,No,No,No
20190326,43550,26,Tuesday,2,13,3,March,Mar,Q1,1,2019,2019 Q1,2019-03,No,No,No,No,No,No,No
20190327,43551,27,Wednesday,3,13,3,March,Mar,Q1,1,2019,2019 Q1,2019-03,No,No,No,No,No,No,No
20190328,43552,28,Thursday,4,13,3,March,Mar,Q1,1,2019,2019 Q1,2019-03,No,No,No,No,No,No,No
20190329,43553,29,Friday,5,13,3,March,Mar,Q1,1,2019,2019 Q1,2019-03,No,No,No,No,No,No,No
20190330,43554,30,Saturday,6,13,3,March,Mar,Q1,1,2019,2019 Q1,2019-03,No,No,No,No,No,No,Yes
20190331,43555,31,Sunday,7,13,3,March,Mar,Q1,1,2019,2019 Q1,2019-03,No,Yes,No,Yes,No,No,Yes
20190401,43556,1,Monday,1,14,4,April,Apr,Q2,2,2019,2019 Q2,2019-04,Yes,No,Yes,No,No,No,No
20190402,43557,2,Tuesday,2,14,4,April,Apr,Q2,2,2019,2019 Q2,2019-04,No,No,No,No,No,No,No
20190403,43558,3,Wednesday,3,14,4,April,Apr,Q2,2,2019,2019 Q2,2019-04,No,No,No,No,No,No,No
20190404,43559,4,Thursday,4,14,4,April,Apr,Q2,2,2019,2019 Q2,2019-04,No,No,No,No,No,No,No
20190405,43560,5,Friday,5,14,4,April,Apr,Q2,2,2019,2019 Q2,2019-04,No,No,No,No,No,No,No
20190406,43561,6,Saturday,6,14,4,April,Apr,Q2,2,2019,2019 Q2,2019-04,No,No,No,No,No,No,Yes
20190407,43562,7,Sunday,7,14,4,April,Apr,Q2,2,2019,2019 Q2,2019-04,No,No,No,No,No,No,Yes
20190408,43563,8,Monday,1,15,4,April,Apr,Q2,2,2019,2019 Q2,2019-04,No,No,No,No,No,No,No
20190409,43564,9,Tuesday,2,15,4,April,Apr,Q2,2,2019,2019 Q2,2019-04,No,No,No,No,No,No,No
20190410,43565,10,Wednesday,3,15,4,April,Apr,Q2,2,2019,2019 Q2,2019-04,No,No,No,No,No,No,No
20190411,43566,11,Thursday,4,15,4,April,Apr,Q2,2,2019,2019 Q2,2019-04,No,No,No,No,No,No,No
20190412,43567,12,Friday,5,15,4,April,Apr,Q2,2,2019,2019 Q2,2019-04,No,No,No,No,No,No,No
20190413,43568,13,Saturday,6,15,4,April,Apr,Q2,2,2019,2019 Q2,2019-04,No,No,No,No,No,No,Yes
20190414,43569,14,Sunday,7,15,4,April,Apr,Q2,2,2019,2019 Q2,2019-04,No,No,No,No,No,No,Yes
20190415,43570,15,Monday,1,16,4,April,Apr,Q2,2,2019,2019 Q2,2019-04,No,No,No,No,No,No,No
20190416,43571,16,Tuesday,2,16,4,April,Apr,Q2,2,2019,2019 Q2,2019-04,No,No,No,No,No,No,No
20190417,43572,17,Wednesday,3,16,4,April,Apr,Q2,2,2019,2019 Q2,2019-04,No,No,No,No,No,No,No
20190418,43573,18,Thursday,4,16,4,April,Apr,Q2,2,2019,2019 Q2,2019-04,No,No,No,No,No,No,No
20190419,43574,19,Friday,5,16,4,April,Apr,Q2,2,2019,2019 Q2,2019-04,No,No,No,No,No,No,No
20190420,43575,20,Saturday,6,16,4,April,Apr,Q2,2,2019,2019 Q2,2019-04,No,No,No,No,No,No,Yes
20190421,43576,21,Sunday,7,16,4,April,Apr,Q2,2,2019,2019 Q2,2019-04,No,No,No,No,No,No,Yes
20190422,43577,22,Monday,1,17,4,April,Apr,Q2,2,2019,2019 Q2,2019-04,No,No,No,No,No,No,No
20190423,43578,23,Tuesday,2,17,4,April,Apr,Q2,2,2019,2019 Q2,2019-04,No,No,No,No,No,No,No
20190424,43579,24,Wednesday,3,17,4,April,Apr,Q2,2,2019,2019 Q2,2019-04,No,No,No,No,No,No,No
20190425,43580,25,Thursday,4,17,4,April,Apr,Q2,2,2019,2019 Q2,2019-04,No,No,No,No,No,No,No
20190426,43581,26,Friday,5,17,4,April,Apr,Q2,2,2019,2019 Q2,2019-04,No,No,No,No,No,No,No
20190427,43582,27,Saturday,6,17,4,April,Apr,Q2,2,2019,2019 Q2,2019-04,No,No,No,No,No,No,Yes
20190428,43583,28,Sunday,7,17,4,April,Apr,Q2,2,2019,2019 Q2,2019-04,No,No,No,No,No,No,Yes
20190429,43584,29,Monday,1,18,4,April,Apr,Q2,2,2019,2019 Q2,2019-04,No,No,No,No,No,No,No
20190430,43585,30,Tuesday,2,18,4,April,Apr,Q2,2,2019,2019 Q2,2019-04,No,Yes,No,No,No,No,No
20190501,43586,1,Wednesday,3,18,5,May,May,Q2,2,2019,2019 Q2,2019-05,Yes,No,No,No,No,No,No
20190502,43587,2,Thursday,4,18,5,May,May,Q2,2,2019,2019 Q2,2019-05,No,No,No,No,No,No,No
20190503,43588,3,Friday,5,18,5,May,May,Q2,2,2019,2019 Q2,2019-05,No,No,No,No,No,No,No
20190504,43589,4,Saturday,6,18,5,May,May,Q2,2,2019,2019 Q2,2019-05,No,No,No,No,No,No,Yes
20190505,43590,5,Sunday,7,18,5,May,May,Q2,2,2019,2019 Q2,2019-05,No,No,No,No,No,No,Yes
20190506,43591,6,Monday,1,19,5,May,May,Q2,2,2019,2019 Q2,2019-05,No,No,No,No,No,No,No
20190507,43592,7,Tuesday,2,19,5,May,May,Q2,2,2019,2019 Q2,2019-05,No,No,No,No,No,No,No
20190508,43593,8,Wednesday,3,19,5,May,May,Q2,2,2019,2019 Q2,2019-05,No,No,No,No,No,No,No
20190509,43594,9,Thursday,4,19,5,May,May,Q2,2,2019,2019 Q2,2019-05,No,No,No,No,No,No,No
20190510,43595,10,Friday,5,19,5,May,May,Q2,2,2019,2019 Q2,2019-05,No,No,No,No,No,No,No
20190511,43596,11,Saturday,6,19,5,May,May,Q2,2,2019,2019 Q2,2019-05,No,No,No,No,No,No,Yes
20190512,43597,12,Sunday,7,19,5,May,May,Q2,2,2019,2019 Q2,2019-05,No,No,No,No,No,No,Yes
20190513,43598,13,Monday,1,20,5,May,May,Q2,2,2019,2019 Q2,2019-05,No,No,No,No,No,No,No
20190514,43599,14,Tuesday,2,20,5,May,May,Q2,2,2019,2019 Q2,2019-05,No,No,No,No,No,No,No
20190515,43600,15,Wednesday,3,20,5,May,May,Q2,2,2019,2019 Q2,2019-05,No,No,No,No,No,No,No
20190516,43601,16,Thursday,4,20,5,May,May,Q2,2,2019,2019 Q2,2019-05,No,No,No,No,No,No,No
20190517,43602,17,Friday,5,20,5,May,May,Q2,2,2019,2019 Q2,2019-05,No,No,No,No,No,No,No
20190518,43603,18,Saturday,6,20,5,May,May,Q2,2,2019,2019 Q2,2019-05,No,No,No,No,No,No,Yes
20190519,43604,19,Sunday,7,20,5,May,May,Q2,2,2019,2019 Q2,2019-05,No,No,No,No,No,No,Yes
20190520,43605,20,Monday,1,21,5,May,May,Q2,2,2019,2019 Q2,2019-05,No,No,No,No,No,No,No
20190521,43606,21,Tuesday,2,21,5,May,May,Q2,2,2019,2019 Q2,2019-05,No,No,No,No,No,No,No
20190522,43607,22,Wednesday,3,21,5,May,May,Q2,2,2019,2019 Q2,2019-05,No,No,No,No,No,No,No
20190523,43608,23,Thursday,4,21,5,May,May,Q2,2,2019,2019 Q2,2019-05,No,No,No,No,No,No,No
20190524,43609,24,Friday,5,21,5,May,May,Q2,2,2019,2019 Q2,2019-05,No,No,No,No,No,No,No
20190525,43610,25,Saturday,6,21,5,May,May,Q2,2,2019,2019 Q2,2019-05,No,No,No,No,No,No,Yes
20190526,43611,26,Sunday,7,21,5,May,May,Q2,2,2019,2019 Q2,2019-05,No,No,No,No,No,No,Yes
20190527,43612,27,Monday,1,22,5,May,May,Q2,2,2019,2019 Q2,2019-05,No,No,No,No,No,No,No
20190528,43613,28,Tuesday,2,22,5,May,May,Q2,2,2019,2019 Q2,2019-05,No,No,No,No,No,No,No
20190529,43614,29,Wednesday,3,22,5,May,May,Q2,2,2019,2019 Q2,2019-05,No,No,No,No,No,No,No
20190530,43615,30,Thursday,4,22,5,May,May,Q2,2,2019,2019 Q2,2019-05,No,No,No,No,No,No,No
20190531,43616,31,Friday,5,22,5,May,May,Q2,2,2019,2019 Q2,2019-05,No,Yes,No,No,No,No,No
20190601,43617,1,Saturday,6,22,6,June,Jun,Q2,2,2019,2019 Q2,2019-06,Yes,No,No,No,No,No,Yes
20190602,43618,2,Sunday,7,22,6,June,Jun,Q2,2,2019,2019 Q2,2019-06,No,No,No,No,No,No,Yes
20190603,43619,3,Monday,1,23,6,June,Jun,Q2,2,2019,2019 Q2,2019-06,No,No,No,No,No,No,No
20190604,43620,4,Tuesday,2,23,6,June,Jun,Q2,2,2019,2019 Q2,2019-06,No,No,No,No,No,No,No
20190605,43621,5,Wednesday,3,23,6,June,Jun,Q2,2,2019,2019 Q2,2019-06,No,No,No,No,No,No,No
20190606,43622,6,Thursday,4,23,6,June,Jun,Q2,2,2019,2019 Q2,2019-06,No,No,No,No,No,No,No
20190607,43623,7,Friday,5,23,6,June,Jun,Q2,2,2019,2019 Q2,2019-06,No,No,No,No,No,No,No
20190608,43624,8,Saturday,6,23,6,June,Jun,Q2,2,2019,2019 Q2,2019-06,No,No,No,No,No,No,Yes
20190609,43625,9,Sunday,7,23,6,June,Jun,Q2,2,2019,2019 Q2,2019-06,No,No,No,No,No,No,Yes
20190610,43626,10,Monday,1,24,6,June,Jun,Q2,2,2019,2019 Q2,2019-06,No,No,No,No,No,No,No
20190611,43627,11,Tuesday,2,24,6,June,Jun,Q2,2,2019,2019 Q2,2019-06,No,No,No,No,No,No,No
20190612,43628,12,Wednesday,3,24,6,June,Jun,Q2,2,2019,2019 Q2,2019-06,No,No,No,No,No,No,No
20190613,43629,13,Thursday,4,24,6,June,Jun,Q2,2,2019,2019 Q2,2019-06,No,No,No,No,No,No,No
20190614,43630,14,Friday,5,24,6,June,Jun,Q2,2,2019,2019 Q2,2019-06,No,No,No,No,No,No,No
20190615,43631,15,Saturday,6,24,6,June,Jun,Q2,2,2019,2019 Q2,2019-06,No,No,No,No,No,No,Yes
20190616,43632,16,Sunday,7,24,6,June,Jun,Q2,2,2019,2019 Q2,2019-06,No,No,No,No,No,No,Yes
20190617,43633,17,Monday,1,25,6,June,Jun,Q2,2,2019,2019 Q2,2019-06,No,No,No,No,No,No,No
20190618,43634,18,Tuesday,2,25,6,June,Jun,Q2,2,2019,2019 Q2,2019-06,No,No,No,No,No,No,No
20190619,43635,19,Wednesday,3,25,6,June,Jun,Q2,2,2019,2019 Q2,2019-06,No,No,No,No,No,No,No
20190620,43636,20,Thursday,4,25,6,June,Jun,Q2,2,2019,2019 Q2,2019-06,No,No,No,No,No,No,No
20190621,43637,21,Friday,5,25,6,June,Jun,Q2,2,2019,2019 Q2,2019-06,No,No,No,No,No,No,No
20190622,43638,22,Saturday,6,25,6,June,Jun,Q2,2,2019,2019 Q2,2019-06,No,No,No,No,No,No,Yes
20190623,43639,23,Sunday,7,25,6,June,Jun,Q2,2,2019,2019 Q2,2019-06,No,No,No,No,No,No,Yes
20190624,43640,24,Monday,1,26,6,June,Jun,Q2,2,2019,2019 Q2,2019-06,No,No,No,No,No,No,No
20190625,43641,25,Tuesday,2,26,6,June,Jun,Q2,2,2019,2019 Q2,2019-06,No,No,No,No,No,No,No
20190626,43642,26,Wednesday,3,26,6,June,Jun,Q2,2,2019,2019 Q2,2019-06,No,No,No,No,No,No,No
20190627,43643,27,Thursday,4,26,6,June,Jun,Q2,2,2019,2019 Q2,2019-06,No,No,No,No,No,No,No
20190628,43644,28,Friday,5,26,6,June,Jun,Q2,2,2019,2019 Q2,2019-06,No,No,No,No,No,No,No
20190629,43645,29,Saturday,6,26,6,June,Jun,Q2,2,2019,2019 Q2,2019-06,No,No,No,No,No,No,Yes
20190630,43646,30,Sunday,7,26,6,June,Jun,Q2,2,2019,2019 Q2,2019-06,No,Yes,No,Yes,No,No,Yes
20190701,43647,1,Monday,1,27,7,July,Jul,Q3,3,2019,2019 Q3,2019-07,Yes,No,Yes,No,No,No,No
20190702,43648,2,Tuesday,2,27,7,July,Jul,Q3,3,2019,2019 Q3,2019-07,No,No,No,No,No,No,No
20190703,43649,3,Wednesday,3,27,7,July,Jul,Q3,3,2019,2019 Q3,2019-07,No,No,No,No,No,No,No
20190704,43650,4,Thursday,4,27,7,July,Jul,Q3,3,2019,2019 Q3,2019-07,No,No,No,No,No,No,No
20190705,43651,5,Friday,5,27,7,July,Jul,Q3,3,2019,2019 Q3,2019-07,No,No,No,No,No,No,No
20190706,43652,6,Saturday,6,27,7,July,Jul,Q3,3,2019,2019 Q3,2019-07,No,No,No,No,No,No,Yes
20190707,43653,7,Sunday,7,27,7,July,Jul,Q3,3,2019,2019 Q3,2019-07,No,No,No,No,No,No,Yes
20190708,43654,8,Monday,1,28,7,July,Jul,Q3,3,2019,2019 Q3,2019-07,No,No,No,No,No,No,No
20190709,43655,9,Tuesday,2,28,7,July,Jul,Q3,3,2019,2019 Q3,2019-07,No,No,No,No,No,No,No
20190710,43656,10,Wednesday,3,28,7,July,Jul,Q3,3,2019,2019 Q3,2019-07,No,No,No,No,No,No,No
20190711,43657,11,Thursday,4,28,7,July,Jul,Q3,3,2019,2019 Q3,2019-07,No,No,No,No,No,No,No
20190712,43658,12,Friday,5,28,7,July,Jul,Q3,3,2019,2019 Q3,2019-07,No,No,No,No,No,No,No
20190713,43659,13,Saturday,6,28,7,July,Jul,Q3,3,2019,2019 Q3,2019-07,No,No,No,No,No,No,Yes
20190714,43660,14,Sunday,7,28,7,July,Jul,Q3,3,2019,2019 Q3,2019-07,No,No,No,No,No,No,Yes
20190715,43661,15,Monday,1,29,7,July,Jul,Q3,3,2019,2019 Q3,2019-07,No,No,No,No,No,No,No
20190716,43662,16,Tuesday,2,29,7,July,Jul,Q3,3,2019,2019 Q3,2019-07,No,No,No,No,No,No,No
20190717,43663,17,Wednesday,3,29,7,July,Jul,Q3,3,2019,2019 Q3,2019-07,No,No,No,No,No,No,No
20190718,43664,18,Thursday,4,29,7,July,Jul,Q3,3,2019,2019 Q3,2019-07,No,No,No,No,No,No,No
20190719,43665,19,Friday,5,29,7,July,Jul,Q3,3,2019,2019 Q3,2019-07,No,No,No,No,No,No,No
20190720,43666,20,Saturday,6,29,7,July,Jul,Q3,3,2019,2019 Q3,2019-07,No,No,No,No,No,No,Yes
20190721,43667,21,Sunday,7,29,7,July,Jul,Q3,3,2019,2019 Q3,2019-07,No,No,No,No,No,No,Yes
20190722,43668,22,Monday,1,30,7,July,Jul,Q3,3,2019,2019 Q3,2019-07,No,No,No,No,No,No,No
20190723,43669,23,Tuesday,2,30,7,July,Jul,Q3,3,2019,2019 Q3,2019-07,No,No,No,No,No,No,No
20190724,43670,24,Wednesday,3,30,7,July,Jul,Q3,3,2019,2019 Q3,2019-07,No,No,No,No,No,No,No
20190725,43671,25,Thursday,4,30,7,July,Jul,Q3,3,2019,2019 Q3,2019-07,No,No,No,No,No,No,No
20190726,43672,26,Friday,5,30,7,July,Jul,Q3,3,2019,2019 Q3,2019-07,No,No,No,No,No,No,No
20190727,43673,27,Saturday,6,30,7,July,Jul,Q3,3,2019,2019 Q3,2019-07,No,No,No,No,No,No,Yes
20190728,43674,28,Sunday,7,30,7,July,Jul,Q3,3,2019,2019 Q3,2019-07,No,No,No,No,No,No,Yes
20190729,43675,29,Monday,1,31,7,July,Jul,Q3,3,2019,2019 Q3,2019-07,No,No,No,No,No,No,No
20190730,43676,30,Tuesday,2,31,7,July,Jul,Q3,3,2019,2019 Q3,2019-07,No,No,No,No,No,No,No
20190731,43677,31,Wednesday,3,31,7,July,Jul,Q3,3,2019,2019 Q3,2019-07,No,Yes,No,No,No,No,No
20190801,43678,1,Thursday,4,31,8,August,Aug,Q3,3,2019,2019 Q3,2019-08,Yes,No,No,No,No,No,No
20190802,43679,2,Friday,5,31,8,August,Aug,Q3,3,2019,2019 Q3,2019-08,No,No,No,No,No,No,No
20190803,43680,3,Saturday,6,31,8,August,Aug,Q3,3,2019,2019 Q3,2019-08,No,No,No,No,No,No,Yes
20190804,43681,4,Sunday,7,31,8,August,Aug,Q3,3,2019,2019 Q3,2019-08,No,No,No,No,No,No,Yes
20190805,43682,5,Monday,1,32,8,August,Aug,Q3,3,2019,2019 Q3,2019-08,No,No,No,No,No,No,No
20190806,43683,6,Tuesday,2,32,8,August,Aug,Q3,3,2019,2019 Q3,2019-08,No,No,No,No,No,No,No
20190807,43684,7,Wednesday,3,32,8,August,Aug,Q3,3,2019,2019 Q3,2019-08,No,No,No,No,No,No,No
20190808,43685,8,Thursday,4,32,8,August,Aug,Q3,3,2019,2019 Q3,2019-08,No,No,No,No,No,No,No
20190809,43686,9,Friday,5,32,8,August,Aug,Q3,3,2019,2019 Q3,2019-08,No,No,No,No,No,No,No
20190810,43687,10,Saturday,6,32,8,August,Aug,Q3,3,2019,2019 Q3,2019-08,No,No,No,No,No,No,Yes
20190811,43688,11,Sunday,7,32,8,August,Aug,Q3,3,2019,2019 Q3,2019-08,No,No,No,No,No,No,Yes
20190812,43689,12,Monday,1,33,8,August,Aug,Q3,3,2019,2019 Q3,2019-08,No,No,No,No,No,No,No
20190813,43690,13,Tuesday,2,33,8,August,Aug,Q3,3,2019,2019 Q3,2019-08,No,No,No,No,No,No,No
20190814,43691,14,Wednesday,3,33,8,August,Aug,Q3,3,2019,2019 Q3,2019-08,No,No,No,No,No,No,No
20190815,43692,15,Thursday,4,33,8,August,Aug,Q3,3,2019,2019 Q3,2019-08,No,No,No,No,No,No,No
20190816,43693,16,Friday,5,33,8,August,Aug,Q3,3,2019,2019 Q3,2019-08,No,No,No,No,No,No,No
20190817,43694,17,Saturday,6,33,8,August,Aug,Q3,3,2019,2019 Q3,2019-08,No,No,No,No,No,No,Yes
20190818,43695,18,Sunday,7,33,8,August,Aug,Q3,3,2019,2019 Q3,2019-08,No,No,No,No,No,No,Yes
20190819,43696,19,Monday,1,34,8,August,Aug,Q3,3,2019,2019 Q3,2019-08,No,No,No,No,No,No,No
20190820,43697,20,Tuesday,2,34,8,August,Aug,Q3,3,2019,2019 Q3,2019-08,No,No,No,No,No,No,No
20190821,43698,21,Wednesday,3,34,8,August,Aug,Q3,3,2019,2019 Q3,2019-08,No,No,No,No,No,No,No
20190822,43699,22,Thursday,4,34,8,August,Aug,Q3,3,2019,2019 Q3,2019-08,No,No,No,No,No,No,No
20190823,43700,23,Friday,5,34,8,August,Aug,Q3,3,2019,2019 Q3,2019-08,No,No,No,No,No,No,No
20190824,43701,24,Saturday,6,34,8,August,Aug,Q3,3,2019,2019 Q3,2019-08,No,No,No,No,No,No,Yes
20190825,43702,25,Sunday,7,34,8,August,Aug,Q3,3,2019,2019 Q3,2019-08,No,No,No,No,No,No,Yes
20190826,43703,26,Monday,1,35,8,August,Aug,Q3,3,2019,2019 Q3,2019-08,No,No,No,No,No,No,No
20190827,43704,27,Tuesday,2,35,8,August,Aug,Q3,3,2019,2019 Q3,2019-08,No,No,No,No,No,No,No
20190828,43705,28,Wednesday,3,35,8,August,Aug,Q3,3,2019,2019 Q3,2019-08,No,No,No,No,No,No,No
20190829,43706,29,Thursday,4,35,8,August,Aug,Q3,3,2019,2019 Q3,2019-08,No,No,No,No,No,No,No
20190830,43707,30,Friday,5,35,8,August,Aug,Q3,3,2019,2019 Q3,2019-08,No,No,No,No,No,No,No
20190831,43708,31,Saturday,6,35,8,August,Aug,Q3,3,2019,2019 Q3,2019-08,No,Yes,No,No,No,No,Yes
20190901,43709,1,Sunday,7,35,9,September,Sep,Q3,3,2019,2019 Q3,2019-09,Yes,No,No,No,No,No,Yes
20190902,43710,2,Monday,1,36,9,September,Sep,Q3,3,2019,2019 Q3,2019-09,No,No,No,No,No,No,No
20190903,43711,3,Tuesday,2,36,9,September,Sep,Q3,3,2019,2019 Q3,2019-09,No,No,No,No,No,No,No
20190904,43712,4,Wednesday,3,36,9,September,Sep,Q3,3,2019,2019 Q3,2019-09,No,No,No,No,No,No,No
20190905,43713,5,Thursday,4,36,9,September,Sep,Q3,3,2019,2019 Q3,2019-09,No,No,No,No,No,No,No
20190906,43714,6,Friday,5,36,9,September,Sep,Q3,3,2019,2019 Q3,2019-09,No,No,No,No,No,No,No
20190907,43715,7,Saturday,6,36,9,September,Sep,Q3,3,2019,2019 Q3,2019-09,No,No,No,No,No,No,Yes
20190908,43716,8,Sunday,7,36,9,September,Sep,Q3,3,2019,2019 Q3,2019-09,No,No,No,No,No,No,Yes
20190909,43717,9,Monday,1,37,9,September,Sep,Q3,3,2019,2019 Q3,2019-09,No,No,No,No,No,No,No
20190910,43718,10,Tuesday,2,37,9,September,Sep,Q3,3,2019,2019 Q3,2019-09,No,No,No,No,No,No,No
20190911,43719,11,Wednesday,3,37,9,September,Sep,Q3,3,2019,2019 Q3,2019-09,No,No,No,No,No,No,No
20190912,43720,12,Thursday,4,37,9,September,Sep,Q3,3,2019,2019 Q3,2019-09,No,No,No,No,No,No,No
20190913,43721,13,Friday,5,37,9,September,Sep,Q3,3,2019,2019 Q3,2019-09,No,No,No,No,No,No,No
20190914,43722,14,Saturday,6,37,9,September,Sep,Q3,3,2019,2019 Q3,2019-09,No,No,No,No,No,No,Yes
20190915,43723,15,Sunday,7,37,9,September,Sep,Q3,3,2019,2019 Q3,2019-09,No,No,No,No,No,No,Yes
20190916,43724,16,Monday,1,38,9,September,Sep,Q3,3,2019,2019 Q3,2019-09,No,No,No,No,No,No,No
20190917,43725,17,Tuesday,2,38,9,September,Sep,Q3,3,2019,2019 Q3,2019-09,No,No,No,No,No,No,No
20190918,43726,18,Wednesday,3,38,9,September,Sep,Q3,3,2019,2019 Q3,2019-09,No,No,No,No,No,No,No
20190919,43727,19,Thursday,4,38,9,September,Sep,Q3,3,2019,2019 Q3,2019-09,No,No,No,No,No,No,No
20190920,43728,20,Friday,5,38,9,September,Sep,Q3,3,2019,2019 Q3,2019-09,No,No,No,No,No,No,No
20190921,43729,21,Saturday,6,38,9,September,Sep,Q3,3,2019,2019 Q3,2019-09,No,No,No,No,No,No,Yes
20190922,43730,22,Sunday,7,38,9,September,Sep,Q3,3,2019,2019 Q3,2019-09,No,No,No,No,No,No,Yes
20190923,43731,23,Monday,1,39,9,September,Sep,Q3,3,2019,2019 Q3,2019-09,No,No,No,No,No,No,No
20190924,43732,24,Tuesday,2,39,9,September,Sep,Q3,3,2019,2019 Q3,2019-09,No,No,No,No,No,No,No
20190925,43733,25,Wednesday,3,39,9,September,Sep,Q3,3,2019,2019 Q3,2019-09,No,No,No,No,No,No,No
20190926,43734,26,Thursday,4,39,9,September,Sep,Q3,3,2019,2019 Q3,2019-09,No,No,No,No,No,No,No
20190927,43735,27,Friday,5,39,9,September,Sep,Q3,3,2019,2019 Q3,2019-09,No,No,No,No,No,No,No
20190928,43736,28,Saturday,6,39,9,September,Sep,Q3,3,2019,2019 Q3,2019-09,No,No,No,No,No,No,Yes
20190929,43737,29,Sunday,7,39,9,September,Sep,Q3,3,2019,2019 Q3,2019-09,No,No,No,No,No,No,Yes
20190930,43738,30,Monday,1,40,9,September,Sep,Q3,3,2019,2019 Q3,2019-09,No,Yes,No,Yes,No,No,No
20191001,43739,1,Tuesday,2,40,10,October,Oct,Q4,4,2019,2019 Q4,2019-10,Yes,No,Yes,No,No,No,No
20191002,43740,2,Wednesday,3,40,10,October,Oct,Q4,4,2019,2019 Q4,2019-10,No,No,No,No,No,No,No
20191003,43741,3,Thursday,4,40,10,October,Oct,Q4,4,2019,2019 Q4,2019-10,No,No,No,No,No,No,No
20191004,43742,4,Friday,5,40,10,October,Oct,Q4,4,2019,2019 Q4,2019-10,No,No,No,No,No,No,No
20191005,43743,5,Saturday,6,40,10,October,Oct,Q4,4,2019,2019 Q4,2019-10,No,No,No,No,No,No,Yes
20191006,43744,6,Sunday,7,40,10,October,Oct,Q4,4,2019,2019 Q4,2019-10,No,No,No,No,No,No,Yes
20191007,43745,7,Monday,1,41,10,October,Oct,Q4,4,2019,2019 Q4,2019-10,No,No,No,No,No,No,No
20191008,43746,8,Tuesday,2,41,10,October,Oct,Q4,4,2019,2019 Q4,2019-10,No,No,No,No,No,No,No
20191009,43747,9,Wednesday,3,41,10,October,Oct,Q4,4,2019,2019 Q4,2019-10,No,No,No,No,No,No,No
20191010,43748,10,Thursday,4,41,10,October,Oct,Q4,4,2019,2019 Q4,2019-10,No,No,No,No,No,No,No
20191011,43749,11,Friday,5,41,10,October,Oct,Q4,4,2019,2019 Q4,2019-10,No,No,No,No,No,No,No
20191012,43750,12,Saturday,6,41,10,October,Oct,Q4,4,2019,2019 Q4,2019-10,No,No,No,No,No,No,Yes
20191013,43751,13,Sunday,7,41,10,October,Oct,Q4,4,2019,2019 Q4,2019-10,No,No,No,No,No,No,Yes
20191014,43752,14,Monday,1,42,10,October,Oct,Q4,4,2019,2019 Q4,2019-10,No,No,No,No,No,No,No
20191015,43753,15,Tuesday,2,42,10,October,Oct,Q4,4,2019,2019 Q4,2019-10,No,No,No,No,No,No,No
20191016,43754,16,Wednesday,3,42,10,October,Oct,Q4,4,2019,2019 Q4,2019-10,No,No,No,No,No,No,No
20191017,43755,17,Thursday,4,42,10,October,Oct,Q4,4,2019,2019 Q4,2019-10,No,No,No,No,No,No,No
20191018,43756,18,Friday,5,42,10,October,Oct,Q4,4,2019,2019 Q4,2019-10,No,No,No,No,No,No,No
20191019,43757,19,Saturday,6,42,10,October,Oct,Q4,4,2019,2019 Q4,2019-10,No,No,No,No,No,No,Yes
20191020,43758,20,Sunday,7,42,10,October,Oct,Q4,4,2019,2019 Q4,2019-10,No,No,No,No,No,No,Yes
20191021,43759,21,Monday,1,43,10,October,Oct,Q4,4,2019,2019 Q4,2019-10,No,No,No,No,No,No,No
20191022,43760,22,Tuesday,2,43,10,October,Oct,Q4,4,2019,2019 Q4,2019-10,No,No,No,No,No,No,No
20191023,43761,23,Wednesday,3,43,10,October,Oct,Q4,4,2019,2019 Q4,2019-10,No,No,No,No,No,No,No
20191024,43762,24,Thursday,4,43,10,October,Oct,Q4,4,2019,2019 Q4,2019-10,No,No,No,No,No,No,No
20191025,43763,25,Friday,5,43,10,October,Oct,Q4,4,2019,2019 Q4,2019-10,No,No,No,No,No,No,No
20191026,43764,26,Saturday,6,43,10,October,Oct,Q4,4,2019,2019 Q4,2019-10,No,No,No,No,No,No,Yes
20191027,43765,27,Sunday,7,43,10,October,Oct,Q4,4,2019,2019 Q4,2019-10,No,No,No,No,No,No,Yes
20191028,43766,28,Monday,1,44,10,October,Oct,Q4,4,2019,2019 Q4,2019-10,No,No,No,No,No,No,No
20191029,43767,29,Tuesday,2,44,10,October,Oct,Q4,4,2019,2019 Q4,2019-10,No,No,No,No,No,No,No
20191030,43768,30,Wednesday,3,44,10,October,Oct,Q4,4,2019,2019 Q4,2019-10,No,No,No,No,No,No,No
20191031,43769,31,Thursday,4,44,10,October,Oct,Q4,4,2019,2019 Q4,2019-10,No,Yes,No,No,No,No,No
20191101,43770,1,Friday,5,44,11,November,Nov,Q4,4,2019,2019 Q4,2019-11,Yes,No,No,No,No,No,No
20191102,43771,2,Saturday,6,44,11,November,Nov,Q4,4,2019,2019 Q4,2019-11,No,No,No,No,No,No,Yes
20191103,43772,3,Sunday,7,44,11,November,Nov,Q4,4,2019,2019 Q4,2019-11,No,No,No,No,No,No,Yes
20191104,43773,4,Monday,1,45,11,November,Nov,Q4,4,2019,2019 Q4,2019-11,No,No,No,No,No,No,No
20191105,43774,5,Tuesday,2,45,11,November,Nov,Q4,4,2019,2019 Q4,2019-11,No,No,No,No,No,No,No
20191106,43775,6,Wednesday,3,45,11,November,Nov,Q4,4,2019,2019 Q4,2019-11,No,No,No,No,No,No,No
20191107,43776,7,Thursday,4,45,11,November,Nov,Q4,4,2019,2019 Q4,2019-11,No,No,No,No,No,No,No
20191108,43777,8,Friday,5,45,11,November,Nov,Q4,4,2019,2019 Q4,2019-11,No,No,No,No,No,No,No
20191109,43778,9,Saturday,6,45,11,November,Nov,Q4,4,2019,2019 Q4,2019-11,No,No,No,No,No,No,Yes
20191110,43779,10,Sunday,7,45,11,November,Nov,Q4,4,2019,2019 Q4,2019-11,No,No,No,No,No,No,Yes
20191111,43780,11,Monday,1,46,11,November,Nov,Q4,4,2019,2019 Q4,2019-11,No,No,No,No,No,No,No
20191112,43781,12,Tuesday,2,46,11,November,Nov,Q4,4,2019,2019 Q4,2019-11,No,No,No,No,No,No,No
20191113,43782,13,Wednesday,3,46,11,November,Nov,Q4,4,2019,2019 Q4,2019-11,No,No,No,No,No,No,No
20191114,43783,14,Thursday,4,46,11,November,Nov,Q4,4,2019,2019 Q4,2019-11,No,No,No,No,No,No,No
20191115,43784,15,Friday,5,46,11,November,Nov,Q4,4,2019,2019 Q4,2019-11,No,No,No,No,No,No,No
20191116,43785,16,Saturday,6,46,11,November,Nov,Q4,4,2019,2019 Q4,2019-11,No,No,No,No,No,No,Yes
20191117,43786,17,Sunday,7,46,11,November,Nov,Q4,4,2019,2019 Q4,2019-11,No,No,No,No,No,No,Yes
20191118,43787,18,Monday,1,47,11,November,Nov,Q4,4,2019,2019 Q4,2019-11,No,No,No,No,No,No,No
20191119,43788,19,Tuesday,2,47,11,November,Nov,Q4,4,2019,2019 Q4,2019-11,No,No,No,No,No,No,No
20191120,43789,20,Wednesday,3,47,11,November,Nov,Q4,4,2019,2019 Q4,2019-11,No,No,No,No,No,No,No
20191121,43790,21,Thursday,4,47,11,November,Nov,Q4,4,2019,2019 Q4,2019-11,No,No,No,No,No,No,No
20191122,43791,22,Friday,5,47,11,November,Nov,Q4,4,2019,2019 Q4,2019-11,No,No,No,No,No,No,No
20191123,43792,23,Saturday,6,47,11,November,Nov,Q4,4,2019,2019 Q4,2019-11,No,No,No,No,No,No,Yes
20191124,43793,24,Sunday,7,47,11,November,Nov,Q4,4,2019,2019 Q4,2019-11,No,No,No,No,No,No,Yes
20191125,43794,25,Monday,1,48,11,November,Nov,Q4,4,2019,2019 Q4,2019-11,No,No,No,No,No,No,No
20191126,43795,26,Tuesday,2,48,11,November,Nov,Q4,4,2019,2019 Q4,2019-11,No,No,No,No,No,No,No
20191127,43796,27,Wednesday,3,48,11,November,Nov,Q4,4,2019,2019 Q4,2019-11,No,No,No,No,No,No,No
20191128,43797,28,Thursday,4,48,11,November,Nov,Q4,4,2019,2019 Q4,2019-11,No,No,No,No,No,No,No
20191129,43798,29,Friday,5,48,11,November,Nov,Q4,4,2019,2019 Q4,2019-11,No,No,No,No,No,No,No
20191130,43799,30,Saturday,6,48,11,November,Nov,Q4,4,2019,2019 Q4,2019-11,No,Yes,No,No,No,No,Yes
20191201,43800,1,Sunday,7,48,12,December,Dec,Q4,4,2019,2019 Q4,2019-12,Yes,No,No,No,No,No,Yes
20191202,43801,2,Monday,1,49,12,December,Dec,Q4,4,2019,2019 Q4,2019-12,No,No,No,No,No,No,No
20191203,43802,3,Tuesday,2,49,12,December,Dec,Q4,4,2019,2019 Q4,2019-12,No,No,No,No,No,No,No
20191204,43803,4,Wednesday,3,49,12,December,Dec,Q4,4,2019,2019 Q4,2019-12,No,No,No,No,No,No,No
20191205,43804,5,Thursday,4,49,12,December,Dec,Q4,4,2019,2019 Q4,2019-12,No,No,No,No,No,No,No
20191206,43805,6,Friday,5,49,12,December,Dec,Q4,4,2019,2019 Q4,2019-12,No,No,No,No,No,No,No
20191207,43806,7,Saturday,6,49,12,December,Dec,Q4,4,2019,2019 Q4,2019-12,No,No,No,No,No,No,Yes
20191208,43807,8,Sunday,7,49,12,December,Dec,Q4,4,2019,2019 Q4,2019-12,No,No,No,No,No,No,Yes
20191209,43808,9,Monday,1,50,12,December,Dec,Q4,4,2019,2019 Q4,2019-12,No,No,No,No,No,No,No
20191210,43809,10,Tuesday,2,50,12,December,Dec,Q4,4,2019,2019 Q4,2019-12,No,No,No,No,No,No,No
20191211,43810,11,Wednesday,3,50,12,December,Dec,Q4,4,2019,2019 Q4,2019-12,No,No,No,No,No,No,No
20191212,43811,12,Thursday,4,50,12,December,Dec,Q4,4,2019,2019 Q4,2019-12,No,No,No,No,No,No,No
20191213,43812,13,Friday,5,50,12,December,Dec,Q4,4,2019,2019 Q4,2019-12,No,No,No,No,No,No,No
20191214,43813,14,Saturday,6,50,12,December,Dec,Q4,4,2019,2019 Q4,2019-12,No,No,No,No,No,No,Yes
20191215,43814,15,Sunday,7,50,12,December,Dec,Q4,4,2019,2019 Q4,2019-12,No,No,No,No,No,No,Yes
20191216,43815,16,Monday,1,51,12,December,Dec,Q4,4,2019,2019 Q4,2019-12,No,No,No,No,No,No,No
20191217,43816,17,Tuesday,2,51,12,December,Dec,Q4,4,2019,2019 Q4,2019-12,No,No,No,No,No,No,No
20191218,43817,18,Wednesday,3,51,12,December,Dec,Q4,4,2019,2019 Q4,2019-12,No,No,No,No,No,No,No
20191219,43818,19,Thursday,4,51,12,December,Dec,Q4,4,2019,2019 Q4,2019-12,No,No,No,No,No,No,No
20191220,43819,20,Friday,5,51,12,December,Dec,Q4,4,2019,2019 Q4,2019-12,No,No,No,No,No,No,No
20191221,43820,21,Saturday,6,51,12,December,Dec,Q4,4,2019,2019 Q4,2019-12,No,No,No,No,No,No,Yes
20191222,43821,22,Sunday,7,51,12,December,Dec,Q4,4,2019,2019 Q4,2019-12,No,No,No,No,No,No,Yes
20191223,43822,23,Monday,1,52,12,December,Dec,Q4,4,2019,2019 Q4,2019-12,No,No,No,No,No,No,No
20191224,43823,24,Tuesday,2,52,12,December,Dec,Q4,4,2019,2019 Q4,2019-12,No,No,No,No,No,No,No
20191225,43824,25,Wednesday,3,52,12,December,Dec,Q4,4,2019,2019 Q4,2019-12,No,No,No,No,No,No,No
20191226,43825,26,Thursday,4,52,12,December,Dec,Q4,4,2019,2019 Q4,2019-12,No,No,No,No,No,No,No
20191227,43826,27,Friday,5,52,12,December,Dec,Q4,4,2019,2019 Q4,2019-12,No,No,No,No,No,No,No
20191228,43827,28,Saturday,6,52,12,December,Dec,Q4,4,2019,2019 Q4,2019-12,No,No,No,No,No,No,Yes
20191229,43828,29,Sunday,7,52,12,December,Dec,Q4,4,2019,2019 Q4,2019-12,No,No,No,No,No,No,Yes
20191230,43829,30,Monday,1,1,12,December,Dec,Q4,4,2019,2019 Q4,2019-12,No,No,No,No,No,No,No
20191231,43830,31,Tuesday,2,1,12,December,Dec,Q4,4,2019,2019 Q4,2019-12,No,Yes,No,Yes,No,Yes,No
20200101,43831,1,Wednesday,3,1,1,January,Jan,Q1,1,2020,2020 Q1,2020-01,Yes,No,Yes,No,Yes,No,No
20200102,43832,2,Thursday,4,1,1,January,Jan,Q1,1,2020,2020 Q1,2020-01,No,No,No,No,No,No,No
20200103,43833,3,Friday,5,1,1,January,Jan,Q1,1,2020,2020 Q1,2020-01,No,No,No,No,No,No,No
20200104,43834,4,Saturday,6,1,1,January,Jan,Q1,1,2020,2020 Q1,2020-01,No,No,No,No,No,No,Yes
20200105,43835,5,Sunday,7,1,1,January,Jan,Q1,1,2020,2020 Q1,2020-01,No,No,No,No,No,No,Yes
20200106,43836,6,Monday,1,2,1,January,Jan,Q1,1,2020,2020 Q1,2020-01,No,No,No,No,No,No,No
20200107,43837,7,Tuesday,2,2,1,January,Jan,Q1,1,2020,2020 Q1,2020-01,No,No,No,No,No,No,No
20200108,43838,8,Wednesday,3,2,1,January,Jan,Q1,1,2020,2020 Q1,2020-01,No,No,No,No,No,No,No
20200109,43839,9,Thursday,4,2,1,January,Jan,Q1,1,2020,2020 Q1,2020-01,No,No,No,No,No,No,No
20200110,43840,10,Friday,5,2,1,January,Jan,Q1,1,2020,2020 Q1,2020-01,No,No,No,No,No,No,No
20200111,43841,11,Saturday,6,2,1,January,Jan,Q1,1,2020,2020 Q1,2020-01,No,No,No,No,No,No,Yes
20200112,43842,12,Sunday,7,2,1,January,Jan,Q1,1,2020,2020 Q1,2020-01,No,No,No,No,No,No,Yes
20200113,43843,13,Monday,1,3,1,January,Jan,Q1,1,2020,2020 Q1,2020-01,No,No,No,No,No,No,No
20200114,43844,14,Tuesday,2,3,1,January,Jan,Q1,1,2020,2020 Q1,2020-01,No,No,No,No,No,No,No
20200115,43845,15,Wednesday,3,3,1,January,Jan,Q1,1,2020,2020 Q1,2020-01,No,No,No,No,No,No,No
20200116,43846,16,Thursday,4,3,1,January,Jan,Q1,1,2020,2020 Q1,2020-01,No,No,No,No,No,No,No
20200117,43847,17,Friday,5,3,1,January,Jan,Q1,1,2020,2020 Q1,2020-01,No,No,No,No,No,No,No
20200118,43848,18,Saturday,6,3,1,January,Jan,Q1,1,2020,2020 Q1,2020-01,No,No,No,No,No,No,Yes
20200119,43849,19,Sunday,7,3,1,January,Jan,Q1,1,2020,2020 Q1,2020-01,No,No,No,No,No,No,Yes
20200120,43850,20,Monday,1,4,1,January,Jan,Q1,1,2020,2020 Q1,2020-01,No,No,No,No,No,No,No
20200121,43851,21,Tuesday,2,4,1,January,Jan,Q1,1,2020,2020 Q1,2020-01,No,No,No,No,No,No,No
20200122,43852,22,Wednesday,3,4,1,January,Jan,Q1,1,2020,2020 Q1,2020-01,No,No,No,No,No,No,No
20200123,43853,23,Thursday,4,4,1,January,Jan,Q1,1,2020,2020 Q1,2020-01,No,No,No,No,No,No,No
20200124,43854,24,Friday,5,4,1,January,Jan,Q1,1,2020,2020 Q1,2020-01,No,No,No,No,No,No,No
20200125,43855,25,Saturday,6,4,1,January,Jan,Q1,1,2020,2020 Q1,2020-01,No,No,No,No,No,No,Yes
20200126,43856,26,Sunday,7,4,1,January,Jan,Q1,1,2020,2020 Q1,2020-01,No,No,No,No,No,No,Yes
20200127,43857,27,Monday,1,5,1,January,Jan,Q1,1,2020,2020 Q1,2020-01,No,No,No,No,No,No,No
20200128,43858,28,Tuesday,2,5,1,January,Jan,Q1,1,2020,2020 Q1,2020-01,No,No,No,No,No,No,No
20200129,43859,29,Wednesday,3,5,1,January,Jan,Q1,1,2020,2020 Q1,2020-01,No,No,No,No,No,No,No
20200130,43860,30,Thursday,4,5,1,January,Jan,Q1,1,2020,2020 Q1,2020-01,No,No,No,No,No,No,No
20200131,43861,31,Friday,5,5,1,January,Jan,Q1,1,2020,2020 Q1,2020-01,No,Yes,No,No,No,No,No
20200201,43862,1,Saturday,6,5,2,February,Feb,Q1,1,2020,2020 Q1,2020-02,Yes,No,No,No,No,No,Yes
20200202,43863,2,Sunday,7,5,2,February,Feb,Q1,1,2020,2020 Q1,2020-02,No,No,No,No,No,No,Yes
20200203,43864,3,Monday,1,6,2,February,Feb,Q1,1,2020,2020 Q1,2020-02,No,No,No,No,No,No,No
20200204,43865,4,Tuesday,2,6,2,February,Feb,Q1,1,2020,2020 Q1,2020-02,No,No,No,No,No,No,No
20200205,43866,5,Wednesday,3,6,2,February,Feb,Q1,1,2020,2020 Q1,2020-02,No,No,No,No,No,No,No
20200206,43867,6,Thursday,4,6,2,February,Feb,Q1,1,2020,2020 Q1,2020-02,No,No,No,No,No,No,No
20200207,43868,7,Friday,5,6,2,February,Feb,Q1,1,2020,2020 Q1,2020-02,No,No,No,No,No,No,No
20200208,43869,8,Saturday,6,6,2,February,Feb,Q1,1,2020,2020 Q1,2020-02,No,No,No,No,No,No,Yes
20200209,43870,9,Sunday,7,6,2,February,Feb,Q1,1,2020,2020 Q1,2020-02,No,No,No,No,No,No,Yes
20200210,43871,10,Monday,1,7,2,February,Feb,Q1,1,2020,2020 Q1,2020-02,No,No,No,No,No,No,No
20200211,43872,11,Tuesday,2,7,2,February,Feb,Q1,1,2020,2020 Q1,2020-02,No,No,No,No,No,No,No
20200212,43873,12,Wednesday,3,7,2,February,Feb,Q1,1,2020,2020 Q1,2020-02,No,No,No,No,No,No,No
20200213,43874,13,Thursday,4,7,2,February,Feb,Q1,1,2020,2020 Q1,2020-02,No,No,No,No,No,No,No
20200214,43875,14,Friday,5,7,2,February,Feb,Q1,1,2020,2020 Q1,2020-02,No,No,No,No,No,No,No
20200215,43876,15,Saturday,6,7,2,February,Feb,Q1,1,2020,2020 Q1,2020-02,No,No,No,No,No,No,Yes
20200216,43877,16,Sunday,7,7,2,February,Feb,Q1,1,2020,2020 Q1,2020-02,No,No,No,No,No,No,Yes
20200217,43878,17,Monday,1,8,2,February,Feb,Q1,1,2020,2020 Q1,2020-02,No,No,No,No,No,No,No
20200218,43879,18,Tuesday,2,8,2,February,Feb,Q1,1,2020,2020 Q1,2020-02,No,No,No,No,No,No,No
20200219,43880,19,Wednesday,3,8,2,February,Feb,Q1,1,2020,2020 Q1,2020-02,No,No,No,No,No,No,No
20200220,43881,20,Thursday,4,8,2,February,Feb,Q1,1,2020,2020 Q1,2020-02,No,No,No,No,No,No,No
20200221,43882,21,Friday,5,8,2,February,Feb,Q1,1,2020,2020 Q1,2020-02,No,No,No,No,No,No,No
20200222,43883,22,Saturday,6,8,2,February,Feb,Q1,1,2020,2020 Q1,2020-02,No,No,No,No,No,No,Yes
20200223,43884,23,Sunday,7,8,2,February,Feb,Q1,1,2020,2020 Q1,2020-02,No,No,No,No,No,No,Yes
20200224,43885,24,Monday,1,9,2,February,Feb,Q1,1,2020,2020 Q1,2020-02,No,No,No,No,No,No,No
20200225,43886,25,Tuesday,2,9,2,February,Feb,Q1,1,2020,2020 Q1,2020-02,No,No,No,No,No,No,No
20200226,43887,26,Wednesday,3,9,2,February,Feb,Q1,1,2020,2020 Q1,2020-02,No,No,No,No,No,No,No
20200227,43888,27,Thursday,4,9,2,February,Feb,Q1,1,2020,2020 Q1,2020-02,No,No,No,No,No,No,No
20200228,43889,28,Friday,5,9,2,February,Feb,Q1,1,2020,2020 Q1,2020-02,No,No,No,No,No,No,No
20200229,43890,29,Saturday,6,9,2,February,Feb,Q1,1,2020,2020 Q1,2020-02,No,Yes,No,No,No,No,Yes
20200301,43891,1,Sunday,7,9,3,March,Mar,Q1,1,2020,2020 Q1,2020-03,Yes,No,No,No,No,No,Yes
20200302,43892,2,Monday,1,10,3,March,Mar,Q1,1,2020,2020 Q1,2020-03,No,No,No,No,No,No,No
20200303,43893,3,Tuesday,2,10,3,March,Mar,Q1,1,2020,2020 Q1,2020-03,No,No,No,No,No,No,No
20200304,43894,4,Wednesday,3,10,3,March,Mar,Q1,1,2020,2020 Q1,2020-03,No,No,No,No,No,No,No
20200305,43895,5,Thursday,4,10,3,March,Mar,Q1,1,2020,2020 Q1,2020-03,No,No,No,No,No,No,No
20200306,43896,6,Friday,5,10,3,March,Mar,Q1,1,2020,2020 Q1,2020-03,No,No,No,No,No,No,No
20200307,43897,7,Saturday,6,10,3,March,Mar,Q1,1,2020,2020 Q1,2020-03,No,No,No,No,No,No,Yes
20200308,43898,8,Sunday,7,10,3,March,Mar,Q1,1,2020,2020 Q1,2020-03,No,No,No,No,No,No,Yes
20200309,43899,9,Monday,1,11,3,March,Mar,Q1,1,2020,2020 Q1,2020-03,No,No,No,No,No,No,No
20200310,43900,10,Tuesday,2,11,3,March,Mar,Q1,1,2020,2020 Q1,2020-03,No,No,No,No,No,No,No
20200311,43901,11,Wednesday,3,11,3,March,Mar,Q1,1,2020,2020 Q1,2020-03,No,No,No,No,No,No,No
20200312,43902,12,Thursday,4,11,3,March,Mar,Q1,1,2020,2020 Q1,2020-03,No,No,No,No,No,No,No
20200313,43903,13,Friday,5,11,3,March,Mar,Q1,1,2020,2020 Q1,2020-03,No,No,No,No,No,No,No
20200314,43904,14,Saturday,6,11,3,March,Mar,Q1,1,2020,2020 Q1,2020-03,No,No,No,No,No,No,Yes
20200315,43905,15,Sunday,7,11,3,March,Mar,Q1,1,2020,2020 Q1,2020-03,No,No,No,No,No,No,Yes
20200316,43906,16,Monday,1,12,3,March,Mar,Q1,1,2020,2020 Q1,2020-03,No,No,No,No,No,No,No
20200317,43907,17,Tuesday,2,12,3,March,Mar,Q1,1,2020,2020 Q1,2020-03,No,No,No,No,No,No,No
20200318,43908,18,Wednesday,3,12,3,March,Mar,Q1,1,2020,2020 Q1,2020-03,No,No,No,No,No,No,No
20200319,43909,19,Thursday,4,12,3,March,Mar,Q1,1,2020,2020 Q1,2020-03,No,No,No,No,No,No,No
20200320,43910,20,Friday,5,12,3,March,Mar,Q1,1,2020,2020 Q1,2020-03,No,No,No,No,No,No,No
20200321,43911,21,Saturday,6,12,3,March,Mar,Q1,1,2020,2020 Q1,2020-03,No,No,No,No,No,No,Yes
20200322,43912,22,Sunday,7,12,3,March,Mar,Q1,1,2020,2020 Q1,2020-03,No,No,No,No,No,No,Yes
20200323,43913,23,Monday,1,13,3,March,Mar,Q1,1,2020,2020 Q1,2020-03,No,No,No,No,No,No,No
20200324,43914,24,Tuesday,2,13,3,March,Mar,Q1,1,2020,2020 Q1,2020-03,No,No,No,No,No,No,No
20200325,43915,25,Wednesday,3,13,3,March,Mar,Q1,1,2020,2020 Q1,2020-03,No,No,No,No,No,No,No
20200326,43916,26,Thursday,4,13,3,March,Mar,Q1,1,2020,2020 Q1,2020-03,No,No,No,No,No,No,No
20200327,43917,27,Friday,5,13,3,March,Mar,Q1,1,2020,2020 Q1,2020-03,No,No,No,No,No,No,No
20200328,43918,28,Saturday,6,13,3,March,Mar,Q1,1,2020,2020 Q1,2020-03,No,No,No,No,No,No,Yes
20200329,43919,29,Sunday,7,13,3,March,Mar,Q1,1,2020,2020 Q1,2020-03,No,No,No,No,No,No,Yes
20200330,43920,30,Monday,1,14,3,March,Mar,Q1,1,2020,2020 Q1,2020-03,No,No,No,No,No,No,No
20200331,43921,31,Tuesday,2,14,3,March,Mar,Q1,1,2020,2020 Q1,2020-03,No,Yes,No,Yes,No,No,No
20200401,43922,1,Wednesday,3,14,4,April,Apr,Q2,2,2020,2020 Q2,2020-04,Yes,No,Yes,No,No,No,No
20200402,43923,2,Thursday,4,14,4,April,Apr,Q2,2,2020,2020 Q2,2020-04,No,No,No,No,No,No,No
20200403,43924,3,Friday,5,14,4,April,Apr,Q2,2,2020,2020 Q2,2020-04,No,No,No,No,No,No,No
20200404,43925,4,Saturday,6,14,4,April,Apr,Q2,2,2020,2020 Q2,2020-04,No,No,No,No,No,No,Yes
20200405,43926,5,Sunday,7,14,4,April,Apr,Q2,2,2020,2020 Q2,2020-04,No,No,No,No,No,No,Yes
20200406,43927,6,Monday,1,15,4,April,Apr,Q2,2,2020,2020 Q2,2020-04,No,No,No,No,No,No,No
20200407,43928,7,Tuesday,2,15,4,April,Apr,Q2,2,2020,2020 Q2,2020-04,No,No,No,No,No,No,No
20200408,43929,8,Wednesday,3,15,4,April,Apr,Q2,2,2020,2020 Q2,2020-04,No,No,No,No,No,No,No
20200409,43930,9,Thursday,4,15,4,April,Apr,Q2,2,2020,2020 Q2,2020-04,No,No,No,No,No,No,No
20200410,43931,10,Friday,5,15,4,April,Apr,Q2,2,2020,2020 Q2,2020-04,No,No,No,No,No,No,No
20200411,43932,11,Saturday,6,15,4,April,Apr,Q2,2,2020,2020 Q2,2020-04,No,No,No,No,No,No,Yes
20200412,43933,12,Sunday,7,15,4,April,Apr,Q2,2,2020,2020 Q2,2020-04,No,No,No,No,No,No,Yes
20200413,43934,13,Monday,1,16,4,April,Apr,Q2,2,2020,2020 Q2,2020-04,No,No,No,No,No,No,No
20200414,43935,14,Tuesday,2,16,4,April,Apr,Q2,2,2020,2020 Q2,2020-04,No,No,No,No,No,No,No
20200415,43936,15,Wednesday,3,16,4,April,Apr,Q2,2,2020,2020 Q2,2020-04,No,No,No,No,No,No,No
20200416,43937,16,Thursday,4,16,4,April,Apr,Q2,2,2020,2020 Q2,2020-04,No,No,No,No,No,No,No
20200417,43938,17,Friday,5,16,4,April,Apr,Q2,2,2020,2020 Q2,2020-04,No,No,No,No,No,No,No
20200418,43939,18,Saturday,6,16,4,April,Apr,Q2,2,2020,2020 Q2,2020-04,No,No,No,No,No,No,Yes
20200419,43940,19,Sunday,7,16,4,April,Apr,Q2,2,2020,2020 Q2,2020-04,No,No,No,No,No,No,Yes
20200420,43941,20,Monday,1,17,4,April,Apr,Q2,2,2020,2020 Q2,2020-04,No,No,No,No,No,No,No
20200421,43942,21,Tuesday,2,17,4,April,Apr,Q2,2,2020,2020 Q2,2020-04,No,No,No,No,No,No,No
20200422,43943,22,Wednesday,3,17,4,April,Apr,Q2,2,2020,2020 Q2,2020-04,No,No,No,No,No,No,No
20200423,43944,23,Thursday,4,17,4,April,Apr,Q2,2,2020,2020 Q2,2020-04,No,No,No,No,No,No,No
20200424,43945,24,Friday,5,17,4,April,Apr,Q2,2,2020,2020 Q2,2020-04,No,No,No,No,No,No,No
20200425,43946,25,Saturday,6,17,4,April,Apr,Q2,2,2020,2020 Q2,2020-04,No,No,No,No,No,No,Yes
20200426,43947,26,Sunday,7,17,4,April,Apr,Q2,2,2020,2020 Q2,2020-04,No,No,No,No,No,No,Yes
20200427,43948,27,Monday,1,18,4,April,Apr,Q2,2,2020,2020 Q2,2020-04,No,No,No,No,No,No,No
20200428,43949,28,Tuesday,2,18,4,April,Apr,Q2,2,2020,2020 Q2,2020-04,No,No,No,No,No,No,No
20200429,43950,29,Wednesday,3,18,4,April,Apr,Q2,2,2020,2020 Q2,2020-04,No,No,No,No,No,No,No
20200430,43951,30,Thursday,4,18,4,April,Apr,Q2,2,2020,2020 Q2,2020-04,No,Yes,No,No,No,No,No
20200501,43952,1,Friday,5,18,5,May,May,Q2,2,2020,2020 Q2,2020-05,Yes,No,No,No,No,No,No
20200502,43953,2,Saturday,6,18,5,May,May,Q2,2,2020,2020 Q2,2020-05,No,No,No,No,No,No,Yes
20200503,43954,3,Sunday,7,18,5,May,May,Q2,2,2020,2020 Q2,2020-05,No,No,No,No,No,No,Yes
20200504,43955,4,Monday,1,19,5,May,May,Q2,2,2020,2020 Q2,2020-05,No,No,No,No,No,No,No
20200505,43956,5,Tuesday,2,19,5,May,May,Q2,2,2020,2020 Q2,2020-05,No,No,No,No,No,No,No
20200506,43957,6,Wednesday,3,19,5,May,May,Q2,2,2020,2020 Q2,2020-05,No,No,No,No,No,No,No
20200507,43958,7,Thursday,4,19,5,May,May,Q2,2,2020,2020 Q2,2020-05,No,No,No,No,No,No,No
20200508,43959,8,Friday,5,19,5,May,May,Q2,2,2020,2020 Q2,2020-05,No,No,No,No,No,No,No
20200509,43960,9,Saturday,6,19,5,May,May,Q2,2,2020,2020 Q2,2020-05,No,No,No,No,No,No,Yes
20200510,43961,10,Sunday,7,19,5,May,May,Q2,2,2020,2020 Q2,2020-05,No,No,No,No,No,No,Yes
20200511,43962,11,Monday,1,20,5,May,May,Q2,2,2020,2020 Q2,2020-05,No,No,No,No,No,No,No
20200512,43963,12,Tuesday,2,20,5,May,May,Q2,2,2020,2020 Q2,2020-05,No,No,No,No,No,No,No
20200513,43964,13,Wednesday,3,20,5,May,May,Q2,2,2020,2020 Q2,2020-05,No,No,No,No,No,No,No
20200514,43965,14,Thursday,4,20,5,May,May,Q2,2,2020,2020 Q2,2020-05,No,No,No,No,No,No,No
20200515,43966,15,Friday,5,20,5,May,May,Q2,2,2020,2020 Q2,2020-05,No,No,No,No,No,No,No
20200516,43967,16,Saturday,6,20,5,May,May,Q2,2,2020,2020 Q2,2020-05,No,No,No,No,No,No,Yes
20200517,43968,17,Sunday,7,20,5,May,May,Q2,2,2020,2020 Q2,2020-05,No,No,No,No,No,No,Yes
20200518,43969,18,Monday,1,21,5,May,May,Q2,2,2020,2020 Q2,2020-05,No,No,No,No,No,No,No
20200519,43970,19,Tuesday,2,21,5,May,May,Q2,2,2020,2020 Q2,2020-05,No,No,No,No,No,No,No
20200520,43971,20,Wednesday,3,21,5,May,May,Q2,2,2020,2020 Q2,2020-05,No,No,No,No,No,No,No
20200521,43972,21,Thursday,4,21,5,May,May,Q2,2,2020,2020 Q2,2020-05,No,No,No,No,No,No,No
20200522,43973,22,Friday,5,21,5,May,May,Q2,2,2020,2020 Q2,2020-05,No,No,No,No,No,No,No
20200523,43974,23,Saturday,6,21,5,May,May,Q2,2,2020,2020 Q2,2020-05,No,No,No,No,No,No,Yes
20200524,43975,24,Sunday,7,21,5,May,May,Q2,2,2020,2020 Q2,2020-05,No,No,No,No,No,No,Yes
20200525,43976,25,Monday,1,22,5,May,May,Q2,2,2020,2020 Q2,2020-05,No,No,No,No,No,No,No
20200526,43977,26,Tuesday,2,22,5,May,May,Q2,2,2020,2020 Q2,2020-05,No,No,No,No,No,No,No
20200527,43978,27,Wednesday,3,22,5,May,May,Q2,2,2020,2020 Q2,2020-05,No,No,No,No,No,No,No
20200528,43979,28,Thursday,4,22,5,May,May,Q2,2,2020,2020 Q2,2020-05,No,No,No,No,No,No,No
20200529,43980,29,Friday,5,22,5,May,May,Q2,2,2020,2020 Q2,2020-05,No,No,No,No,No,No,No
20200530,43981,30,Saturday,6,22,5,May,May,Q2,2,2020,2020 Q2,2020-05,No,No,No,No,No,No,Yes
20200531,43982,31,Sunday,7,22,5,May,May,Q2,2,2020,2020 Q2,2020-05,No,Yes,No,No,No,No,Yes
20200601,43983,1,Monday,1,23,6,June,Jun,Q2,2,2020,2020 Q2,2020-06,Yes,No,No,No,No,No,No
20200602,43984,2,Tuesday,2,23,6,June,Jun,Q2,2,2020,2020 Q2,2020-06,No,No,No,No,No,No,No
20200603,43985,3,Wednesday,3,23,6,June,Jun,Q2,2,2020,2020 Q2,2020-06,No,No,No,No,No,No,No
20200604,43986,4,Thursday,4,23,6,June,Jun,Q2,2,2020,2020 Q2,2020-06,No,No,No,No,No,No,No
20200605,43987,5,Friday,5,23,6,June,Jun,Q2,2,2020,2020 Q2,2020-06,No,No,No,No,No,No,No
20200606,43988,6,Saturday,6,23,6,June,Jun,Q2,2,2020,2020 Q2,2020-06,No,No,No,No,No,No,Yes
20200607,43989,7,Sunday,7,23,6,June,Jun,Q2,2,2020,2020 Q2,2020-06,No,No,No,No,No,No,Yes
20200608,43990,8,Monday,1,24,6,June,Jun,Q2,2,2020,2020 Q2,2020-06,No,No,No,No,No,No,No
20200609,43991,9,Tuesday,2,24,6,June,Jun,Q2,2,2020,2020 Q2,2020-06,No,No,No,No,No,No,No
20200610,43992,10,Wednesday,3,24,6,June,Jun,Q2,2,2020,2020 Q2,2020-06,No,No,No,No,No,No,No
20200611,43993,11,Thursday,4,24,6,June,Jun,Q2,2,2020,2020 Q2,2020-06,No,No,No,No,No,No,No
20200612,43994,12,Friday,5,24,6,June,Jun,Q2,2,2020,2020 Q2,2020-06,No,No,No,No,No,No,No
20200613,43995,13,Saturday,6,24,6,June,Jun,Q2,2,2020,2020 Q2,2020-06,No,No,No,No,No,No,Yes
20200614,43996,14,Sunday,7,24,6,June,Jun,Q2,2,2020,2020 Q2,2020-06,No,No,No,No,No,No,Yes
20200615,43997,15,Monday,1,25,6,June,Jun,Q2,2,2020,2020 Q2,2020-06,No,No,No,No,No,No,No
20200616,43998,16,Tuesday,2,25,6,June,Jun,Q2,2,2020,2020 Q2,2020-06,No,No,No,No,No,No,No
20200617,43999,17,Wednesday,3,25,6,June,Jun,Q2,2,2020,2020 Q2,2020-06,No,No,No,No,No,No,No
20200618,44000,18,Thursday,4,25,6,June,Jun,Q2,2,2020,2020 Q2,2020-06,No,No,No,No,No,No,No
20200619,44001,19,Friday,5,25,6,June,Jun,Q2,2,2020,2020 Q2,2020-06,No,No,No,No,No,No,No
20200620,44002,20,Saturday,6,25,6,June,Jun,Q2,2,2020,2020 Q2,2020-06,No,No,No,No,No,No,Yes
20200621,44003,21,Sunday,7,25,6,June,Jun,Q2,2,2020,2020 Q2,2020-06,No,No,No,No,No,No,Yes
20200622,44004,22,Monday,1,26,6,June,Jun,Q2,2,2020,2020 Q2,2020-06,No,No,No,No,No,No,No
20200623,44005,23,Tuesday,2,26,6,June,Jun,Q2,2,2020,2020 Q2,2020-06,No,No,No,No,No,No,No
20200624,44006,24,Wednesday,3,26,6,June,Jun,Q2,2,2020,2020 Q2,2020-06,No,No,No,No,No,No,No
20200625,44007,25,Thursday,4,26,6,June,Jun,Q2,2,2020,2020 Q2,2020-06,No,No,No,No,No,No,No
20200626,44008,26,Friday,5,26,6,June,Jun,Q2,2,2020,2020 Q2,2020-06,No,No,No,No,No,No,No
20200627,44009,27,Saturday,6,26,6,June,Jun,Q2,2,2020,2020 Q2,2020-06,No,No,No,No,No,No,Yes
20200628,44010,28,Sunday,7,26,6,June,Jun,Q2,2,2020,2020 Q2,2020-06,No,No,No,No,No,No,Yes
20200629,44011,29,Monday,1,27,6,June,Jun,Q2,2,2020,2020 Q2,2020-06,No,No,No,No,No,No,No
20200630,44012,30,Tuesday,2,27,6,June,Jun,Q2,2,2020,2020 Q2,2020-06,No,Yes,No,Yes,No,No,No
20200701,44013,1,Wednesday,3,27,7,July,Jul,Q3,3,2020,2020 Q3,2020-07,Yes,No,Yes,No,No,No,No
20200702,44014,2,Thursday,4,27,7,July,Jul,Q3,3,2020,2020 Q3,2020-07,No,No,No,No,No,No,No
20200703,44015,3,Friday,5,27,7,July,Jul,Q3,3,2020,2020 Q3,2020-07,No,No,No,No,No,No,No
20200704,44016,4,Saturday,6,27,7,July,Jul,Q3,3,2020,2020 Q3,2020-07,No,No,No,No,No,No,Yes
20200705,44017,5,Sunday,7,27,7,July,Jul,Q3,3,2020,2020 Q3,2020-07,No,No,No,No,No,No,Yes
20200706,44018,6,Monday,1,28,7,July,Jul,Q3,3,2020,2020 Q3,2020-07,No,No,No,No,No,No,No
20200707,44019,7,Tuesday,2,28,7,July,Jul,Q3,3,2020,2020 Q3,2020-07,No,No,No,No,No,No,No
20200708,44020,8,Wednesday,3,28,7,July,Jul,Q3,3,2020,2020 Q3,2020-07,No,No,No,No,No,No,No
20200709,44021,9,Thursday,4,28,7,July,Jul,Q3,3,2020,2020 Q3,2020-07,No,No,No,No,No,No,No
20200710,44022,10,Friday,5,28,7,July,Jul,Q3,3,2020,2020 Q3,2020-07,No,No,No,No,No,No,No
20200711,44023,11,Saturday,6,28,7,July,Jul,Q3,3,2020,2020 Q3,2020-07,No,No,No,No,No,No,Yes
20200712,44024,12,Sunday,7,28,7,July,Jul,Q3,3,2020,2020 Q3,2020-07,No,No,No,No,No,No,Yes
20200713,44025,13,Monday,1,29,7,July,Jul,Q3,3,2020,2020 Q3,2020-07,No,No,No,No,No,No,No
20200714,44026,14,Tuesday,2,29,7,July,Jul,Q3,3,2020,2020 Q3,2020-07,No,No,No,No,No,No,No
20200715,44027,15,Wednesday,3,29,7,July,Jul,Q3,3,2020,2020 Q3,2020-07,No,No,No,No,No,No,No
20200716,44028,16,Thursday,4,29,7,July,Jul,Q3,3,2020,2020 Q3,2020-07,No,No,No,No,No,No,No
20200717,44029,17,Friday,5,29,7,July,Jul,Q3,3,2020,2020 Q3,2020-07,No,No,No,No,No,No,No
20200718,44030,18,Saturday,6,29,7,July,Jul,Q3,3,2020,2020 Q3,2020-07,No,No,No,No,No,No,Yes
20200719,44031,19,Sunday,7,29,7,July,Jul,Q3,3,2020,2020 Q3,2020-07,No,No,No,No,No,No,Yes
20200720,44032,20,Monday,1,30,7,July,Jul,Q3,3,2020,2020 Q3,2020-07,No,No,No,No,No,No,No
20200721,44033,21,Tuesday,2,30,7,July,Jul,Q3,3,2020,2020 Q3,2020-07,No,No,No,No,No,No,No
20200722,44034,22,Wednesday,3,30,7,July,Jul,Q3,3,2020,2020 Q3,2020-07,No,No,No,No,No,No,No
20200723,44035,23,Thursday,4,30,7,July,Jul,Q3,3,2020,2020 Q3,2020-07,No,No,No,No,No,No,No
20200724,44036,24,Friday,5,30,7,July,Jul,Q3,3,2020,2020 Q3,2020-07,No,No,No,No,No,No,No
20200725,44037,25,Saturday,6,30,7,July,Jul,Q3,3,2020,2020 Q3,2020-07,No,No,No,No,No,No,Yes
20200726,44038,26,Sunday,7,30,7,July,Jul,Q3,3,2020,2020 Q3,2020-07,No,No,No,No,No,No,Yes
20200727,44039,27,Monday,1,31,7,July,Jul,Q3,3,2020,2020 Q3,2020-07,No,No,No,No,No,No,No
20200728,44040,28,Tuesday,2,31,7,July,Jul,Q3,3,2020,2020 Q3,2020-07,No,No,No,No,No,No,No
20200729,44041,29,Wednesday,3,31,7,July,Jul,Q3,3,2020,2020 Q3,2020-07,No,No,No,No,No,No,No
20200730,44042,30,Thursday,4,31,7,July,Jul,Q3,3,2020,2020 Q3,2020-07,No,No,No,No,No,No,No
20200731,44043,31,Friday,5,31,7,July,Jul,Q3,3,2020,2020 Q3,2020-07,No,Yes,No,No,No,No,No
20200801,44044,1,Saturday,6,31,8,August,Aug,Q3,3,2020,2020 Q3,2020-08,Yes,No,No,No,No,No,Yes
20200802,44045,2,Sunday,7,31,8,August,Aug,Q3,3,2020,2020 Q3,2020-08,No,No,No,No,No,No,Yes
20200803,44046,3,Monday,1,32,8,August,Aug,Q3,3,2020,2020 Q3,2020-08,No,No,No,No,No,No,No
20200804,44047,4,Tuesday,2,32,8,August,Aug,Q3,3,2020,2020 Q3,2020-08,No,No,No,No,No,No,No
20200805,44048,5,Wednesday,3,32,8,August,Aug,Q3,3,2020,2020 Q3,2020-08,No,No,No,No,No,No,No
20200806,44049,6,Thursday,4,32,8,August,Aug,Q3,3,2020,2020 Q3,2020-08,No,No,No,No,No,No,No
20200807,44050,7,Friday,5,32,8,August,Aug,Q3,3,2020,2020 Q3,2020-08,No,No,No,No,No,No,No
20200808,44051,8,Saturday,6,32,8,August,Aug,Q3,3,2020,2020 Q3,2020-08,No,No,No,No,No,No,Yes
20200809,44052,9,Sunday,7,32,8,August,Aug,Q3,3,2020,2020 Q3,2020-08,No,No,No,No,No,No,Yes
20200810,44053,10,Monday,1,33,8,August,Aug,Q3,3,2020,2020 Q3,2020-08,No,No,No,No,No,No,No
20200811,44054,11,Tuesday,2,33,8,August,Aug,Q3,3,2020,2020 Q3,2020-08,No,No,No,No,No,No,No
20200812,44055,12,Wednesday,3,33,8,August,Aug,Q3,3,2020,2020 Q3,2020-08,No,No,No,No,No,No,No
20200813,44056,13,Thursday,4,33,8,August,Aug,Q3,3,2020,2020 Q3,2020-08,No,No,No,No,No,No,No
20200814,44057,14,Friday,5,33,8,August,Aug,Q3,3,2020,2020 Q3,2020-08,No,No,No,No,No,No,No
20200815,44058,15,Saturday,6,33,8,August,Aug,Q3,3,2020,2020 Q3,2020-08,No,No,No,No,No,No,Yes
20200816,44059,16,Sunday,7,33,8,August,Aug,Q3,3,2020,2020 Q3,2020-08,No,No,No,No,No,No,Yes
20200817,44060,17,Monday,1,34,8,August,Aug,Q3,3,2020,2020 Q3,2020-08,No,No,No,No,No,No,No
20200818,44061,18,Tuesday,2,34,8,August,Aug,Q3,3,2020,2020 Q3,2020-08,No,No,No,No,No,No,No
20200819,44062,19,Wednesday,3,34,8,August,Aug,Q3,3,2020,2020 Q3,2020-08,No,No,No,No,No,No,No
20200820,44063,20,Thursday,4,34,8,August,Aug,Q3,3,2020,2020 Q3,2020-08,No,No,No,No,No,No,No
20200821,44064,21,Friday,5,34,8,August,Aug,Q3,3,2020,2020 Q3,2020-08,No,No,No,No,No,No,No
20200822,44065,22,Saturday,6,34,8,August,Aug,Q3,3,2020,2020 Q3,2020-08,No,No,No,No,No,No,Yes
20200823,44066,23,Sunday,7,34,8,August,Aug,Q3,3,2020,2020 Q3,2020-08,No,No,No,No,No,No,Yes
20200824,44067,24,Monday,1,35,8,August,Aug,Q3,3,2020,2020 Q3,2020-08,No,No,No,No,No,No,No
20200825,44068,25,Tuesday,2,35,8,August,Aug,Q3,3,2020,2020 Q3,2020-08,No,No,No,No,No,No,No
20200826,44069,26,Wednesday,3,35,8,August,Aug,Q3,3,2020,2020 Q3,2020-08,No,No,No,No,No,No,No
20200827,44070,27,Thursday,4,35,8,August,Aug,Q3,3,2020,2020 Q3,2020-08,No,No,No,No,No,No,No
20200828,44071,28,Friday,5,35,8,August,Aug,Q3,3,2020,2020 Q3,2020-08,No,No,No,No,No,No,No
20200829,44072,29,Saturday,6,35,8,August,Aug,Q3,3,2020,2020 Q3,2020-08,No,No,No,No,No,No,Yes
20200830,44073,30,Sunday,7,35,8,August,Aug,Q3,3,2020,2020 Q3,2020-08,No,No,No,No,No,No,Yes
20200831,44074,31,Monday,1,36,8,August,Aug,Q3,3,2020,2020 Q3,2020-08,No,Yes,No,No,No,No,No
20200901,44075,1,Tuesday,2,36,9,September,Sep,Q3,3,2020,2020 Q3,2020-09,Yes,No,No,No,No,No,No
20200902,44076,2,Wednesday,3,36,9,September,Sep,Q3,3,2020,2020 Q3,2020-09,No,No,No,No,No,No,No
20200903,44077,3,Thursday,4,36,9,September,Sep,Q3,3,2020,2020 Q3,2020-09,No,No,No,No,No,No,No
20200904,44078,4,Friday,5,36,9,September,Sep,Q3,3,2020,2020 Q3,2020-09,No,No,No,No,No,No,No
20200905,44079,5,Saturday,6,36,9,September,Sep,Q3,3,2020,2020 Q3,2020-09,No,No,No,No,No,No,Yes
20200906,44080,6,Sunday,7,36,9,September,Sep,Q3,3,2020,2020 Q3,2020-09,No,No,No,No,No,No,Yes
20200907,44081,7,Monday,1,37,9,September,Sep,Q3,3,2020,2020 Q3,2020-09,No,No,No,No,No,No,No
20200908,44082,8,Tuesday,2,37,9,September,Sep,Q3,3,2020,2020 Q3,2020-09,No,No,No,No,No,No,No
20200909,44083,9,Wednesday,3,37,9,September,Sep,Q3,3,2020,2020 Q3,2020-09,No,No,No,No,No,No,No
20200910,44084,10,Thursday,4,37,9,September,Sep,Q3,3,2020,2020 Q3,2020-09,No,No,No,No,No,No,No
20200911,44085,11,Friday,5,37,9,September,Sep,Q3,3,2020,2020 Q3,2020-09,No,No,No,No,No,No,No
20200912,44086,12,Saturday,6,37,9,September,Sep,Q3,3,2020,2020 Q3,2020-09,No,No,No,No,No,No,Yes
20200913,44087,13,Sunday,7,37,9,September,Sep,Q3,3,2020,2020 Q3,2020-09,No,No,No,No,No,No,Yes
20200914,44088,14,Monday,1,38,9,September,Sep,Q3,3,2020,2020 Q3,2020-09,No,No,No,No,No,No,No
20200915,44089,15,Tuesday,2,38,9,September,Sep,Q3,3,2020,2020 Q3,2020-09,No,No,No,No,No,No,No
20200916,44090,16,Wednesday,3,38,9,September,Sep,Q3,3,2020,2020 Q3,2020-09,No,No,No,No,No,No,No
20200917,44091,17,Thursday,4,38,9,September,Sep,Q3,3,2020,2020 Q3,2020-09,No,No,No,No,No,No,No
20200918,44092,18,Friday,5,38,9,September,Sep,Q3,3,2020,2020 Q3,2020-09,No,No,No,No,No,No,No
20200919,44093,19,Saturday,6,38,9,September,Sep,Q3,3,2020,2020 Q3,2020-09,No,No,No,No,No,No,Yes
20200920,44094,20,Sunday,7,38,9,September,Sep,Q3,3,2020,2020 Q3,2020-09,No,No,No,No,No,No,Yes
20200921,44095,21,Monday,1,39,9,September,Sep,Q3,3,2020,2020 Q3,2020-09,No,No,No,No,No,No,No
20200922,44096,22,Tuesday,2,39,9,September,Sep,Q3,3,2020,2020 Q3,2020-09,No,No,No,No,No,No,No
20200923,44097,23,Wednesday,3,39,9,September,Sep,Q3,3,2020,2020 Q3,2020-09,No,No,No,No,No,No,No
20200924,44098,24,Thursday,4,39,9,September,Sep,Q3,3,2020,2020 Q3,2020-09,No,No,No,No,No,No,No
20200925,44099,25,Friday,5,39,9,September,Sep,Q3,3,2020,2020 Q3,2020-09,No,No,No,No,No,No,No
20200926,44100,26,Saturday,6,39,9,September,Sep,Q3,3,2020,2020 Q3,2020-09,No,No,No,No,No,No,Yes
20200927,44101,27,Sunday,7,39,9,September,Sep,Q3,3,2020,2020 Q3,2020-09,No,No,No,No,No,No,Yes
20200928,44102,28,Monday,1,40,9,September,Sep,Q3,3,2020,2020 Q3,2020-09,No,No,No,No,No,No,No
20200929,44103,29,Tuesday,2,40,9,September,Sep,Q3,3,2020,2020 Q3,2020-09,No,No,No,No,No,No,No
20200930,44104,30,Wednesday,3,40,9,September,Sep,Q3,3,2020,2020 Q3,2020-09,No,Yes,No,Yes,No,No,No
20201001,44105,1,Thursday,4,40,10,October,Oct,Q4,4,2020,2020 Q4,2020-10,Yes,No,Yes,No,No,No,No
20201002,44106,2,Friday,5,40,10,October,Oct,Q4,4,2020,2020 Q4,2020-10,No,No,No,No,No,No,No
20201003,44107,3,Saturday,6,40,10,October,Oct,Q4,4,2020,2020 Q4,2020-10,No,No,No,No,No,No,Yes
20201004,44108,4,Sunday,7,40,10,October,Oct,Q4,4,2020,2020 Q4,2020-10,No,No,No,No,No,No,Yes
20201005,44109,5,Monday,1,41,10,October,Oct,Q4,4,2020,2020 Q4,2020-10,No,No,No,No,No,No,No
20201006,44110,6,Tuesday,2,41,10,October,Oct,Q4,4,2020,2020 Q4,2020-10,No,No,No,No,No,No,No
20201007,44111,7,Wednesday,3,41,10,October,Oct,Q4,4,2020,2020 Q4,2020-10,No,No,No,No,No,No,No
20201008,44112,8,Thursday,4,41,10,October,Oct,Q4,4,2020,2020 Q4,2020-10,No,No,No,No,No,No,No
20201009,44113,9,Friday,5,41,10,October,Oct,Q4,4,2020,2020 Q4,2020-10,No,No,No,No,No,No,No
20201010,44114,10,Saturday,6,41,10,October,Oct,Q4,4,2020,2020 Q4,2020-10,No,No,No,No,No,No,Yes
20201011,44115,11,Sunday,7,41,10,October,Oct,Q4,4,2020,2020 Q4,2020-10,No,No,No,No,No,No,Yes
20201012,44116,12,Monday,1,42,10,October,Oct,Q4,4,2020,2020 Q4,2020-10,No,No,No,No,No,No,No
20201013,44117,13,Tuesday,2,42,10,October,Oct,Q4,4,2020,2020 Q4,2020-10,No,No,No,No,No,No,No
20201014,44118,14,Wednesday,3,42,10,October,Oct,Q4,4,2020,2020 Q4,2020-10,No,No,No,No,No,No,No
20201015,44119,15,Thursday,4,42,10,October,Oct,Q4,4,2020,2020 Q4,2020-10,No,No,No,No,No,No,No
20201016,44120,16,Friday,5,42,10,October,Oct,Q4,4,2020,2020 Q4,2020-10,No,No,No,No,No,No,No
20201017,44121,17,Saturday,6,42,10,October,Oct,Q4,4,2020,2020 Q4,2020-10,No,No,No,No,No,No,Yes
20201018,44122,18,Sunday,7,42,10,October,Oct,Q4,4,2020,2020 Q4,2020-10,No,No,No,No,No,No,Yes
20201019,44123,19,Monday,1,43,10,October,Oct,Q4,4,2020,2020 Q4,2020-10,No,No,No,No,No,No,No
20201020,44124,20,Tuesday,2,43,10,October,Oct,Q4,4,2020,2020 Q4,2020-10,No,No,No,No,No,No,No
20201021,44125,21,Wednesday,3,43,10,October,Oct,Q4,4,2020,2020 Q4,2020-10,No,No,No,No,No,No,No
20201022,44126,22,Thursday,4,43,10,October,Oct,Q4,4,2020,2020 Q4,2020-10,No,No,No,No,No,No,No
20201023,44127,23,Friday,5,43,10,October,Oct,Q4,4,2020,2020 Q4,2020-10,No,No,No,No,No,No,No
20201024,44128,24,Saturday,6,43,10,October,Oct,Q4,4,2020,2020 Q4,2020-10,No,No,No,No,No,No,Yes
20201025,44129,25,Sunday,7,43,10,October,Oct,Q4,4,2020,2020 Q4,2020-10,No,No,No,No,No,No,Yes
20201026,44130,26,Monday,1,44,10,October,Oct,Q4,4,2020,2020 Q4,2020-10,No,No,No,No,No,No,No
20201027,44131,27,Tuesday,2,44,10,October,Oct,Q4,4,2020,2020 Q4,2020-10,No,No,No,No,No,No,No
20201028,44132,28,Wednesday,3,44,10,October,Oct,Q4,4,2020,2020 Q4,2020-10,No,No,No,No,No,No,No
20201029,44133,29,Thursday,4,44,10,October,Oct,Q4,4,2020,2020 Q4,2020-10,No,No,No,No,No,No,No
20201030,44134,30,Friday,5,44,10,October,Oct,Q4,4,2020,2020 Q4,2020-10,No,No,No,No,No,No,No
20201031,44135,31,Saturday,6,44,10,October,Oct,Q4,4,2020,2020 Q4,2020-10,No,Yes,No,No,No,No,Yes
20201101,44136,1,Sunday,7,44,11,November,Nov,Q4,4,2020,2020 Q4,2020-11,Yes,No,No,No,No,No,Yes
20201102,44137,2,Monday,1,45,11,November,Nov,Q4,4,2020,2020 Q4,2020-11,No,No,No,No,No,No,No
20201103,44138,3,Tuesday,2,45,11,November,Nov,Q4,4,2020,2020 Q4,2020-11,No,No,No,No,No,No,No
20201104,44139,4,Wednesday,3,45,11,November,Nov,Q4,4,2020,2020 Q4,2020-11,No,No,No,No,No,No,No
20201105,44140,5,Thursday,4,45,11,November,Nov,Q4,4,2020,2020 Q4,2020-11,No,No,No,No,No,No,No
20201106,44141,6,Friday,5,45,11,November,Nov,Q4,4,2020,2020 Q4,2020-11,No,No,No,No,No,No,No
20201107,44142,7,Saturday,6,45,11,November,Nov,Q4,4,2020,2020 Q4,2020-11,No,No,No,No,No,No,Yes
20201108,44143,8,Sunday,7,45,11,November,Nov,Q4,4,2020,2020 Q4,2020-11,No,No,No,No,No,No,Yes
20201109,44144,9,Monday,1,46,11,November,Nov,Q4,4,2020,2020 Q4,2020-11,No,No,No,No,No,No,No
20201110,44145,10,Tuesday,2,46,11,November,Nov,Q4,4,2020,2020 Q4,2020-11,No,No,No,No,No,No,No
20201111,44146,11,Wednesday,3,46,11,November,Nov,Q4,4,2020,2020 Q4,2020-11,No,No,No,No,No,No,No
20201112,44147,12,Thursday,4,46,11,November,Nov,Q4,4,2020,2020 Q4,2020-11,No,No,No,No,No,No,No
20201113,44148,13,Friday,5,46,11,November,Nov,Q4,4,2020,2020 Q4,2020-11,No,No,No,No,No,No,No
20201114,44149,14,Saturday,6,46,11,November,Nov,Q4,4,2020,2020 Q4,2020-11,No,No,No,No,No,No,Yes
20201115,44150,15,Sunday,7,46,11,November,Nov,Q4,4,2020,2020 Q4,2020-11,No,No,No,No,No,No,Yes
20201116,44151,16,Monday,1,47,11,November,Nov,Q4,4,2020,2020 Q4,2020-11,No,No,No,No,No,No,No
20201117,44152,17,Tuesday,2,47,11,November,Nov,Q4,4,2020,2020 Q4,2020-11,No,No,No,No,No,No,No
20201118,44153,18,Wednesday,3,47,11,November,Nov,Q4,4,2020,2020 Q4,2020-11,No,No,No,No,No,No,No
20201119,44154,19,Thursday,4,47,11,November,Nov,Q4,4,2020,2020 Q4,2020-11,No,No,No,No,No,No,No
20201120,44155,20,Friday,5,47,11,November,Nov,Q4,4,2020,2020 Q4,2020-11,No,No,No,No,No,No,No
20201121,44156,21,Saturday,6,47,11,November,Nov,Q4,4,2020,2020 Q4,2020-11,No,No,No,No,No,No,Yes
20201122,44157,22,Sunday,7,47,11,November,Nov,Q4,4,2020,2020 Q4,2020-11,No,No,No,No,No,No,Yes
20201123,44158,23,Monday,1,48,11,November,Nov,Q4,4,2020,2020 Q4,2020-11,No,No,No,No,No,No,No
20201124,44159,24,Tuesday,2,48,11,November,Nov,Q4,4,2020,2020 Q4,2020-11,No,No,No,No,No,No,No
20201125,44160,25,Wednesday,3,48,11,November,Nov,Q4,4,2020,2020 Q4,2020-11,No,No,No,No,No,No,No
20201126,44161,26,Thursday,4,48,11,November,Nov,Q4,4,2020,2020 Q4,2020-11,No,No,No,No,No,No,No
20201127,44162,27,Friday,5,48,11,November,Nov,Q4,4,2020,2020 Q4,2020-11,No,No,No,No,No,No,No
20201128,44163,28,Saturday,6,48,11,November,Nov,Q4,4,2020,2020 Q4,2020-11,No,No,No,No,No,No,Yes
20201129,44164,29,Sunday,7,48,11,November,Nov,Q4,4,2020,2020 Q4,2020-11,No,No,No,No,No,No,Yes
20201130,44165,30,Monday,1,49,11,November,Nov,Q4,4,2020,2020 Q4,2020-11,No,Yes,No,No,No,No,No
20201201,44166,1,Tuesday,2,49,12,December,Dec,Q4,4,2020,2020 Q4,2020-12,Yes,No,No,No,No,No,No
20201202,44167,2,Wednesday,3,49,12,December,Dec,Q4,4,2020,2020 Q4,2020-12,No,No,No,No,No,No,No
20201203,44168,3,Thursday,4,49,12,December,Dec,Q4,4,2020,2020 Q4,2020-12,No,No,No,No,No,No,No
20201204,44169,4,Friday,5,49,12,December,Dec,Q4,4,2020,2020 Q4,2020-12,No,No,No,No,No,No,No
20201205,44170,5,Saturday,6,49,12,December,Dec,Q4,4,2020,2020 Q4,2020-12,No,No,No,No,No,No,Yes
20201206,44171,6,Sunday,7,49,12,December,Dec,Q4,4,2020,2020 Q4,2020-12,No,No,No,No,No,No,Yes
20201207,44172,7,Monday,1,50,12,December,Dec,Q4,4,2020,2020 Q4,2020-12,No,No,No,No,No,No,No
20201208,44173,8,Tuesday,2,50,12,December,Dec,Q4,4,2020,2020 Q4,2020-12,No,No,No,No,No,No,No
20201209,44174,9,Wednesday,3,50,12,December,Dec,Q4,4,2020,2020 Q4,2020-12,No,No,No,No,No,No,No
20201210,44175,10,Thursday,4,50,12,December,Dec,Q4,4,2020,2020 Q4,2020-12,No,No,No,No,No,No,No
20201211,44176,11,Friday,5,50,12,December,Dec,Q4,4,2020,2020 Q4,2020-12,No,No,No,No,No,No,No
20201212,44177,12,Saturday,6,50,12,December,Dec,Q4,4,2020,2020 Q4,2020-12,No,No,No,No,No,No,Yes
20201213,44178,13,Sunday,7,50,12,December,Dec,Q4,4,2020,2020 Q4,2020-12,No,No,No,No,No,No,Yes
20201214,44179,14,Monday,1,51,12,December,Dec,Q4,4,2020,2020 Q4,2020-12,No,No,No,No,No,No,No
20201215,44180,15,Tuesday,2,51,12,December,Dec,Q4,4,2020,2020 Q4,2020-12,No,No,No,No,No,No,No
20201216,44181,16,Wednesday,3,51,12,December,Dec,Q4,4,2020,2020 Q4,2020-12,No,No,No,No,No,No,No
20201217,44182,17,Thursday,4,51,12,December,Dec,Q4,4,2020,2020 Q4,2020-12,No,No,No,No,No,No,No
20201218,44183,18,Friday,5,51,12,December,Dec,Q4,4,2020,2020 Q4,2020-12,No,No,No,No,No,No,No
20201219,44184,19,Saturday,6,51,12,December,Dec,Q4,4,2020,2020 Q4,2020-12,No,No,No,No,No,No,Yes
20201220,44185,20,Sunday,7,51,12,December,Dec,Q4,4,2020,2020 Q4,2020-12,No,No,No,No,No,No,Yes
20201221,44186,21,Monday,1,52,12,December,Dec,Q4,4,2020,2020 Q4,2020-12,No,No,No,No,No,No,No
20201222,44187,22,Tuesday,2,52,12,December,Dec,Q4,4,2020,2020 Q4,2020-12,No,No,No,No,No,No,No
20201223,44188,23,Wednesday,3,52,12,December,Dec,Q4,4,2020,2020 Q4,2020-12,No,No,No,No,No,No,No
20201224,44189,24,Thursday,4,52,12,December,Dec,Q4,4,2020,2020 Q4,2020-12,No,No,No,No,No,No,No
20201225,44190,25,Friday,5,52,12,December,Dec,Q4,4,2020,2020 Q4,2020-12,No,No,No,No,No,No,No
20201226,44191,26,Saturday,6,52,12,December,Dec,Q4,4,2020,2020 Q4,2020-12,No,No,No,No,No,No,Yes
20201227,44192,27,Sunday,7,52,12,December,Dec,Q4,4,2020,2020 Q4,2020-12,No,No,No,No,No,No,Yes
20201228,44193,28,Monday,1,53,12,December,Dec,Q4,4,2020,2020 Q4,2020-12,No,No,No,No,No,No,No
20201229,44194,29,Tuesday,2,53,12,December,Dec,Q4,4,2020,2020 Q4,2020-12,No,No,No,No,No,No,No
20201230,44195,30,Wednesday,3,53,12,December,Dec,Q4,4,2020,2020 Q4,2020-12,No,No,No,No,No,No,No
20201231,44196,31,Thursday,4,53,12,December,Dec,Q4,4,2020,2020 Q4,2020-12,No,Yes,No,Yes,No,Yes,No
20210101,44197,1,Friday,5,53,1,January,Jan,Q1,1,2021,2021 Q1,2021-01,Yes,No,Yes,No,Yes,No,No
20210102,44198,2,Saturday,6,53,1,January,Jan,Q1,1,2021,2021 Q1,2021-01,No,No,No,No,No,No,Yes
20210103,44199,3,Sunday,7,53,1,January,Jan,Q1,1,2021,2021 Q1,2021-01,No,No,No,No,No,No,Yes
20210104,44200,4,Monday,1,1,1,January,Jan,Q1,1,2021,2021 Q1,2021-01,No,No,No,No,No,No,No
20210105,44201,5,Tuesday,2,1,1,January,Jan,Q1,1,2021,2021 Q1,2021-01,No,No,No,No,No,No,No
20210106,44202,6,Wednesday,3,1,1,January,Jan,Q1,1,2021,2021 Q1,2021-01,No,No,No,No,No,No,No
20210107,44203,7,Thursday,4,1,1,January,Jan,Q1,1,2021,2021 Q1,2021-01,No,No,No,No,No,No,No
20210108,44204,8,Friday,5,1,1,January,Jan,Q1,1,2021,2021 Q1,2021-01,No,No,No,No,No,No,No
20210109,44205,9,Saturday,6,1,1,January,Jan,Q1,1,2021,2021 Q1,2021-01,No,No,No,No,No,No,Yes
20210110,44206,10,Sunday,7,1,1,January,Jan,Q1,1,2021,2021 Q1,2021-01,No,No,No,No,No,No,Yes
20210111,44207,11,Monday,1,2,1,January,Jan,Q1,1,2021,2021 Q1,2021-01,No,No,No,No,No,No,No
20210112,44208,12,Tuesday,2,2,1,January,Jan,Q1,1,2021,2021 Q1,2021-01,No,No,No,No,No,No,No
20210113,44209,13,Wednesday,3,2,1,January,Jan,Q1,1,2021,2021 Q1,2021-01,No,No,No,No,No,No,No
20210114,44210,14,Thursday,4,2,1,January,Jan,Q1,1,2021,2021 Q1,2021-01,No,No,No,No,No,No,No
20210115,44211,15,Friday,5,2,1,January,Jan,Q1,1,2021,2021 Q1,2021-01,No,No,No,No,No,No,No
20210116,44212,16,Saturday,6,2,1,January,Jan,Q1,1,2021,2021 Q1,2021-01,No,No,No,No,No,No,Yes
20210117,44213,17,Sunday,7,2,1,January,Jan,Q1,1,2021,2021 Q1,2021-01,No,No,No,No,No,No,Yes
20210118,44214,18,Monday,1,3,1,January,Jan,Q1,1,2021,2021 Q1,2021-01,No,No,No,No,No,No,No
20210119,44215,19,Tuesday,2,3,1,January,Jan,Q1,1,2021,2021 Q1,2021-01,No,No,No,No,No,No,No
20210120,44216,20,Wednesday,3,3,1,January,Jan,Q1,1,2021,2021 Q1,2021-01,No,No,No,No,No,No,No
20210121,44217,21,Thursday,4,3,1,January,Jan,Q1,1,2021,2021 Q1,2021-01,No,No,No,No,No,No,No
20210122,44218,22,Friday,5,3,1,January,Jan,Q1,1,2021,2021 Q1,2021-01,No,No,No,No,No,No,No
20210123,44219,23,Saturday,6,3,1,January,Jan,Q1,1,2021,2021 Q1,2021-01,No,No,No,No,No,No,Yes
20210124,44220,24,Sunday,7,3,1,January,Jan,Q1,1,2021,2021 Q1,2021-01,No,No,No,No,No,No,Yes
20210125,44221,25,Monday,1,4,1,January,Jan,Q1,1,2021,2021 Q1,2021-01,No,No,No,No,No,No,No
20210126,44222,26,Tuesday,2,4,1,January,Jan,Q1,1,2021,2021 Q1,2021-01,No,No,No,No,No,No,No
20210127,44223,27,Wednesday,3,4,1,January,Jan,Q1,1,2021,2021 Q1,2021-01,No,No,No,No,No,No,No
20210128,44224,28,Thursday,4,4,1,January,Jan,Q1,1,2021,2021 Q1,2021-01,No,No,No,No,No,No,No
20210129,44225,29,Friday,5,4,1,January,Jan,Q1,1,2021,2021 Q1,2021-01,No,No,No,No,No,No,No
20210130,44226,30,Saturday,6,4,1,January,Jan,Q1,1,2021,2021 Q1,2021-01,No,No,No,No,No,No,Yes
20210131,44227,31,Sunday,7,4,1,January,Jan,Q1,1,2021,2021 Q1,2021-01,No,Yes,No,No,No,No,Yes
20210201,44228,1,Monday,1,5,2,February,Feb,Q1,1,2021,2021 Q1,2021-02,Yes,No,No,No,No,No,No
20210202,44229,2,Tuesday,2,5,2,February,Feb,Q1,1,2021,2021 Q1,2021-02,No,No,No,No,No,No,No
20210203,44230,3,Wednesday,3,5,2,February,Feb,Q1,1,2021,2021 Q1,2021-02,No,No,No,No,No,No,No
20210204,44231,4,Thursday,4,5,2,February,Feb,Q1,1,2021,2021 Q1,2021-02,No,No,No,No,No,No,No
20210205,44232,5,Friday,5,5,2,February,Feb,Q1,1,2021,2021 Q1,2021-02,No,No,No,No,No,No,No
20210206,44233,6,Saturday,6,5,2,February,Feb,Q1,1,2021,2021 Q1,2021-02,No,No,No,No,No,No,Yes
20210207,44234,7,Sunday,7,5,2,February,Feb,Q1,1,2021,2021 Q1,2021-02,No,No,No,No,No,No,Yes
20210208,44235,8,Monday,1,6,2,February,Feb,Q1,1,2021,2021 Q1,2021-02,No,No,No,No,No,No,No
20210209,44236,9,Tuesday,2,6,2,February,Feb,Q1,1,2021,2021 Q1,2021-02,No,No,No,No,No,No,No
20210210,44237,10,Wednesday,3,6,2,February,Feb,Q1,1,2021,2021 Q1,2021-02,No,No,No,No,No,No,No
20210211,44238,11,Thursday,4,6,2,February,Feb,Q1,1,2021,2021 Q1,2021-02,No,No,No,No,No,No,No
20210212,44239,12,Friday,5,6,2,February,Feb,Q1,1,2021,2021 Q1,2021-02,No,No,No,No,No,No,No
20210213,44240,13,Saturday,6,6,2,February,Feb,Q1,1,2021,2021 Q1,2021-02,No,No,No,No,No,No,Yes
20210214,44241,14,Sunday,7,6,2,February,Feb,Q1,1,2021,2021 Q1,2021-02,No,No,No,No,No,No,Yes
20210215,44242,15,Monday,1,7,2,February,Feb,Q1,1,2021,2021 Q1,2021-02,No,No,No,No,No,No,No
20210216,44243,16,Tuesday,2,7,2,February,Feb,Q1,1,2021,2021 Q1,2021-02,No,No,No,No,No,No,No
20210217,44244,17,Wednesday,3,7,2,February,Feb,Q1,1,2021,2021 Q1,2021-02,No,No,No,No,No,No,No
20210218,44245,18,Thursday,4,7,2,February,Feb,Q1,1,2021,2021 Q1,2021-02,No,No,No,No,No,No,No
20210219,44246,19,Friday,5,7,2,February,Feb,Q1,1,2021,2021 Q1,2021-02,No,No,No,No,No,No,No
20210220,44247,20,Saturday,6,7,2,February,Feb,Q1,1,2021,2021 Q1,2021-02,No,No,No,No,No,No,Yes
20210221,44248,21,Sunday,7,7,2,February,Feb,Q1,1,2021,2021 Q1,2021-02,No,No,No,No,No,No,Yes
20210222,44249,22,Monday,1,8,2,February,Feb,Q1,1,2021,2021 Q1,2021-02,No,No,No,No,No,No,No
20210223,44250,23,Tuesday,2,8,2,February,Feb,Q1,1,2021,2021 Q1,2021-02,No,No,No,No,No,No,No
20210224,44251,24,Wednesday,3,8,2,February,Feb,Q1,1,2021,2021 Q1,2021-02,No,No,No,No,No,No,No
20210225,44252,25,Thursday,4,8,2,February,Feb,Q1,1,2021,2021 Q1,2021-02,No,No,No,No,No,No,No
20210226,44253,26,Friday,5,8,2,February,Feb,Q1,1,2021,2021 Q1,2021-02,No,No,No,No,No,No,No
20210227,44254,27,Saturday,6,8,2,February,Feb,Q1,1,2021,2021 Q1,2021-02,No,No,No,No,No,No,Yes
20210228,44255,28,Sunday,7,8,2,February,Feb,Q1,1,2021,2021 Q1,2021-02,No,Yes,No,No,No,No,Yes
20210301,44256,1,Monday,1,9,3,March,Mar,Q1,1,2021,2021 Q1,2021-03,Yes,No,No,No,No,No,No
20210302,44257,2,Tuesday,2,9,3,March,Mar,Q1,1,2021,2021 Q1,2021-03,No,No,No,No,No,No,No
20210303,44258,3,Wednesday,3,9,3,March,Mar,Q1,1,2021,2021 Q1,2021-03,No,No,No,No,No,No,No
20210304,44259,4,Thursday,4,9,3,March,Mar,Q1,1,2021,2021 Q1,2021-03,No,No,No,No,No,No,No
20210305,44260,5,Friday,5,9,3,March,Mar,Q1,1,2021,2021 Q1,2021-03,No,No,No,No,No,No,No
20210306,44261,6,Saturday,6,9,3,March,Mar,Q1,1,2021,2021 Q1,2021-03,No,No,No,No,No,No,Yes
20210307,44262,7,Sunday,7,9,3,March,Mar,Q1,1,2021,2021 Q1,2021-03,No,No,No,No,No,No,Yes
20210308,44263,8,Monday,1,10,3,March,Mar,Q1,1,2021,2021 Q1,2021-03,No,No,No,No,No,No,No
20210309,44264,9,Tuesday,2,10,3,March,Mar,Q1,1,2021,2021 Q1,2021-03,No,No,No,No,No,No,No
20210310,44265,10,Wednesday,3,10,3,March,Mar,Q1,1,2021,2021 Q1,2021-03,No,No,No,No,No,No,No
20210311,44266,11,Thursday,4,10,3,March,Mar,Q1,1,2021,2021 Q1,2021-03,No,No,No,No,No,No,No
20210312,44267,12,Friday,5,10,3,March,Mar,Q1,1,2021,2021 Q1,2021-03,No,No,No,No,No,No,No
20210313,44268,13,Saturday,6,10,3,March,Mar,Q1,1,2021,2021 Q1,2021-03,No,No,No,No,No,No,Yes
20210314,44269,14,Sunday,7,10,3,March,Mar,Q1,1,2021,2021 Q1,2021-03,No,No,No,No,No,No,Yes
20210315,44270,15,Monday,1,11,3,March,Mar,Q1,1,2021,2021 Q1,2021-03,No,No,No,No,No,No,No
20210316,44271,16,Tuesday,2,11,3,March,Mar,Q1,1,2021,2021 Q1,2021-03,No,No,No,No,No,No,No
20210317,44272,17,Wednesday,3,11,3,March,Mar,Q1,1,2021,2021 Q1,2021-03,No,No,No,No,No,No,No
20210318,44273,18,Thursday,4,11,3,March,Mar,Q1,1,2021,2021 Q1,2021-03,No,No,No,No,No,No,No
20210319,44274,19,Friday,5,11,3,March,Mar,Q1,1,2021,2021 Q1,2021-03,No,No,No,No,No,No,No
20210320,44275,20,Saturday,6,11,3,March,Mar,Q1,1,2021,2021 Q1,2021-03,No,No,No,No,No,No,Yes
20210321,44276,21,Sunday,7,11,3,March,Mar,Q1,1,2021,2021 Q1,2021-03,No,No,No,No,No,No,Yes
20210322,44277,22,Monday,1,12,3,March,Mar,Q1,1,2021,2021 Q1,2021-03,No,No,No,No,No,No,No
20210323,44278,23,Tuesday,2,12,3,March,Mar,Q1,1,2021,2021 Q1,2021-03,No,No,No,No,No,No,No
20210324,44279,24,Wednesday,3,12,3,March,Mar,Q1,1,2021,2021 Q1,2021-03,No,No,No,No,No,No,No
20210325,44280,25,Thursday,4,12,3,March,Mar,Q1,1,2021,2021 Q1,2021-03,No,No,No,No,No,No,No
20210326,44281,26,Friday,5,12,3,March,Mar,Q1,1,2021,2021 Q1,2021-03,No,No,No,No,No,No,No
20210327,44282,27,Saturday,6,12,3,March,Mar,Q1,1,2021,2021 Q1,2021-03,No,No,No,No,No,No,Yes
20210328,44283,28,Sunday,7,12,3,March,Mar,Q1,1,2021,2021 Q1,2021-03,No,No,No,No,No,No,Yes
20210329,44284,29,Monday,1,13,3,March,Mar,Q1,1,2021,2021 Q1,2021-03,No,No,No,No,No,No,No
20210330,44285,30,Tuesday,2,13,3,March,Mar,Q1,1,2021,2021 Q1,2021-03,No,No,No,No,No,No,No
20210331,44286,31,Wednesday,3,13,3,March,Mar,Q1,1,2021,2021 Q1,2021-03,No,Yes,No,Yes,No,No,No
20210401,44287,1,Thursday,4,13,4,April,Apr,Q2,2,2021,2021 Q2,2021-04,Yes,No,Yes,No,No,No,No
20210402,44288,2,Friday,5,13,4,April,Apr,Q2,2,2021,2021 Q2,2021-04,No,No,No,No,No,No,No
20210403,44289,3,Saturday,6,13,4,April,Apr,Q2,2,2021,2021 Q2,2021-04,No,No,No,No,No,No,Yes
20210404,44290,4,Sunday,7,13,4,April,Apr,Q2,2,2021,2021 Q2,2021-04,No,No,No,No,No,No,Yes
20210405,44291,5,Monday,1,14,4,April,Apr,Q2,2,2021,2021 Q2,2021-04,No,No,No,No,No,No,No
20210406,44292,6,Tuesday,2,14,4,April,Apr,Q2,2,2021,2021 Q2,2021-04,No,No,No,No,No,No,No
20210407,44293,7,Wednesday,3,14,4,April,Apr,Q2,2,2021,2021 Q2,2021-04,No,No,No,No,No,No,No
20210408,44294,8,Thursday,4,14,4,April,Apr,Q2,2,2021,2021 Q2,2021-04,No,No,No,No,No,No,No
20210409,44295,9,Friday,5,14,4,April,Apr,Q2,2,2021,2021 Q2,2021-04,No,No,No,No,No,No,No
20210410,44296,10,Saturday,6,14,4,April,Apr,Q2,2,2021,2021 Q2,2021-04,No,No,No,No,No,No,Yes
20210411,44297,11,Sunday,7,14,4,April,Apr,Q2,2,2021,2021 Q2,2021-04,No,No,No,No,No,No,Yes
20210412,44298,12,Monday,1,15,4,April,Apr,Q2,2,2021,2021 Q2,2021-04,No,No,No,No,No,No,No
20210413,44299,13,Tuesday,2,15,4,April,Apr,Q2,2,2021,2021 Q2,2021-04,No,No,No,No,No,No,No
20210414,44300,14,Wednesday,3,15,4,April,Apr,Q2,2,2021,2021 Q2,2021-04,No,No,No,No,No,No,No
20210415,44301,15,Thursday,4,15,4,April,Apr,Q2,2,2021,2021 Q2,2021-04,No,No,No,No,No,No,No
20210416,44302,16,Friday,5,15,4,April,Apr,Q2,2,2021,2021 Q2,2021-04,No,No,No,No,No,No,No
20210417,44303,17,Saturday,6,15,4,April,Apr,Q2,2,2021,2021 Q2,2021-04,No,No,No,No,No,No,Yes
20210418,44304,18,Sunday,7,15,4,April,Apr,Q2,2,2021,2021 Q2,2021-04,No,No,No,No,No,No,Yes
20210419,44305,19,Monday,1,16,4,April,Apr,Q2,2,2021,2021 Q2,2021-04,No,No,No,No,No,No,No
20210420,44306,20,Tuesday,2,16,4,April,Apr,Q2,2,2021,2021 Q2,2021-04,No,No,No,No,No,No,No
20210421,44307,21,Wednesday,3,16,4,April,Apr,Q2,2,2021,2021 Q2,2021-04,No,No,No,No,No,No,No
20210422,44308,22,Thursday,4,16,4,April,Apr,Q2,2,2021,2021 Q2,2021-04,No,No,No,No,No,No,No
20210423,44309,23,Friday,5,16,4,April,Apr,Q2,2,2021,2021 Q2,2021-04,No,No,No,No,No,No,No
20210424,44310,24,Saturday,6,16,4,April,Apr,Q2,2,2021,2021 Q2,2021-04,No,No,No,No,No,No,Yes
20210425,44311,25,Sunday,7,16,4,April,Apr,Q2,2,2021,2021 Q2,2021-04,No,No,No,No,No,No,Yes
20210426,44312,26,Monday,1,17,4,April,Apr,Q2,2,2021,2021 Q2,2021-04,No,No,No,No,No,No,No
20210427,44313,27,Tuesday,2,17,4,April,Apr,Q2,2,2021,2021 Q2,2021-04,No,No,No,No,No,No,No
20210428,44314,28,Wednesday,3,17,4,April,Apr,Q2,2,2021,2021 Q2,2021-04,No,No,No,No,No,No,No
20210429,44315,29,Thursday,4,17,4,April,Apr,Q2,2,2021,2021 Q2,2021-04,No,No,No,No,No,No,No
20210430,44316,30,Friday,5,17,4,April,Apr,Q2,2,2021,2021 Q2,2021-04,No,Yes,No,No,No,No,No
20210501,44317,1,Saturday,6,17,5,May,May,Q2,2,2021,2021 Q2,2021-05,Yes,No,No,No,No,No,Yes
20210502,44318,2,Sunday,7,17,5,May,May,Q2,2,2021,2021 Q2,2021-05,No,No,No,No,No,No,Yes
20210503,44319,3,Monday,1,18,5,May,May,Q2,2,2021,2021 Q2,2021-05,No,No,No,No,No,No,No
20210504,44320,4,Tuesday,2,18,5,May,May,Q2,2,2021,2021 Q2,2021-05,No,No,No,No,No,No,No
20210505,44321,5,Wednesday,3,18,5,May,May,Q2,2,2021,2021 Q2,2021-05,No,No,No,No,No,No,No
20210506,44322,6,Thursday,4,18,5,May,May,Q2,2,2021,2021 Q2,2021-05,No,No,No,No,No,No,No
20210507,44323,7,Friday,5,18,5,May,May,Q2,2,2021,2021 Q2,2021-05,No,No,No,No,No,No,No
20210508,44324,8,Saturday,6,18,5,May,May,Q2,2,2021,2021 Q2,2021-05,No,No,No,No,No,No,Yes
20210509,44325,9,Sunday,7,18,5,May,May,Q2,2,2021,2021 Q2,2021-05,No,No,No,No,No,No,Yes
20210510,44326,10,Monday,1,19,5,May,May,Q2,2,2021,2021 Q2,2021-05,No,No,No,No,No,No,No
20210511,44327,11,Tuesday,2,19,5,May,May,Q2,2,2021,2021 Q2,2021-05,No,No,No,No,No,No,No
20210512,44328,12,Wednesday,3,19,5,May,May,Q2,2,2021,2021 Q2,2021-05,No,No,No,No,No,No,No
20210513,44329,13,Thursday,4,19,5,May,May,Q2,2,2021,2021 Q2,2021-05,No,No,No,No,No,No,No
20210514,44330,14,Friday,5,19,5,May,May,Q2,2,2021,2021 Q2,2021-05,No,No,No,No,No,No,No
20210515,44331,15,Saturday,6,19,5,May,May,Q2,2,2021,2021 Q2,2021-05,No,No,No,No,No,No,Yes
20210516,44332,16,Sunday,7,19,5,May,May,Q2,2,2021,2021 Q2,2021-05,No,No,No,No,No,No,Yes
20210517,44333,17,Monday,1,20,5,May,May,Q2,2,2021,2021 Q2,2021-05,No,No,No,No,No,No,No
20210518,44334,18,Tuesday,2,20,5,May,May,Q2,2,2021,2021 Q2,2021-05,No,No,No,No,No,No,No
20210519,44335,19,Wednesday,3,20,5,May,May,Q2,2,2021,2021 Q2,2021-05,No,No,No,No,No,No,No
20210520,44336,20,Thursday,4,20,5,May,May,Q2,2,2021,2021 Q2,2021-05,No,No,No,No,No,No,No
20210521,44337,21,Friday,5,20,5,May,May,Q2,2,2021,2021 Q2,2021-05,No,No,No,No,No,No,No
20210522,44338,22,Saturday,6,20,5,May,May,Q2,2,2021,2021 Q2,2021-05,No,No,No,No,No,No,Yes
20210523,44339,23,Sunday,7,20,5,May,May,Q2,2,2021,2021 Q2,2021-05,No,No,No,No,No,No,Yes
20210524,44340,24,Monday,1,21,5,May,May,Q2,2,2021,2021 Q2,2021-05,No,No,No,No,No,No,No
20210525,44341,25,Tuesday,2,21,5,May,May,Q2,2,2021,2021 Q2,2021-05,No,No,No,No,No,No,No
20210526,44342,26,Wednesday,3,21,5,May,May,Q2,2,2021,2021 Q2,2021-05,No,No,No,No,No,No,No
20210527,44343,27,Thursday,4,21,5,May,May,Q2,2,2021,2021 Q2,2021-05,No,No,No,No,No,No,No
20210528,44344,28,Friday,5,21,5,May,May,Q2,2,2021,2021 Q2,2021-05,No,No,No,No,No,No,No
20210529,44345,29,Saturday,6,21,5,May,May,Q2,2,2021,2021 Q2,2021-05,No,No,No,No,No,No,Yes
20210530,44346,30,Sunday,7,21,5,May,May,Q2,2,2021,2021 Q2,2021-05,No,No,No,No,No,No,Yes
20210531,44347,31,Monday,1,22,5,May,May,Q2,2,2021,2021 Q2,2021-05,No,Yes,No,No,No,No,No
20210601,44348,1,Tuesday,2,22,6,June,Jun,Q2,2,2021,2021 Q2,2021-06,Yes,No,No,No,No,No,No
20210602,44349,2,Wednesday,3,22,6,June,Jun,Q2,2,2021,2021 Q2,2021-06,No,No,No,No,No,No,No
20210603,44350,3,Thursday,4,22,6,June,Jun,Q2,2,2021,2021 Q2,2021-06,No,No,No,No,No,No,No
20210604,44351,4,Friday,5,22,6,June,Jun,Q2,2,2021,2021 Q2,2021-06,No,No,No,No,No,No,No
20210605,44352,5,Saturday,6,22,6,June,Jun,Q2,2,2021,2021 Q2,2021-06,No,No,No,No,No,No,Yes
20210606,44353,6,Sunday,7,22,6,June,Jun,Q2,2,2021,2021 Q2,2021-06,No,No,No,No,No,No,Yes
20210607,44354,7,Monday,1,23,6,June,Jun,Q2,2,2021,2021 Q2,2021-06,No,No,No,No,No,No,No
20210608,44355,8,Tuesday,2,23,6,June,Jun,Q2,2,2021,2021 Q2,2021-06,No,No,No,No,No,No,No
20210609,44356,9,Wednesday,3,23,6,June,Jun,Q2,2,2021,2021 Q2,2021-06,No,No,No,No,No,No,No
20210610,44357,10,Thursday,4,23,6,June,Jun,Q2,2,2021,2021 Q2,2021-06,No,No,No,No,No,No,No
20210611,44358,11,Friday,5,23,6,June,Jun,Q2,2,2021,2021 Q2,2021-06,No,No,No,No,No,No,No
20210612,44359,12,Saturday,6,23,6,June,Jun,Q2,2,2021,2021 Q2,2021-06,No,No,No,No,No,No,Yes
20210613,44360,13,Sunday,7,23,6,June,Jun,Q2,2,2021,2021 Q2,2021-06,No,No,No,No,No,No,Yes
20210614,44361,14,Monday,1,24,6,June,Jun,Q2,2,2021,2021 Q2,2021-06,No,No,No,No,No,No,No
20210615,44362,15,Tuesday,2,24,6,June,Jun,Q2,2,2021,2021 Q2,2021-06,No,No,No,No,No,No,No
20210616,44363,16,Wednesday,3,24,6,June,Jun,Q2,2,2021,2021 Q2,2021-06,No,No,No,No,No,No,No
20210617,44364,17,Thursday,4,24,6,June,Jun,Q2,2,2021,2021 Q2,2021-06,No,No,No,No,No,No,No
20210618,44365,18,Friday,5,24,6,June,Jun,Q2,2,2021,2021 Q2,2021-06,No,No,No,No,No,No,No
20210619,44366,19,Saturday,6,24,6,June,Jun,Q2,2,2021,2021 Q2,2021-06,No,No,No,No,No,No,Yes
20210620,44367,20,Sunday,7,24,6,June,Jun,Q2,2,2021,2021 Q2,2021-06,No,No,No,No,No,No,Yes
20210621,44368,21,Monday,1,25,6,June,Jun,Q2,2,2021,2021 Q2,2021-06,No,No,No,No,No,No,No
20210622,44369,22,Tuesday,2,25,6,June,Jun,Q2,2,2021,2021 Q2,2021-06,No,No,No,No,No,No,No
20210623,44370,23,Wednesday,3,25,6,June,Jun,Q2,2,2021,2021 Q2,2021-06,No,No,No,No,No,No,No
20210624,44371,24,Thursday,4,25,6,June,Jun,Q2,2,2021,2021 Q2,2021-06,No,No,No,No,No,No,No
20210625,44372,25,Friday,5,25,6,June,Jun,Q2,2,2021,2021 Q2,2021-06,No,No,No,No,No,No,No
20210626,44373,26,Saturday,6,25,6,June,Jun,Q2,2,2021,2021 Q2,2021-06,No,No,No,No,No,No,Yes
20210627,44374,27,Sunday,7,25,6,June,Jun,Q2,2,2021,2021 Q2,2021-06,No,No,No,No,No,No,Yes
20210628,44375,28,Monday,1,26,6,June,Jun,Q2,2,2021,2021 Q2,2021-06,No,No,No,No,No,No,No
20210629,44376,29,Tuesday,2,26,6,June,Jun,Q2,2,2021,2021 Q2,2021-06,No,No,No,No,No,No,No
20210630,44377,30,Wednesday,3,26,6,June,Jun,Q2,2,2021,2021 Q2,2021-06,No,Yes,No,Yes,No,No,No
20210701,44378,1,Thursday,4,26,7,July,Jul,Q3,3,2021,2021 Q3,2021-07,Yes,No,Yes,No,No,No,No
20210702,44379,2,Friday,5,26,7,July,Jul,Q3,3,2021,2021 Q3,2021-07,No,No,No,No,No,No,No
20210703,44380,3,Saturday,6,26,7,July,Jul,Q3,3,2021,2021 Q3,2021-07,No,No,No,No,No,No,Yes
20210704,44381,4,Sunday,7,26,7,July,Jul,Q3,3,2021,2021 Q3,2021-07,No,No,No,No,No,No,Yes
20210705,44382,5,Monday,1,27,7,July,Jul,Q3,3,2021,2021 Q3,2021-07,No,No,No,No,No,No,No
20210706,44383,6,Tuesday,2,27,7,July,Jul,Q3,3,2021,2021 Q3,2021-07,No,No,No,No,No,No,No
20210707,44384,7,Wednesday,3,27,7,July,Jul,Q3,3,2021,2021 Q3,2021-07,No,No,No,No,No,No,No
20210708,44385,8,Thursday,4,27,7,July,Jul,Q3,3,2021,2021 Q3,2021-07,No,No,No,No,No,No,No
20210709,44386,9,Friday,5,27,7,July,Jul,Q3,3,2021,2021 Q3,2021-07,No,No,No,No,No,No,No
20210710,44387,10,Saturday,6,27,7,July,Jul,Q3,3,2021,2021 Q3,2021-07,No,No,No,No,No,No,Yes
20210711,44388,11,Sunday,7,27,7,July,Jul,Q3,3,2021,2021 Q3,2021-07,No,No,No,No,No,No,Yes
20210712,44389,12,Monday,1,28,7,July,Jul,Q3,3,2021,2021 Q3,2021-07,No,No,No,No,No,No,No
20210713,44390,13,Tuesday,2,28,7,July,Jul,Q3,3,2021,2021 Q3,2021-07,No,No,No,No,No,No,No
20210714,44391,14,Wednesday,3,28,7,July,Jul,Q3,3,2021,2021 Q3,2021-07,No,No,No,No,No,No,No
20210715,44392,15,Thursday,4,28,7,July,Jul,Q3,3,2021,2021 Q3,2021-07,No,No,No,No,No,No,No
20210716,44393,16,Friday,5,28,7,July,Jul,Q3,3,2021,2021 Q3,2021-07,No,No,No,No,No,No,No
20210717,44394,17,Saturday,6,28,7,July,Jul,Q3,3,2021,2021 Q3,2021-07,No,No,No,No,No,No,Yes
20210718,44395,18,Sunday,7,28,7,July,Jul,Q3,3,2021,2021 Q3,2021-07,No,No,No,No,No,No,Yes
20210719,44396,19,Monday,1,29,7,July,Jul,Q3,3,2021,2021 Q3,2021-07,No,No,No,No,No,No,No
20210720,44397,20,Tuesday,2,29,7,July,Jul,Q3,3,2021,2021 Q3,2021-07,No,No,No,No,No,No,No
20210721,44398,21,Wednesday,3,29,7,July,Jul,Q3,3,2021,2021 Q3,2021-07,No,No,No,No,No,No,No
20210722,44399,22,Thursday,4,29,7,July,Jul,Q3,3,2021,2021 Q3,2021-07,No,No,No,No,No,No,No
20210723,44400,23,Friday,5,29,7,July,Jul,Q3,3,2021,2021 Q3,2021-07,No,No,No,No,No,No,No
20210724,44401,24,Saturday,6,29,7,July,Jul,Q3,3,2021,2021 Q3,2021-07,No,No,No,No,No,No,Yes
20210725,44402,25,Sunday,7,29,7,July,Jul,Q3,3,2021,2021 Q3,2021-07,No,No,No,No,No,No,Yes
20210726,44403,26,Monday,1,30,7,July,Jul,Q3,3,2021,2021 Q3,2021-07,No,No,No,No,No,No,No
20210727,44404,27,Tuesday,2,30,7,July,Jul,Q3,3,2021,2021 Q3,2021-07,No,No,No,No,No,No,No
20210728,44405,28,Wednesday,3,30,7,July,Jul,Q3,3,2021,2021 Q3,2021-07,No,No,No,No,No,No,No
20210729,44406,29,Thursday,4,30,7,July,Jul,Q3,3,2021,2021 Q3,2021-07,No,No,No,No,No,No,No
20210730,44407,30,Friday,5,30,7,July,Jul,Q3,3,2021,2021 Q3,2021-07,No,No,No,No,No,No,No
20210731,44408,31,Saturday,6,30,7,July,Jul,Q3,3,2021,2021 Q3,2021-07,No,Yes,No,No,No,No,Yes
20210801,44409,1,Sunday,7,30,8,August,Aug,Q3,3,2021,2021 Q3,2021-08,Yes,No,No,No,No,No,Yes
20210802,44410,2,Monday,1,31,8,August,Aug,Q3,3,2021,2021 Q3,2021-08,No,No,No,No,No,No,No
20210803,44411,3,Tuesday,2,31,8,August,Aug,Q3,3,2021,2021 Q3,2021-08,No,No,No,No,No,No,No
20210804,44412,4,Wednesday,3,31,8,August,Aug,Q3,3,2021,2021 Q3,2021-08,No,No,No,No,No,No,No
20210805,44413,5,Thursday,4,31,8,August,Aug,Q3,3,2021,2021 Q3,2021-08,No,No,No,No,No,No,No
20210806,44414,6,Friday,5,31,8,August,Aug,Q3,3,2021,2021 Q3,2021-08,No,No,No,No,No,No,No
20210807,44415,7,Saturday,6,31,8,August,Aug,Q3,3,2021,2021 Q3,2021-08,No,No,No,No,No,No,Yes
20210808,44416,8,Sunday,7,31,8,August,Aug,Q3,3,2021,2021 Q3,2021-08,No,No,No,No,No,No,Yes
20210809,44417,9,Monday,1,32,8,August,Aug,Q3,3,2021,2021 Q3,2021-08,No,No,No,No,No,No,No
20210810,44418,10,Tuesday,2,32,8,August,Aug,Q3,3,2021,2021 Q3,2021-08,No,No,No,No,No,No,No
20210811,44419,11,Wednesday,3,32,8,August,Aug,Q3,3,2021,2021 Q3,2021-08,No,No,No,No,No,No,No
20210812,44420,12,Thursday,4,32,8,August,Aug,Q3,3,2021,2021 Q3,2021-08,No,No,No,No,No,No,No
20210813,44421,13,Friday,5,32,8,August,Aug,Q3,3,2021,2021 Q3,2021-08,No,No,No,No,No,No,No
20210814,44422,14,Saturday,6,32,8,August,Aug,Q3,3,2021,2021 Q3,2021-08,No,No,No,No,No,No,Yes
20210815,44423,15,Sunday,7,32,8,August,Aug,Q3,3,2021,2021 Q3,2021-08,No,No,No,No,No,No,Yes
20210816,44424,16,Monday,1,33,8,August,Aug,Q3,3,2021,2021 Q3,2021-08,No,No,No,No,No,No,No
20210817,44425,17,Tuesday,2,33,8,August,Aug,Q3,3,2021,2021 Q3,2021-08,No,No,No,No,No,No,No
20210818,44426,18,Wednesday,3,33,8,August,Aug,Q3,3,2021,2021 Q3,2021-08,No,No,No,No,No,No,No
20210819,44427,19,Thursday,4,33,8,August,Aug,Q3,3,2021,2021 Q3,2021-08,No,No,No,No,No,No,No
20210820,44428,20,Friday,5,33,8,August,Aug,Q3,3,2021,2021 Q3,2021-08,No,No,No,No,No,No,No
20210821,44429,21,Saturday,6,33,8,August,Aug,Q3,3,2021,2021 Q3,2021-08,No,No,No,No,No,No,Yes
20210822,44430,22,Sunday,7,33,8,August,Aug,Q3,3,2021,2021 Q3,2021-08,No,No,No,No,No,No,Yes
20210823,44431,23,Monday,1,34,8,August,Aug,Q3,3,2021,2021 Q3,2021-08,No,No,No,No,No,No,No
20210824,44432,24,Tuesday,2,34,8,August,Aug,Q3,3,2021,2021 Q3,2021-08,No,No,No,No,No,No,No
20210825,44433,25,Wednesday,3,34,8,August,Aug,Q3,3,2021,2021 Q3,2021-08,No,No,No,No,No,No,No
20210826,44434,26,Thursday,4,34,8,August,Aug,Q3,3,2021,2021 Q3,2021-08,No,No,No,No,No,No,No
20210827,44435,27,Friday,5,34,8,August,Aug,Q3,3,2021,2021 Q3,2021-08,No,No,No,No,No,No,No
20210828,44436,28,Saturday,6,34,8,August,Aug,Q3,3,2021,2021 Q3,2021-08,No,No,No,No,No,No,Yes
20210829,44437,29,Sunday,7,34,8,August,Aug,Q3,3,2021,2021 Q3,2021-08,No,No,No,No,No,No,Yes
20210830,44438,30,Monday,1,35,8,August,Aug,Q3,3,2021,2021 Q3,2021-08,No,No,No,No,No,No,No
20210831,44439,31,Tuesday,2,35,8,August,Aug,Q3,3,2021,2021 Q3,2021-08,No,Yes,No,No,No,No,No
20210901,44440,1,Wednesday,3,35,9,September,Sep,Q3,3,2021,2021 Q3,2021-09,Yes,No,No,No,No,No,No
20210902,44441,2,Thursday,4,35,9,September,Sep,Q3,3,2021,2021 Q3,2021-09,No,No,No,No,No,No,No
20210903,44442,3,Friday,5,35,9,September,Sep,Q3,3,2021,2021 Q3,2021-09,No,No,No,No,No,No,No
20210904,44443,4,Saturday,6,35,9,September,Sep,Q3,3,2021,2021 Q3,2021-09,No,No,No,No,No,No,Yes
20210905,44444,5,Sunday,7,35,9,September,Sep,Q3,3,2021,2021 Q3,2021-09,No,No,No,No,No,No,Yes
20210906,44445,6,Monday,1,36,9,September,Sep,Q3,3,2021,2021 Q3,2021-09,No,No,No,No,No,No,No
20210907,44446,7,Tuesday,2,36,9,September,Sep,Q3,3,2021,2021 Q3,2021-09,No,No,No,No,No,No,No
20210908,44447,8,Wednesday,3,36,9,September,Sep,Q3,3,2021,2021 Q3,2021-09,No,No,No,No,No,No,No
20210909,44448,9,Thursday,4,36,9,September,Sep,Q3,3,2021,2021 Q3,2021-09,No,No,No,No,No,No,No
20210910,44449,10,Friday,5,36,9,September,Sep,Q3,3,2021,2021 Q3,2021-09,No,No,No,No,No,No,No
20210911,44450,11,Saturday,6,36,9,September,Sep,Q3,3,2021,2021 Q3,2021-09,No,No,No,No,No,No,Yes
20210912,44451,12,Sunday,7,36,9,September,Sep,Q3,3,2021,2021 Q3,2021-09,No,No,No,No,No,No,Yes
20210913,44452,13,Monday,1,37,9,September,Sep,Q3,3,2021,2021 Q3,2021-09,No,No,No,No,No,No,No
20210914,44453,14,Tuesday,2,37,9,September,Sep,Q3,3,2021,2021 Q3,2021-09,No,No,No,No,No,No,No
20210915,44454,15,Wednesday,3,37,9,September,Sep,Q3,3,2021,2021 Q3,2021-09,No,No,No,No,No,No,No
20210916,44455,16,Thursday,4,37,9,September,Sep,Q3,3,2021,2021 Q3,2021-09,No,No,No,No,No,No,No
20210917,44456,17,Friday,5,37,9,September,Sep,Q3,3,2021,2021 Q3,2021-09,No,No,No,No,No,No,No
20210918,44457,18,Saturday,6,37,9,September,Sep,Q3,3,2021,2021 Q3,2021-09,No,No,No,No,No,No,Yes
20210919,44458,19,Sunday,7,37,9,September,Sep,Q3,3,2021,2021 Q3,2021-09,No,No,No,No,No,No,Yes
20210920,44459,20,Monday,1,38,9,September,Sep,Q3,3,2021,2021 Q3,2021-09,No,No,No,No,No,No,No
20210921,44460,21,Tuesday,2,38,9,September,Sep,Q3,3,2021,2021 Q3,2021-09,No,No,No,No,No,No,No
20210922,44461,22,Wednesday,3,38,9,September,Sep,Q3,3,2021,2021 Q3,2021-09,No,No,No,No,No,No,No
20210923,44462,23,Thursday,4,38,9,September,Sep,Q3,3,2021,2021 Q3,2021-09,No,No,No,No,No,No,No
20210924,44463,24,Friday,5,38,9,September,Sep,Q3,3,2021,2021 Q3,2021-09,No,No,No,No,No,No,No
20210925,44464,25,Saturday,6,38,9,September,Sep,Q3,3,2021,2021 Q3,2021-09,No,No,No,No,No,No,Yes
20210926,44465,26,Sunday,7,38,9,September,Sep,Q3,3,2021,2021 Q3,2021-09,No,No,No,No,No,No,Yes
20210927,44466,27,Monday,1,39,9,September,Sep,Q3,3,2021,2021 Q3,2021-09,No,No,No,No,No,No,No
20210928,44467,28,Tuesday,2,39,9,September,Sep,Q3,3,2021,2021 Q3,2021-09,No,No,No,No,No,No,No
20210929,44468,29,Wednesday,3,39,9,September,Sep,Q3,3,2021,2021 Q3,2021-09,No,No,No,No,No,No,No
20210930,44469,30,Thursday,4,39,9,September,Sep,Q3,3,2021,2021 Q3,2021-09,No,Yes,No,Yes,No,No,No
20211001,44470,1,Friday,5,39,10,October,Oct,Q4,4,2021,2021 Q4,2021-10,Yes,No,Yes,No,No,No,No
20211002,44471,2,Saturday,6,39,10,October,Oct,Q4,4,2021,2021 Q4,2021-10,No,No,No,No,No,No,Yes
20211003,44472,3,Sunday,7,39,10,October,Oct,Q4,4,2021,2021 Q4,2021-10,No,No,No,No,No,No,Yes
20211004,44473,4,Monday,1,40,10,October,Oct,Q4,4,2021,2021 Q4,2021-10,No,No,No,No,No,No,No
20211005,44474,5,Tuesday,2,40,10,October,Oct,Q4,4,2021,2021 Q4,2021-10,No,No,No,No,No,No,No
20211006,44475,6,Wednesday,3,40,10,October,Oct,Q4,4,2021,2021 Q4,2021-10,No,No,No,No,No,No,No
20211007,44476,7,Thursday,4,40,10,October,Oct,Q4,4,2021,2021 Q4,2021-10,No,No,No,No,No,No,No
20211008,44477,8,Friday,5,40,10,October,Oct,Q4,4,2021,2021 Q4,2021-10,No,No,No,No,No,No,No
20211009,44478,9,Saturday,6,40,10,October,Oct,Q4,4,2021,2021 Q4,2021-10,No,No,No,No,No,No,Yes
20211010,44479,10,Sunday,7,40,10,October,Oct,Q4,4,2021,2021 Q4,2021-10,No,No,No,No,No,No,Yes
20211011,44480,11,Monday,1,41,10,October,Oct,Q4,4,2021,2021 Q4,2021-10,No,No,No,No,No,No,No
20211012,44481,12,Tuesday,2,41,10,October,Oct,Q4,4,2021,2021 Q4,2021-10,No,No,No,No,No,No,No
20211013,44482,13,Wednesday,3,41,10,October,Oct,Q4,4,2021,2021 Q4,2021-10,No,No,No,No,No,No,No
20211014,44483,14,Thursday,4,41,10,October,Oct,Q4,4,2021,2021 Q4,2021-10,No,No,No,No,No,No,No
20211015,44484,15,Friday,5,41,10,October,Oct,Q4,4,2021,2021 Q4,2021-10,No,No,No,No,No,No,No
20211016,44485,16,Saturday,6,41,10,October,Oct,Q4,4,2021,2021 Q4,2021-10,No,No,No,No,No,No,Yes
20211017,44486,17,Sunday,7,41,10,October,Oct,Q4,4,2021,2021 Q4,2021-10,No,No,No,No,No,No,Yes
20211018,44487,18,Monday,1,42,10,October,Oct,Q4,4,2021,2021 Q4,2021-10,No,No,No,No,No,No,No
20211019,44488,19,Tuesday,2,42,10,October,Oct,Q4,4,2021,2021 Q4,2021-10,No,No,No,No,No,No,No
20211020,44489,20,Wednesday,3,42,10,October,Oct,Q4,4,2021,2021 Q4,2021-10,No,No,No,No,No,No,No
20211021,44490,21,Thursday,4,42,10,October,Oct,Q4,4,2021,2021 Q4,2021-10,No,No,No,No,No,No,No
20211022,44491,22,Friday,5,42,10,October,Oct,Q4,4,2021,2021 Q4,2021-10,No,No,No,No,No,No,No
20211023,44492,23,Saturday,6,42,10,October,Oct,Q4,4,2021,2021 Q4,2021-10,No,No,No,No,No,No,Yes
20211024,44493,24,Sunday,7,42,10,October,Oct,Q4,4,2021,2021 Q4,2021-10,No,No,No,No,No,No,Yes
20211025,44494,25,Monday,1,43,10,October,Oct,Q4,4,2021,2021 Q4,2021-10,No,No,No,No,No,No,No
20211026,44495,26,Tuesday,2,43,10,October,Oct,Q4,4,2021,2021 Q4,2021-10,No,No,No,No,No,No,No
20211027,44496,27,Wednesday,3,43,10,October,Oct,Q4,4,2021,2021 Q4,2021-10,No,No,No,No,No,No,No
20211028,44497,28,Thursday,4,43,10,October,Oct,Q4,4,2021,2021 Q4,2021-10,No,No,No,No,No,No,No
20211029,44498,29,Friday,5,43,10,October,Oct,Q4,4,2021,2021 Q4,2021-10,No,No,No,No,No,No,No
20211030,44499,30,Saturday,6,43,10,October,Oct,Q4,4,2021,2021 Q4,2021-10,No,No,No,No,No,No,Yes
20211031,44500,31,Sunday,7,43,10,October,Oct,Q4,4,2021,2021 Q4,2021-10,No,Yes,No,No,No,No,Yes
20211101,44501,1,Monday,1,44,11,November,Nov,Q4,4,2021,2021 Q4,2021-11,Yes,No,No,No,No,No,No
20211102,44502,2,Tuesday,2,44,11,November,Nov,Q4,4,2021,2021 Q4,2021-11,No,No,No,No,No,No,No
20211103,44503,3,Wednesday,3,44,11,November,Nov,Q4,4,2021,2021 Q4,2021-11,No,No,No,No,No,No,No
20211104,44504,4,Thursday,4,44,11,November,Nov,Q4,4,2021,2021 Q4,2021-11,No,No,No,No,No,No,No
20211105,44505,5,Friday,5,44,11,November,Nov,Q4,4,2021,2021 Q4,2021-11,No,No,No,No,No,No,No
20211106,44506,6,Saturday,6,44,11,November,Nov,Q4,4,2021,2021 Q4,2021-11,No,No,No,No,No,No,Yes
20211107,44507,7,Sunday,7,44,11,November,Nov,Q4,4,2021,2021 Q4,2021-11,No,No,No,No,No,No,Yes
20211108,44508,8,Monday,1,45,11,November,Nov,Q4,4,2021,2021 Q4,2021-11,No,No,No,No,No,No,No
20211109,44509,9,Tuesday,2,45,11,November,Nov,Q4,4,2021,2021 Q4,2021-11,No,No,No,No,No,No,No
20211110,44510,10,Wednesday,3,45,11,November,Nov,Q4,4,2021,2021 Q4,2021-11,No,No,No,No,No,No,No
20211111,44511,11,Thursday,4,45,11,November,Nov,Q4,4,2021,2021 Q4,2021-11,No,No,No,No,No,No,No
20211112,44512,12,Friday,5,45,11,November,Nov,Q4,4,2021,2021 Q4,2021-11,No,No,No,No,No,No,No
20211113,44513,13,Saturday,6,45,11,November,Nov,Q4,4,2021,2021 Q4,2021-11,No,No,No,No,No,No,Yes
20211114,44514,14,Sunday,7,45,11,November,Nov,Q4,4,2021,2021 Q4,2021-11,No,No,No,No,No,No,Yes
20211115,44515,15,Monday,1,46,11,November,Nov,Q4,4,2021,2021 Q4,2021-11,No,No,No,No,No,No,No
20211116,44516,16,Tuesday,2,46,11,November,Nov,Q4,4,2021,2021 Q4,2021-11,No,No,No,No,No,No,No
20211117,44517,17,Wednesday,3,46,11,November,Nov,Q4,4,2021,2021 Q4,2021-11,No,No,No,No,No,No,No
20211118,44518,18,Thursday,4,46,11,November,Nov,Q4,4,2021,2021 Q4,2021-11,No,No,No,No,No,No,No
20211119,44519,19,Friday,5,46,11,November,Nov,Q4,4,2021,2021 Q4,2021-11,No,No,No,No,No,No,No
20211120,44520,20,Saturday,6,46,11,November,Nov,Q4,4,2021,2021 Q4,2021-11,No,No,No,No,No,No,Yes
20211121,44521,21,Sunday,7,46,11,November,Nov,Q4,4,2021,2021 Q4,2021-11,No,No,No,No,No,No,Yes
20211122,44522,22,Monday,1,47,11,November,Nov,Q4,4,2021,2021 Q4,2021-11,No,No,No,No,No,No,No
20211123,44523,23,Tuesday,2,47,11,November,Nov,Q4,4,2021,2021 Q4,2021-11,No,No,No,No,No,No,No
20211124,44524,24,Wednesday,3,47,11,November,Nov,Q4,4,2021,2021 Q4,2021-11,No,No,No,No,No,No,No
20211125,44525,25,Thursday,4,47,11,November,Nov,Q4,4,2021,2021 Q4,2021-11,No,No,No,No,No,No,No
20211126,44526,26,Friday,5,47,11,November,Nov,Q4,4,2021,2021 Q4,2021-11,No,No,No,No,No,No,No
20211127,44527,27,Saturday,6,47,11,November,Nov,Q4,4,2021,2021 Q4,2021-11,No,No,No,No,No,No,Yes
20211128,44528,28,Sunday,7,47,11,November,Nov,Q4,4,2021,2021 Q4,2021-11,No,No,No,No,No,No,Yes
20211129,44529,29,Monday,1,48,11,November,Nov,Q4,4,2021,2021 Q4,2021-11,No,No,No,No,No,No,No
20211130,44530,30,Tuesday,2,48,11,November,Nov,Q4,4,2021,2021 Q4,2021-11,No,Yes,No,No,No,No,No
20211201,44531,1,Wednesday,3,48,12,December,Dec,Q4,4,2021,2021 Q4,2021-12,Yes,No,No,No,No,No,No
20211202,44532,2,Thursday,4,48,12,December,Dec,Q4,4,2021,2021 Q4,2021-12,No,No,No,No,No,No,No
20211203,44533,3,Friday,5,48,12,December,Dec,Q4,4,2021,2021 Q4,2021-12,No,No,No,No,No,No,No
20211204,44534,4,Saturday,6,48,12,December,Dec,Q4,4,2021,2021 Q4,2021-12,No,No,No,No,No,No,Yes
20211205,44535,5,Sunday,7,48,12,December,Dec,Q4,4,2021,2021 Q4,2021-12,No,No,No,No,No,No,Yes
20211206,44536,6,Monday,1,49,12,December,Dec,Q4,4,2021,2021 Q4,2021-12,No,No,No,No,No,No,No
20211207,44537,7,Tuesday,2,49,12,December,Dec,Q4,4,2021,2021 Q4,2021-12,No,No,No,No,No,No,No
20211208,44538,8,Wednesday,3,49,12,December,Dec,Q4,4,2021,2021 Q4,2021-12,No,No,No,No,No,No,No
20211209,44539,9,Thursday,4,49,12,December,Dec,Q4,4,2021,2021 Q4,2021-12,No,No,No,No,No,No,No
20211210,44540,10,Friday,5,49,12,December,Dec,Q4,4,2021,2021 Q4,2021-12,No,No,No,No,No,No,No
20211211,44541,11,Saturday,6,49,12,December,Dec,Q4,4,2021,2021 Q4,2021-12,No,No,No,No,No,No,Yes
20211212,44542,12,Sunday,7,49,12,December,Dec,Q4,4,2021,2021 Q4,2021-12,No,No,No,No,No,No,Yes
20211213,44543,13,Monday,1,50,12,December,Dec,Q4,4,2021,2021 Q4,2021-12,No,No,No,No,No,No,No
20211214,44544,14,Tuesday,2,50,12,December,Dec,Q4,4,2021,2021 Q4,2021-12,No,No,No,No,No,No,No
20211215,44545,15,Wednesday,3,50,12,December,Dec,Q4,4,2021,2021 Q4,2021-12,No,No,No,No,No,No,No
20211216,44546,16,Thursday,4,50,12,December,Dec,Q4,4,2021,2021 Q4,2021-12,No,No,No,No,No,No,No
20211217,44547,17,Friday,5,50,12,December,Dec,Q4,4,2021,2021 Q4,2021-12,No,No,No,No,No,No,No
20211218,44548,18,Saturday,6,50,12,December,Dec,Q4,4,2021,2021 Q4,2021-12,No,No,No,No,No,No,Yes
20211219,44549,19,Sunday,7,50,12,December,Dec,Q4,4,2021,2021 Q4,2021-12,No,No,No,No,No,No,Yes
20211220,44550,20,Monday,1,51,12,December,Dec,Q4,4,2021,2021 Q4,2021-12,No,No,No,No,No,No,No
20211221,44551,21,Tuesday,2,51,12,December,Dec,Q4,4,2021,2021 Q4,2021-12,No,No,No,No,No,No,No
20211222,44552,22,Wednesday,3,51,12,December,Dec,Q4,4,2021,2021 Q4,2021-12,No,No,No,No,No,No,No
20211223,44553,23,Thursday,4,51,12,December,Dec,Q4,4,2021,2021 Q4,2021-12,No,No,No,No,No,No,No
20211224,44554,24,Friday,5,51,12,December,Dec,Q4,4,2021,2021 Q4,2021-12,No,No,No,No,No,No,No
20211225,44555,25,Saturday,6,51,12,December,Dec,Q4,4,2021,2021 Q4,2021-12,No,No,No,No,No,No,Yes
20211226,44556,26,Sunday,7,51,12,December,Dec,Q4,4,2021,2021 Q4,2021-12,No,No,No,No,No,No,Yes
20211227,44557,27,Monday,1,52,12,December,Dec,Q4,4,2021,2021 Q4,2021-12,No,No,No,No,No,No,No
20211228,44558,28,Tuesday,2,52,12,December,Dec,Q4,4,2021,2021 Q4,2021-12,No,No,No,No,No,No,No
20211229,44559,29,Wednesday,3,52,12,December,Dec,Q4,4,2021,2021 Q4,2021-12,No,No,No,No,No,No,No
20211230,44560,30,Thursday,4,52,12,December,Dec,Q4,4,2021,2021 Q4,2021-12,No,No,No,No,No,No,No
20211231,44561,31,Friday,5,52,12,December,Dec,Q4,4,2021,2021 Q4,2021-12,No,Yes,No,Yes,No,Yes,No
20220101,44562,1,Saturday,6,52,1,January,Jan,Q1,1,2022,2022 Q1,2022-01,Yes,No,Yes,No,Yes,No,Yes
20220102,44563,2,Sunday,7,52,1,January,Jan,Q1,1,2022,2022 Q1,2022-01,No,No,No,No,No,No,Yes
20220103,44564,3,Monday,1,1,1,January,Jan,Q1,1,2022,2022 Q1,2022-01,No,No,No,No,No,No,No
20220104,44565,4,Tuesday,2,1,1,January,Jan,Q1,1,2022,2022 Q1,2022-01,No,No,No,No,No,No,No
20220105,44566,5,Wednesday,3,1,1,January,Jan,Q1,1,2022,2022 Q1,2022-01,No,No,No,No,No,No,No
20220106,44567,6,Thursday,4,1,1,January,Jan,Q1,1,2022,2022 Q1,2022-01,No,No,No,No,No,No,No
20220107,44568,7,Friday,5,1,1,January,Jan,Q1,1,2022,2022 Q1,2022-01,No,No,No,No,No,No,No
20220108,44569,8,Saturday,6,1,1,January,Jan,Q1,1,2022,2022 Q1,2022-01,No,No,No,No,No,No,Yes
20220109,44570,9,Sunday,7,1,1,January,Jan,Q1,1,2022,2022 Q1,2022-01,No,No,No,No,No,No,Yes
20220110,44571,10,Monday,1,2,1,January,Jan,Q1,1,2022,2022 Q1,2022-01,No,No,No,No,No,No,No
20220111,44572,11,Tuesday,2,2,1,January,Jan,Q1,1,2022,2022 Q1,2022-01,No,No,No,No,No,No,No
20220112,44573,12,Wednesday,3,2,1,January,Jan,Q1,1,2022,2022 Q1,2022-01,No,No,No,No,No,No,No
20220113,44574,13,Thursday,4,2,1,January,Jan,Q1,1,2022,2022 Q1,2022-01,No,No,No,No,No,No,No
20220114,44575,14,Friday,5,2,1,January,Jan,Q1,1,2022,2022 Q1,2022-01,No,No,No,No,No,No,No
20220115,44576,15,Saturday,6,2,1,January,Jan,Q1,1,2022,2022 Q1,2022-01,No,No,No,No,No,No,Yes
20220116,44577,16,Sunday,7,2,1,January,Jan,Q1,1,2022,2022 Q1,2022-01,No,No,No,No,No,No,Yes
20220117,44578,17,Monday,1,3,1,January,Jan,Q1,1,2022,2022 Q1,2022-01,No,No,No,No,No,No,No
20220118,44579,18,Tuesday,2,3,1,January,Jan,Q1,1,2022,2022 Q1,2022-01,No,No,No,No,No,No,No
20220119,44580,19,Wednesday,3,3,1,January,Jan,Q1,1,2022,2022 Q1,2022-01,No,No,No,No,No,No,No
20220120,44581,20,Thursday,4,3,1,January,Jan,Q1,1,2022,2022 Q1,2022-01,No,No,No,No,No,No,No
20220121,44582,21,Friday,5,3,1,January,Jan,Q1,1,2022,2022 Q1,2022-01,No,No,No,No,No,No,No
20220122,44583,22,Saturday,6,3,1,January,Jan,Q1,1,2022,2022 Q1,2022-01,No,No,No,No,No,No,Yes
20220123,44584,23,Sunday,7,3,1,January,Jan,Q1,1,2022,2022 Q1,2022-01,No,No,No,No,No,No,Yes
20220124,44585,24,Monday,1,4,1,January,Jan,Q1,1,2022,2022 Q1,2022-01,No,No,No,No,No,No,No
20220125,44586,25,Tuesday,2,4,1,January,Jan,Q1,1,2022,2022 Q1,2022-01,No,No,No,No,No,No,No
20220126,44587,26,Wednesday,3,4,1,January,Jan,Q1,1,2022,2022 Q1,2022-01,No,No,No,No,No,No,No
20220127,44588,27,Thursday,4,4,1,January,Jan,Q1,1,2022,2022 Q1,2022-01,No,No,No,No,No,No,No
20220128,44589,28,Friday,5,4,1,January,Jan,Q1,1,2022,2022 Q1,2022-01,No,No,No,No,No,No,No
20220129,44590,29,Saturday,6,4,1,January,Jan,Q1,1,2022,2022 Q1,2022-01,No,No,No,No,No,No,Yes
20220130,44591,30,Sunday,7,4,1,January,Jan,Q1,1,2022,2022 Q1,2022-01,No,No,No,No,No,No,Yes
20220131,44592,31,Monday,1,5,1,January,Jan,Q1,1,2022,2022 Q1,2022-01,No,Yes,No,No,No,No,No
20220201,44593,1,Tuesday,2,5,2,February,Feb,Q1,1,2022,2022 Q1,2022-02,Yes,No,No,No,No,No,No
20220202,44594,2,Wednesday,3,5,2,February,Feb,Q1,1,2022,2022 Q1,2022-02,No,No,No,No,No,No,No
20220203,44595,3,Thursday,4,5,2,February,Feb,Q1,1,2022,2022 Q1,2022-02,No,No,No,No,No,No,No
20220204,44596,4,Friday,5,5,2,February,Feb,Q1,1,2022,2022 Q1,2022-02,No,No,No,No,No,No,No
20220205,44597,5,Saturday,6,5,2,February,Feb,Q1,1,2022,2022 Q1,2022-02,No,No,No,No,No,No,Yes
20220206,44598,6,Sunday,7,5,2,February,Feb,Q1,1,2022,2022 Q1,2022-02,No,No,No,No,No,No,Yes
20220207,44599,7,Monday,1,6,2,February,Feb,Q1,1,2022,2022 Q1,2022-02,No,No,No,No,No,No,No
20220208,44600,8,Tuesday,2,6,2,February,Feb,Q1,1,2022,2022 Q1,2022-02,No,No,No,No,No,No,No
20220209,44601,9,Wednesday,3,6,2,February,Feb,Q1,1,2022,2022 Q1,2022-02,No,No,No,No,No,No,No
20220210,44602,10,Thursday,4,6,2,February,Feb,Q1,1,2022,2022 Q1,2022-02,No,No,No,No,No,No,No
20220211,44603,11,Friday,5,6,2,February,Feb,Q1,1,2022,2022 Q1,2022-02,No,No,No,No,No,No,No
20220212,44604,12,Saturday,6,6,2,February,Feb,Q1,1,2022,2022 Q1,2022-02,No,No,No,No,No,No,Yes
20220213,44605,13,Sunday,7,6,2,February,Feb,Q1,1,2022,2022 Q1,2022-02,No,No,No,No,No,No,Yes
20220214,44606,14,Monday,1,7,2,February,Feb,Q1,1,2022,2022 Q1,2022-02,No,No,No,No,No,No,No
20220215,44607,15,Tuesday,2,7,2,February,Feb,Q1,1,2022,2022 Q1,2022-02,No,No,No,No,No,No,No
20220216,44608,16,Wednesday,3,7,2,February,Feb,Q1,1,2022,2022 Q1,2022-02,No,No,No,No,No,No,No
20220217,44609,17,Thursday,4,7,2,February,Feb,Q1,1,2022,2022 Q1,2022-02,No,No,No,No,No,No,No
20220218,44610,18,Friday,5,7,2,February,Feb,Q1,1,2022,2022 Q1,2022-02,No,No,No,No,No,No,No
20220219,44611,19,Saturday,6,7,2,February,Feb,Q1,1,2022,2022 Q1,2022-02,No,No,No,No,No,No,Yes
20220220,44612,20,Sunday,7,7,2,February,Feb,Q1,1,2022,2022 Q1,2022-02,No,No,No,No,No,No,Yes
20220221,44613,21,Monday,1,8,2,February,Feb,Q1,1,2022,2022 Q1,2022-02,No,No,No,No,No,No,No
20220222,44614,22,Tuesday,2,8,2,February,Feb,Q1,1,2022,2022 Q1,2022-02,No,No,No,No,No,No,No
20220223,44615,23,Wednesday,3,8,2,February,Feb,Q1,1,2022,2022 Q1,2022-02,No,No,No,No,No,No,No
20220224,44616,24,Thursday,4,8,2,February,Feb,Q1,1,2022,2022 Q1,2022-02,No,No,No,No,No,No,No
20220225,44617,25,Friday,5,8,2,February,Feb,Q1,1,2022,2022 Q1,2022-02,No,No,No,No,No,No,No
20220226,44618,26,Saturday,6,8,2,February,Feb,Q1,1,2022,2022 Q1,2022-02,No,No,No,No,No,No,Yes
20220227,44619,27,Sunday,7,8,2,February,Feb,Q1,1,2022,2022 Q1,2022-02,No,No,No,No,No,No,Yes
20220228,44620,28,Monday,1,9,2,February,Feb,Q1,1,2022,2022 Q1,2022-02,No,Yes,No,No,No,No,No
20220301,44621,1,Tuesday,2,9,3,March,Mar,Q1,1,2022,2022 Q1,2022-03,Yes,No,No,No,No,No,No
20220302,44622,2,Wednesday,3,9,3,March,Mar,Q1,1,2022,2022 Q1,2022-03,No,No,No,No,No,No,No
20220303,44623,3,Thursday,4,9,3,March,Mar,Q1,1,2022,2022 Q1,2022-03,No,No,No,No,No,No,No
20220304,44624,4,Friday,5,9,3,March,Mar,Q1,1,2022,2022 Q1,2022-03,No,No,No,No,No,No,No
20220305,44625,5,Saturday,6,9,3,March,Mar,Q1,1,2022,2022 Q1,2022-03,No,No,No,No,No,No,Yes
20220306,44626,6,Sunday,7,9,3,March,Mar,Q1,1,2022,2022 Q1,2022-03,No,No,No,No,No,No,Yes
20220307,44627,7,Monday,1,10,3,March,Mar,Q1,1,2022,2022 Q1,2022-03,No,No,No,No,No,No,No
20220308,44628,8,Tuesday,2,10,3,March,Mar,Q1,1,2022,2022 Q1,2022-03,No,No,No,No,No,No,No
20220309,44629,9,Wednesday,3,10,3,March,Mar,Q1,1,2022,2022 Q1,2022-03,No,No,No,No,No,No,No
20220310,44630,10,Thursday,4,10,3,March,Mar,Q1,1,2022,2022 Q1,2022-03,No,No,No,No,No,No,No
20220311,44631,11,Friday,5,10,3,March,Mar,Q1,1,2022,2022 Q1,2022-03,No,No,No,No,No,No,No
20220312,44632,12,Saturday,6,10,3,March,Mar,Q1,1,2022,2022 Q1,2022-03,No,No,No,No,No,No,Yes
20220313,44633,13,Sunday,7,10,3,March,Mar,Q1,1,2022,2022 Q1,2022-03,No,No,No,No,No,No,Yes
20220314,44634,14,Monday,1,11,3,March,Mar,Q1,1,2022,2022 Q1,2022-03,No,No,No,No,No,No,No
20220315,44635,15,Tuesday,2,11,3,March,Mar,Q1,1,2022,2022 Q1,2022-03,No,No,No,No,No,No,No
20220316,44636,16,Wednesday,3,11,3,March,Mar,Q1,1,2022,2022 Q1,2022-03,No,No,No,No,No,No,No
20220317,44637,17,Thursday,4,11,3,March,Mar,Q1,1,2022,2022 Q1,2022-03,No,No,No,No,No,No,No
20220318,44638,18,Friday,5,11,3,March,Mar,Q1,1,2022,2022 Q1,2022-03,No,No,No,No,No,No,No
20220319,44639,19,Saturday,6,11,3,March,Mar,Q1,1,2022,2022 Q1,2022-03,No,No,No,No,No,No,Yes
20220320,44640,20,Sunday,7,11,3,March,Mar,Q1,1,2022,2022 Q1,2022-03,No,No,No,No,No,No,Yes
20220321,44641,21,Monday,1,12,3,March,Mar,Q1,1,2022,2022 Q1,2022-03,No,No,No,No,No,No,No
20220322,44642,22,Tuesday,2,12,3,March,Mar,Q1,1,2022,2022 Q1,2022-03,No,No,No,No,No,No,No
20220323,44643,23,Wednesday,3,12,3,March,Mar,Q1,1,2022,2022 Q1,2022-03,No,No,No,No,No,No,No
20220324,44644,24,Thursday,4,12,3,March,Mar,Q1,1,2022,2022 Q1,2022-03,No,No,No,No,No,No,No
20220325,44645,25,Friday,5,12,3,March,Mar,Q1,1,2022,2022 Q1,2022-03,No,No,No,No,No,No,No
20220326,44646,26,Saturday,6,12,3,March,Mar,Q1,1,2022,2022 Q1,2022-03,No,No,No,No,No,No,Yes
20220327,44647,27,Sunday,7,12,3,March,Mar,Q1,1,2022,2022 Q1,2022-03,No,No,No,No,No,No,Yes
20220328,44648,28,Monday,1,13,3,March,Mar,Q1,1,2022,2022 Q1,2022-03,No,No,No,No,No,No,No
20220329,44649,29,Tuesday,2,13,3,March,Mar,Q1,1,2022,2022 Q1,2022-03,No,No,No,No,No,No,No
20220330,44650,30,Wednesday,3,13,3,March,Mar,Q1,1,2022,2022 Q1,2022-03,No,No,No,No,No,No,No
20220331,44651,31,Thursday,4,13,3,March,Mar,Q1,1,2022,2022 Q1,2022-03,No,Yes,No,Yes,No,No,No
20220401,44652,1,Friday,5,13,4,April,Apr,Q2,2,2022,2022 Q2,2022-04,Yes,No,Yes,No,No,No,No
20220402,44653,2,Saturday,6,13,4,April,Apr,Q2,2,2022,2022 Q2,2022-04,No,No,No,No,No,No,Yes
20220403,44654,3,Sunday,7,13,4,April,Apr,Q2,2,2022,2022 Q2,2022-04,No,No,No,No,No,No,Yes
20220404,44655,4,Monday,1,14,4,April,Apr,Q2,2,2022,2022 Q2,2022-04,No,No,No,No,No,No,No
20220405,44656,5,Tuesday,2,14,4,April,Apr,Q2,2,2022,2022 Q2,2022-04,No,No,No,No,No,No,No
20220406,44657,6,Wednesday,3,14,4,April,Apr,Q2,2,2022,2022 Q2,2022-04,No,No,No,No,No,No,No
20220407,44658,7,Thursday,4,14,4,April,Apr,Q2,2,2022,2022 Q2,2022-04,No,No,No,No,No,No,No
20220408,44659,8,Friday,5,14,4,April,Apr,Q2,2,2022,2022 Q2,2022-04,No,No,No,No,No,No,No
20220409,44660,9,Saturday,6,14,4,April,Apr,Q2,2,2022,2022 Q2,2022-04,No,No,No,No,No,No,Yes
20220410,44661,10,Sunday,7,14,4,April,Apr,Q2,2,2022,2022 Q2,2022-04,No,No,No,No,No,No,Yes
20220411,44662,11,Monday,1,15,4,April,Apr,Q2,2,2022,2022 Q2,2022-04,No,No,No,No,No,No,No
20220412,44663,12,Tuesday,2,15,4,April,Apr,Q2,2,2022,2022 Q2,2022-04,No,No,No,No,No,No,No
20220413,44664,13,Wednesday,3,15,4,April,Apr,Q2,2,2022,2022 Q2,2022-04,No,No,No,No,No,No,No
20220414,44665,14,Thursday,4,15,4,April,Apr,Q2,2,2022,2022 Q2,2022-04,No,No,No,No,No,No,No
20220415,44666,15,Friday,5,15,4,April,Apr,Q2,2,2022,2022 Q2,2022-04,No,No,No,No,No,No,No
20220416,44667,16,Saturday,6,15,4,April,Apr,Q2,2,2022,2022 Q2,2022-04,No,No,No,No,No,No,Yes
20220417,44668,17,Sunday,7,15,4,April,Apr,Q2,2,2022,2022 Q2,2022-04,No,No,No,No,No,No,Yes
20220418,44669,18,Monday,1,16,4,April,Apr,Q2,2,2022,2022 Q2,2022-04,No,No,No,No,No,No,No
20220419,44670,19,Tuesday,2,16,4,April,Apr,Q2,2,2022,2022 Q2,2022-04,No,No,No,No,No,No,No
20220420,44671,20,Wednesday,3,16,4,April,Apr,Q2,2,2022,2022 Q2,2022-04,No,No,No,No,No,No,No
20220421,44672,21,Thursday,4,16,4,April,Apr,Q2,2,2022,2022 Q2,2022-04,No,No,No,No,No,No,No
20220422,44673,22,Friday,5,16,4,April,Apr,Q2,2,2022,2022 Q2,2022-04,No,No,No,No,No,No,No
20220423,44674,23,Saturday,6,16,4,April,Apr,Q2,2,2022,2022 Q2,2022-04,No,No,No,No,No,No,Yes
20220424,44675,24,Sunday,7,16,4,April,Apr,Q2,2,2022,2022 Q2,2022-04,No,No,No,No,No,No,Yes
20220425,44676,25,Monday,1,17,4,April,Apr,Q2,2,2022,2022 Q2,2022-04,No,No,No,No,No,No,No
20220426,44677,26,Tuesday,2,17,4,April,Apr,Q2,2,2022,2022 Q2,2022-04,No,No,No,No,No,No,No
20220427,44678,27,Wednesday,3,17,4,April,Apr,Q2,2,2022,2022 Q2,2022-04,No,No,No,No,No,No,No
20220428,44679,28,Thursday,4,17,4,April,Apr,Q2,2,2022,2022 Q2,2022-04,No,No,No,No,No,No,No
20220429,44680,29,Friday,5,17,4,April,Apr,Q2,2,2022,2022 Q2,2022-04,No,No,No,No,No,No,No
20220430,44681,30,Saturday,6,17,4,April,Apr,Q2,2,2022,2022 Q2,2022-04,No,Yes,No,No,No,No,Yes
20220501,44682,1,Sunday,7,17,5,May,May,Q2,2,2022,2022 Q2,2022-05,Yes,No,No,No,No,No,Yes
20220502,44683,2,Monday,1,18,5,May,May,Q2,2,2022,2022 Q2,2022-05,No,No,No,No,No,No,No
20220503,44684,3,Tuesday,2,18,5,May,May,Q2,2,2022,2022 Q2,2022-05,No,No,No,No,No,No,No
20220504,44685,4,Wednesday,3,18,5,May,May,Q2,2,2022,2022 Q2,2022-05,No,No,No,No,No,No,No
20220505,44686,5,Thursday,4,18,5,May,May,Q2,2,2022,2022 Q2,2022-05,No,No,No,No,No,No,No
20220506,44687,6,Friday,5,18,5,May,May,Q2,2,2022,2022 Q2,2022-05,No,No,No,No,No,No,No
20220507,44688,7,Saturday,6,18,5,May,May,Q2,2,2022,2022 Q2,2022-05,No,No,No,No,No,No,Yes
20220508,44689,8,Sunday,7,18,5,May,May,Q2,2,2022,2022 Q2,2022-05,No,No,No,No,No,No,Yes
20220509,44690,9,Monday,1,19,5,May,May,Q2,2,2022,2022 Q2,2022-05,No,No,No,No,No,No,No
20220510,44691,10,Tuesday,2,19,5,May,May,Q2,2,2022,2022 Q2,2022-05,No,No,No,No,No,No,No
20220511,44692,11,Wednesday,3,19,5,May,May,Q2,2,2022,2022 Q2,2022-05,No,No,No,No,No,No,No
20220512,44693,12,Thursday,4,19,5,May,May,Q2,2,2022,2022 Q2,2022-05,No,No,No,No,No,No,No
20220513,44694,13,Friday,5,19,5,May,May,Q2,2,2022,2022 Q2,2022-05,No,No,No,No,No,No,No
20220514,44695,14,Saturday,6,19,5,May,May,Q2,2,2022,2022 Q2,2022-05,No,No,No,No,No,No,Yes
20220515,44696,15,Sunday,7,19,5,May,May,Q2,2,2022,2022 Q2,2022-05,No,No,No,No,No,No,Yes
20220516,44697,16,Monday,1,20,5,May,May,Q2,2,2022,2022 Q2,2022-05,No,No,No,No,No,No,No
20220517,44698,17,Tuesday,2,20,5,May,May,Q2,2,2022,2022 Q2,2022-05,No,No,No,No,No,No,No
20220518,44699,18,Wednesday,3,20,5,May,May,Q2,2,2022,2022 Q2,2022-05,No,No,No,No,No,No,No
20220519,44700,19,Thursday,4,20,5,May,May,Q2,2,2022,2022 Q2,2022-05,No,No,No,No,No,No,No
20220520,44701,20,Friday,5,20,5,May,May,Q2,2,2022,2022 Q2,2022-05,No,No,No,No,No,No,No
20220521,44702,21,Saturday,6,20,5,May,May,Q2,2,2022,2022 Q2,2022-05,No,No,No,No,No,No,Yes
20220522,44703,22,Sunday,7,20,5,May,May,Q2,2,2022,2022 Q2,2022-05,No,No,No,No,No,No,Yes
20220523,44704,23,Monday,1,21,5,May,May,Q2,2,2022,2022 Q2,2022-05,No,No,No,No,No,No,No
20220524,44705,24,Tuesday,2,21,5,May,May,Q2,2,2022,2022 Q2,2022-05,No,No,No,No,No,No,No
20220525,44706,25,Wednesday,3,21,5,May,May,Q2,2,2022,2022 Q2,2022-05,No,No,No,No,No,No,No
20220526,44707,26,Thursday,4,21,5,May,May,Q2,2,2022,2022 Q2,2022-05,No,No,No,No,No,No,No
20220527,44708,27,Friday,5,21,5,May,May,Q2,2,2022,2022 Q2,2022-05,No,No,No,No,No,No,No
20220528,44709,28,Saturday,6,21,5,May,May,Q2,2,2022,2022 Q2,2022-05,No,No,No,No,No,No,Yes
20220529,44710,29,Sunday,7,21,5,May,May,Q2,2,2022,2022 Q2,2022-05,No,No,No,No,No,No,Yes
20220530,44711,30,Monday,1,22,5,May,May,Q2,2,2022,2022 Q2,2022-05,No,No,No,No,No,No,No
20220531,44712,31,Tuesday,2,22,5,May,May,Q2,2,2022,2022 Q2,2022-05,No,Yes,No,No,No,No,No
20220601,44713,1,Wednesday,3,22,6,June,Jun,Q2,2,2022,2022 Q2,2022-06,Yes,No,No,No,No,No,No
20220602,44714,2,Thursday,4,22,6,June,Jun,Q2,2,2022,2022 Q2,2022-06,No,No,No,No,No,No,No
20220603,44715,3,Friday,5,22,6,June,Jun,Q2,2,2022,2022 Q2,2022-06,No,No,No,No,No,No,No
20220604,44716,4,Saturday,6,22,6,June,Jun,Q2,2,2022,2022 Q2,2022-06,No,No,No,No,No,No,Yes
20220605,44717,5,Sunday,7,22,6,June,Jun,Q2,2,2022,2022 Q2,2022-06,No,No,No,No,No,No,Yes
20220606,44718,6,Monday,1,23,6,June,Jun,Q2,2,2022,2022 Q2,2022-06,No,No,No,No,No,No,No
20220607,44719,7,Tuesday,2,23,6,June,Jun,Q2,2,2022,2022 Q2,2022-06,No,No,No,No,No,No,No
20220608,44720,8,Wednesday,3,23,6,June,Jun,Q2,2,2022,2022 Q2,2022-06,No,No,No,No,No,No,No
20220609,44721,9,Thursday,4,23,6,June,Jun,Q2,2,2022,2022 Q2,2022-06,No,No,No,No,No,No,No
20220610,44722,10,Friday,5,23,6,June,Jun,Q2,2,2022,2022 Q2,2022-06,No,No,No,No,No,No,No
20220611,44723,11,Saturday,6,23,6,June,Jun,Q2,2,2022,2022 Q2,2022-06,No,No,No,No,No,No,Yes
20220612,44724,12,Sunday,7,23,6,June,Jun,Q2,2,2022,2022 Q2,2022-06,No,No,No,No,No,No,Yes
20220613,44725,13,Monday,1,24,6,June,Jun,Q2,2,2022,2022 Q2,2022-06,No,No,No,No,No,No,No
20220614,44726,14,Tuesday,2,24,6,June,Jun,Q2,2,2022,2022 Q2,2022-06,No,No,No,No,No,No,No
20220615,44727,15,Wednesday,3,24,6,June,Jun,Q2,2,2022,2022 Q2,2022-06,No,No,No,No,No,No,No
20220616,44728,16,Thursday,4,24,6,June,Jun,Q2,2,2022,2022 Q2,2022-06,No,No,No,No,No,No,No
20220617,44729,17,Friday,5,24,6,June,Jun,Q2,2,2022,2022 Q2,2022-06,No,No,No,No,No,No,No
20220618,44730,18,Saturday,6,24,6,June,Jun,Q2,2,2022,2022 Q2,2022-06,No,No,No,No,No,No,Yes
20220619,44731,19,Sunday,7,24,6,June,Jun,Q2,2,2022,2022 Q2,2022-06,No,No,No,No,No,No,Yes
20220620,44732,20,Monday,1,25,6,June,Jun,Q2,2,2022,2022 Q2,2022-06,No,No,No,No,No,No,No
20220621,44733,21,Tuesday,2,25,6,June,Jun,Q2,2,2022,2022 Q2,2022-06,No,No,No,No,No,No,No
20220622,44734,22,Wednesday,3,25,6,June,Jun,Q2,2,2022,2022 Q2,2022-06,No,No,No,No,No,No,No
20220623,44735,23,Thursday,4,25,6,June,Jun,Q2,2,2022,2022 Q2,2022-06,No,No,No,No,No,No,No
20220624,44736,24,Friday,5,25,6,June,Jun,Q2,2,2022,2022 Q2,2022-06,No,No,No,No,No,No,No
20220625,44737,25,Saturday,6,25,6,June,Jun,Q2,2,2022,2022 Q2,2022-06,No,No,No,No,No,No,Yes
20220626,44738,26,Sunday,7,25,6,June,Jun,Q2,2,2022,2022 Q2,2022-06,No,No,No,No,No,No,Yes
20220627,44739,27,Monday,1,26,6,June,Jun,Q2,2,2022,2022 Q2,2022-06,No,No,No,No,No,No,No
20220628,44740,28,Tuesday,2,26,6,June,Jun,Q2,2,2022,2022 Q2,2022-06,No,No,No,No,No,No,No
20220629,44741,29,Wednesday,3,26,6,June,Jun,Q2,2,2022,2022 Q2,2022-06,No,No,No,No,No,No,No
20220630,44742,30,Thursday,4,26,6,June,Jun,Q2,2,2022,2022 Q2,2022-06,No,Yes,No,Yes,No,No,No
20220701,44743,1,Friday,5,26,7,July,Jul,Q3,3,2022,2022 Q3,2022-07,Yes,No,Yes,No,No,No,No
20220702,44744,2,Saturday,6,26,7,July,Jul,Q3,3,2022,2022 Q3,2022-07,No,No,No,No,No,No,Yes
20220703,44745,3,Sunday,7,26,7,July,Jul,Q3,3,2022,2022 Q3,2022-07,No,No,No,No,No,No,Yes
20220704,44746,4,Monday,1,27,7,July,Jul,Q3,3,2022,2022 Q3,2022-07,No,No,No,No,No,No,No
20220705,44747,5,Tuesday,2,27,7,July,Jul,Q3,3,2022,2022 Q3,2022-07,No,No,No,No,No,No,No
20220706,44748,6,Wednesday,3,27,7,July,Jul,Q3,3,2022,2022 Q3,2022-07,No,No,No,No,No,No,No
20220707,44749,7,Thursday,4,27,7,July,Jul,Q3,3,2022,2022 Q3,2022-07,No,No,No,No,No,No,No
20220708,44750,8,Friday,5,27,7,July,Jul,Q3,3,2022,2022 Q3,2022-07,No,No,No,No,No,No,No
20220709,44751,9,Saturday,6,27,7,July,Jul,Q3,3,2022,2022 Q3,2022-07,No,No,No,No,No,No,Yes
20220710,44752,10,Sunday,7,27,7,July,Jul,Q3,3,2022,2022 Q3,2022-07,No,No,No,No,No,No,Yes
20220711,44753,11,Monday,1,28,7,July,Jul,Q3,3,2022,2022 Q3,2022-07,No,No,No,No,No,No,No
20220712,44754,12,Tuesday,2,28,7,July,Jul,Q3,3,2022,2022 Q3,2022-07,No,No,No,No,No,No,No
20220713,44755,13,Wednesday,3,28,7,July,Jul,Q3,3,2022,2022 Q3,2022-07,No,No,No,No,No,No,No
20220714,44756,14,Thursday,4,28,7,July,Jul,Q3,3,2022,2022 Q3,2022-07,No,No,No,No,No,No,No
20220715,44757,15,Friday,5,28,7,July,Jul,Q3,3,2022,2022 Q3,2022-07,No,No,No,No,No,No,No
20220716,44758,16,Saturday,6,28,7,July,Jul,Q3,3,2022,2022 Q3,2022-07,No,No,No,No,No,No,Yes
20220717,44759,17,Sunday,7,28,7,July,Jul,Q3,3,2022,2022 Q3,2022-07,No,No,No,No,No,No,Yes
20220718,44760,18,Monday,1,29,7,July,Jul,Q3,3,2022,2022 Q3,2022-07,No,No,No,No,No,No,No
20220719,44761,19,Tuesday,2,29,7,July,Jul,Q3,3,2022,2022 Q3,2022-07,No,No,No,No,No,No,No
20220720,44762,20,Wednesday,3,29,7,July,Jul,Q3,3,2022,2022 Q3,2022-07,No,No,No,No,No,No,No
20220721,44763,21,Thursday,4,29,7,July,Jul,Q3,3,2022,2022 Q3,2022-07,No,No,No,No,No,No,No
20220722,44764,22,Friday,5,29,7,July,Jul,Q3,3,2022,2022 Q3,2022-07,No,No,No,No,No,No,No
20220723,44765,23,Saturday,6,29,7,July,Jul,Q3,3,2022,2022 Q3,2022-07,No,No,No,No,No,No,Yes
20220724,44766,24,Sunday,7,29,7,July,Jul,Q3,3,2022,2022 Q3,2022-07,No,No,No,No,No,No,Yes
20220725,44767,25,Monday,1,30,7,July,Jul,Q3,3,2022,2022 Q3,2022-07,No,No,No,No,No,No,No
20220726,44768,26,Tuesday,2,30,7,July,Jul,Q3,3,2022,2022 Q3,2022-07,No,No,No,No,No,No,No
20220727,44769,27,Wednesday,3,30,7,July,Jul,Q3,3,2022,2022 Q3,2022-07,No,No,No,No,No,No,No
20220728,44770,28,Thursday,4,30,7,July,Jul,Q3,3,2022,2022 Q3,2022-07,No,No,No,No,No,No,No
20220729,44771,29,Friday,5,30,7,July,Jul,Q3,3,2022,2022 Q3,2022-07,No,No,No,No,No,No,No
20220730,44772,30,Saturday,6,30,7,July,Jul,Q3,3,2022,2022 Q3,2022-07,No,No,No,No,No,No,Yes
20220731,44773,31,Sunday,7,30,7,July,Jul,Q3,3,2022,2022 Q3,2022-07,No,Yes,No,No,No,No,Yes
20220801,44774,1,Monday,1,31,8,August,Aug,Q3,3,2022,2022 Q3,2022-08,Yes,No,No,No,No,No,No
20220802,44775,2,Tuesday,2,31,8,August,Aug,Q3,3,2022,2022 Q3,2022-08,No,No,No,No,No,No,No
20220803,44776,3,Wednesday,3,31,8,August,Aug,Q3,3,2022,2022 Q3,2022-08,No,No,No,No,No,No,No
20220804,44777,4,Thursday,4,31,8,August,Aug,Q3,3,2022,2022 Q3,2022-08,No,No,No,No,No,No,No
20220805,44778,5,Friday,5,31,8,August,Aug,Q3,3,2022,2022 Q3,2022-08,No,No,No,No,No,No,No
20220806,44779,6,Saturday,6,31,8,August,Aug,Q3,3,2022,2022 Q3,2022-08,No,No,No,No,No,No,Yes
20220807,44780,7,Sunday,7,31,8,August,Aug,Q3,3,2022,2022 Q3,2022-08,No,No,No,No,No,No,Yes
20220808,44781,8,Monday,1,32,8,August,Aug,Q3,3,2022,2022 Q3,2022-08,No,No,No,No,No,No,No
20220809,44782,9,Tuesday,2,32,8,August,Aug,Q3,3,2022,2022 Q3,2022-08,No,No,No,No,No,No,No
20220810,44783,10,Wednesday,3,32,8,August,Aug,Q3,3,2022,2022 Q3,2022-08,No,No,No,No,No,No,No
20220811,44784,11,Thursday,4,32,8,August,Aug,Q3,3,2022,2022 Q3,2022-08,No,No,No,No,No,No,No
20220812,44785,12,Friday,5,32,8,August,Aug,Q3,3,2022,2022 Q3,2022-08,No,No,No,No,No,No,No
20220813,44786,13,Saturday,6,32,8,August,Aug,Q3,3,2022,2022 Q3,2022-08,No,No,No,No,No,No,Yes
20220814,44787,14,Sunday,7,32,8,August,Aug,Q3,3,2022,2022 Q3,2022-08,No,No,No,No,No,No,Yes
20220815,44788,15,Monday,1,33,8,August,Aug,Q3,3,2022,2022 Q3,2022-08,No,No,No,No,No,No,No
20220816,44789,16,Tuesday,2,33,8,August,Aug,Q3,3,2022,2022 Q3,2022-08,No,No,No,No,No,No,No
20220817,44790,17,Wednesday,3,33,8,August,Aug,Q3,3,2022,2022 Q3,2022-08,No,No,No,No,No,No,No
20220818,44791,18,Thursday,4,33,8,August,Aug,Q3,3,2022,2022 Q3,2022-08,No,No,No,No,No,No,No
20220819,44792,19,Friday,5,33,8,August,Aug,Q3,3,2022,2022 Q3,2022-08,No,No,No,No,No,No,No
20220820,44793,20,Saturday,6,33,8,August,Aug,Q3,3,2022,2022 Q3,2022-08,No,No,No,No,No,No,Yes
20220821,44794,21,Sunday,7,33,8,August,Aug,Q3,3,2022,2022 Q3,2022-08,No,No,No,No,No,No,Yes
20220822,44795,22,Monday,1,34,8,August,Aug,Q3,3,2022,2022 Q3,2022-08,No,No,No,No,No,No,No
20220823,44796,23,Tuesday,2,34,8,August,Aug,Q3,3,2022,2022 Q3,2022-08,No,No,No,No,No,No,No
20220824,44797,24,Wednesday,3,34,8,August,Aug,Q3,3,2022,2022 Q3,2022-08,No,No,No,No,No,No,No
20220825,44798,25,Thursday,4,34,8,August,Aug,Q3,3,2022,2022 Q3,2022-08,No,No,No,No,No,No,No
20220826,44799,26,Friday,5,34,8,August,Aug,Q3,3,2022,2022 Q3,2022-08,No,No,No,No,No,No,No
20220827,44800,27,Saturday,6,34,8,August,Aug,Q3,3,2022,2022 Q3,2022-08,No,No,No,No,No,No,Yes
20220828,44801,28,Sunday,7,34,8,August,Aug,Q3,3,2022,2022 Q3,2022-08,No,No,No,No,No,No,Yes
20220829,44802,29,Monday,1,35,8,August,Aug,Q3,3,2022,2022 Q3,2022-08,No,No,No,No,No,No,No
20220830,44803,30,Tuesday,2,35,8,August,Aug,Q3,3,2022,2022 Q3,2022-08,No,No,No,No,No,No,No
20220831,44804,31,Wednesday,3,35,8,August,Aug,Q3,3,2022,2022 Q3,2022-08,No,Yes,No,No,No,No,No
20220901,44805,1,Thursday,4,35,9,September,Sep,Q3,3,2022,2022 Q3,2022-09,Yes,No,No,No,No,No,No
20220902,44806,2,Friday,5,35,9,September,Sep,Q3,3,2022,2022 Q3,2022-09,No,No,No,No,No,No,No
20220903,44807,3,Saturday,6,35,9,September,Sep,Q3,3,2022,2022 Q3,2022-09,No,No,No,No,No,No,Yes
20220904,44808,4,Sunday,7,35,9,September,Sep,Q3,3,2022,2022 Q3,2022-09,No,No,No,No,No,No,Yes
20220905,44809,5,Monday,1,36,9,September,Sep,Q3,3,2022,2022 Q3,2022-09,No,No,No,No,No,No,No
20220906,44810,6,Tuesday,2,36,9,September,Sep,Q3,3,2022,2022 Q3,2022-09,No,No,No,No,No,No,No
20220907,44811,7,Wednesday,3,36,9,September,Sep,Q3,3,2022,2022 Q3,2022-09,No,No,No,No,No,No,No
20220908,44812,8,Thursday,4,36,9,September,Sep,Q3,3,2022,2022 Q3,2022-09,No,No,No,No,No,No,No
20220909,44813,9,Friday,5,36,9,September,Sep,Q3,3,2022,2022 Q3,2022-09,No,No,No,No,No,No,No
20220910,44814,10,Saturday,6,36,9,September,Sep,Q3,3,2022,2022 Q3,2022-09,No,No,No,No,No,No,Yes
20220911,44815,11,Sunday,7,36,9,September,Sep,Q3,3,2022,2022 Q3,2022-09,No,No,No,No,No,No,Yes
20220912,44816,12,Monday,1,37,9,September,Sep,Q3,3,2022,2022 Q3,2022-09,No,No,No,No,No,No,No
20220913,44817,13,Tuesday,2,37,9,September,Sep,Q3,3,2022,2022 Q3,2022-09,No,No,No,No,No,No,No
20220914,44818,14,Wednesday,3,37,9,September,Sep,Q3,3,2022,2022 Q3,2022-09,No,No,No,No,No,No,No
20220915,44819,15,Thursday,4,37,9,September,Sep,Q3,3,2022,2022 Q3,2022-09,No,No,No,No,No,No,No
20220916,44820,16,Friday,5,37,9,September,Sep,Q3,3,2022,2022 Q3,2022-09,No,No,No,No,No,No,No
20220917,44821,17,Saturday,6,37,9,September,Sep,Q3,3,2022,2022 Q3,2022-09,No,No,No,No,No,No,Yes
20220918,44822,18,Sunday,7,37,9,September,Sep,Q3,3,2022,2022 Q3,2022-09,No,No,No,No,No,No,Yes
20220919,44823,19,Monday,1,38,9,September,Sep,Q3,3,2022,2022 Q3,2022-09,No,No,No,No,No,No,No
20220920,44824,20,Tuesday,2,38,9,September,Sep,Q3,3,2022,2022 Q3,2022-09,No,No,No,No,No,No,No
20220921,44825,21,Wednesday,3,38,9,September,Sep,Q3,3,2022,2022 Q3,2022-09,No,No,No,No,No,No,No
20220922,44826,22,Thursday,4,38,9,September,Sep,Q3,3,2022,2022 Q3,2022-09,No,No,No,No,No,No,No
20220923,44827,23,Friday,5,38,9,September,Sep,Q3,3,2022,2022 Q3,2022-09,No,No,No,No,No,No,No
20220924,44828,24,Saturday,6,38,9,September,Sep,Q3,3,2022,2022 Q3,2022-09,No,No,No,No,No,No,Yes
20220925,44829,25,Sunday,7,38,9,September,Sep,Q3,3,2022,2022 Q3,2022-09,No,No,No,No,No,No,Yes
20220926,44830,26,Monday,1,39,9,September,Sep,Q3,3,2022,2022 Q3,2022-09,No,No,No,No,No,No,No
20220927,44831,27,Tuesday,2,39,9,September,Sep,Q3,3,2022,2022 Q3,2022-09,No,No,No,No,No,No,No
20220928,44832,28,Wednesday,3,39,9,September,Sep,Q3,3,2022,2022 Q3,2022-09,No,No,No,No,No,No,No
20220929,44833,29,Thursday,4,39,9,September,Sep,Q3,3,2022,2022 Q3,2022-09,No,No,No,No,No,No,No
20220930,44834,30,Friday,5,39,9,September,Sep,Q3,3,2022,2022 Q3,2022-09,No,Yes,No,Yes,No,No,No
20221001,44835,1,Saturday,6,39,10,October,Oct,Q4,4,2022,2022 Q4,2022-10,Yes,No,Yes,No,No,No,Yes
20221002,44836,2,Sunday,7,39,10,October,Oct,Q4,4,2022,2022 Q4,2022-10,No,No,No,No,No,No,Yes
20221003,44837,3,Monday,1,40,10,October,Oct,Q4,4,2022,2022 Q4,2022-10,No,No,No,No,No,No,No
20221004,44838,4,Tuesday,2,40,10,October,Oct,Q4,4,2022,2022 Q4,2022-10,No,No,No,No,No,No,No
20221005,44839,5,Wednesday,3,40,10,October,Oct,Q4,4,2022,2022 Q4,2022-10,No,No,No,No,No,No,No
20221006,44840,6,Thursday,4,40,10,October,Oct,Q4,4,2022,2022 Q4,2022-10,No,No,No,No,No,No,No
20221007,44841,7,Friday,5,40,10,October,Oct,Q4,4,2022,2022 Q4,2022-10,No,No,No,No,No,No,No
20221008,44842,8,Saturday,6,40,10,October,Oct,Q4,4,2022,2022 Q4,2022-10,No,No,No,No,No,No,Yes
20221009,44843,9,Sunday,7,40,10,October,Oct,Q4,4,2022,2022 Q4,2022-10,No,No,No,No,No,No,Yes
20221010,44844,10,Monday,1,41,10,October,Oct,Q4,4,2022,2022 Q4,2022-10,No,No,No,No,No,No,No
20221011,44845,11,Tuesday,2,41,10,October,Oct,Q4,4,2022,2022 Q4,2022-10,No,No,No,No,No,No,No
20221012,44846,12,Wednesday,3,41,10,October,Oct,Q4,4,2022,2022 Q4,2022-10,No,No,No,No,No,No,No
20221013,44847,13,Thursday,4,41,10,October,Oct,Q4,4,2022,2022 Q4,2022-10,No,No,No,No,No,No,No
20221014,44848,14,Friday,5,41,10,October,Oct,Q4,4,2022,2022 Q4,2022-10,No,No,No,No,No,No,No
20221015,44849,15,Saturday,6,41,10,October,Oct,Q4,4,2022,2022 Q4,2022-10,No,No,No,No,No,No,Yes
20221016,44850,16,Sunday,7,41,10,October,Oct,Q4,4,2022,2022 Q4,2022-10,No,No,No,No,No,No,Yes
20221017,44851,17,Monday,1,42,10,October,Oct,Q4,4,2022,2022 Q4,2022-10,No,No,No,No,No,No,No
20221018,44852,18,Tuesday,2,42,10,October,Oct,Q4,4,2022,2022 Q4,2022-10,No,No,No,No,No,No,No
20221019,44853,19,Wednesday,3,42,10,October,Oct,Q4,4,2022,2022 Q4,2022-10,No,No,No,No,No,No,No
20221020,44854,20,Thursday,4,42,10,October,Oct,Q4,4,2022,2022 Q4,2022-10,No,No,No,No,No,No,No
20221021,44855,21,Friday,5,42,10,October,Oct,Q4,4,2022,2022 Q4,2022-10,No,No,No,No,No,No,No
20221022,44856,22,Saturday,6,42,10,October,Oct,Q4,4,2022,2022 Q4,2022-10,No,No,No,No,No,No,Yes
20221023,44857,23,Sunday,7,42,10,October,Oct,Q4,4,2022,2022 Q4,2022-10,No,No,No,No,No,No,Yes
20221024,44858,24,Monday,1,43,10,October,Oct,Q4,4,2022,2022 Q4,2022-10,No,No,No,No,No,No,No
20221025,44859,25,Tuesday,2,43,10,October,Oct,Q4,4,2022,2022 Q4,2022-10,No,No,No,No,No,No,No
20221026,44860,26,Wednesday,3,43,10,October,Oct,Q4,4,2022,2022 Q4,2022-10,No,No,No,No,No,No,No
20221027,44861,27,Thursday,4,43,10,October,Oct,Q4,4,2022,2022 Q4,2022-10,No,No,No,No,No,No,No
20221028,44862,28,Friday,5,43,10,October,Oct,Q4,4,2022,2022 Q4,2022-10,No,No,No,No,No,No,No
20221029,44863,29,Saturday,6,43,10,October,Oct,Q4,4,2022,2022 Q4,2022-10,No,No,No,No,No,No,Yes
20221030,44864,30,Sunday,7,43,10,October,Oct,Q4,4,2022,2022 Q4,2022-10,No,No,No,No,No,No,Yes
20221031,44865,31,Monday,1,44,10,October,Oct,Q4,4,2022,2022 Q4,2022-10,No,Yes,No,No,No,No,No
20221101,44866,1,Tuesday,2,44,11,November,Nov,Q4,4,2022,2022 Q4,2022-11,Yes,No,No,No,No,No,No
20221102,44867,2,Wednesday,3,44,11,November,Nov,Q4,4,2022,2022 Q4,2022-11,No,No,No,No,No,No,No
20221103,44868,3,Thursday,4,44,11,November,Nov,Q4,4,2022,2022 Q4,2022-11,No,No,No,No,No,No,No
20221104,44869,4,Friday,5,44,11,November,Nov,Q4,4,2022,2022 Q4,2022-11,No,No,No,No,No,No,No
20221105,44870,5,Saturday,6,44,11,November,Nov,Q4,4,2022,2022 Q4,2022-11,No,No,No,No,No,No,Yes
20221106,44871,6,Sunday,7,44,11,November,Nov,Q4,4,2022,2022 Q4,2022-11,No,No,No,No,No,No,Yes
20221107,44872,7,Monday,1,45,11,November,Nov,Q4,4,2022,2022 Q4,2022-11,No,No,No,No,No,No,No
20221108,44873,8,Tuesday,2,45,11,November,Nov,Q4,4,2022,2022 Q4,2022-11,No,No,No,No,No,No,No
20221109,44874,9,Wednesday,3,45,11,November,Nov,Q4,4,2022,2022 Q4,2022-11,No,No,No,No,No,No,No
20221110,44875,10,Thursday,4,45,11,November,Nov,Q4,4,2022,2022 Q4,2022-11,No,No,No,No,No,No,No
20221111,44876,11,Friday,5,45,11,November,Nov,Q4,4,2022,2022 Q4,2022-11,No,No,No,No,No,No,No
20221112,44877,12,Saturday,6,45,11,November,Nov,Q4,4,2022,2022 Q4,2022-11,No,No,No,No,No,No,Yes
20221113,44878,13,Sunday,7,45,11,November,Nov,Q4,4,2022,2022 Q4,2022-11,No,No,No,No,No,No,Yes
20221114,44879,14,Monday,1,46,11,November,Nov,Q4,4,2022,2022 Q4,2022-11,No,No,No,No,No,No,No
20221115,44880,15,Tuesday,2,46,11,November,Nov,Q4,4,2022,2022 Q4,2022-11,No,No,No,No,No,No,No
20221116,44881,16,Wednesday,3,46,11,November,Nov,Q4,4,2022,2022 Q4,2022-11,No,No,No,No,No,No,No
20221117,44882,17,Thursday,4,46,11,November,Nov,Q4,4,2022,2022 Q4,2022-11,No,No,No,No,No,No,No
20221118,44883,18,Friday,5,46,11,November,Nov,Q4,4,2022,2022 Q4,2022-11,No,No,No,No,No,No,No
20221119,44884,19,Saturday,6,46,11,November,Nov,Q4,4,2022,2022 Q4,2022-11,No,No,No,No,No,No,Yes
20221120,44885,20,Sunday,7,46,11,November,Nov,Q4,4,2022,2022 Q4,2022-11,No,No,No,No,No,No,Yes
20221121,44886,21,Monday,1,47,11,November,Nov,Q4,4,2022,2022 Q4,2022-11,No,No,No,No,No,No,No
20221122,44887,22,Tuesday,2,47,11,November,Nov,Q4,4,2022,2022 Q4,2022-11,No,No,No,No,No,No,No
20221123,44888,23,Wednesday,3,47,11,November,Nov,Q4,4,2022,2022 Q4,2022-11,No,No,No,No,No,No,No
20221124,44889,24,Thursday,4,47,11,November,Nov,Q4,4,2022,2022 Q4,2022-11,No,No,No,No,No,No,No
20221125,44890,25,Friday,5,47,11,November,Nov,Q4,4,2022,2022 Q4,2022-11,No,No,No,No,No,No,No
20221126,44891,26,Saturday,6,47,11,November,Nov,Q4,4,2022,2022 Q4,2022-11,No,No,No,No,No,No,Yes
20221127,44892,27,Sunday,7,47,11,November,Nov,Q4,4,2022,2022 Q4,2022-11,No,No,No,No,No,No,Yes
20221128,44893,28,Monday,1,48,11,November,Nov,Q4,4,2022,2022 Q4,2022-11,No,No,No,No,No,No,No
20221129,44894,29,Tuesday,2,48,11,November,Nov,Q4,4,2022,2022 Q4,2022-11,No,No,No,No,No,No,No
20221130,44895,30,Wednesday,3,48,11,November,Nov,Q4,4,2022,2022 Q4,2022-11,No,Yes,No,No,No,No,No
20221201,44896,1,Thursday,4,48,12,December,Dec,Q4,4,2022,2022 Q4,2022-12,Yes,No,No,No,No,No,No
20221202,44897,2,Friday,5,48,12,December,Dec,Q4,4,2022,2022 Q4,2022-12,No,No,No,No,No,No,No
20221203,44898,3,Saturday,6,48,12,December,Dec,Q4,4,2022,2022 Q4,2022-12,No,No,No,No,No,No,Yes
20221204,44899,4,Sunday,7,48,12,December,Dec,Q4,4,2022,2022 Q4,2022-12,No,No,No,No,No,No,Yes
20221205,44900,5,Monday,1,49,12,December,Dec,Q4,4,2022,2022 Q4,2022-12,No,No,No,No,No,No,No
20221206,44901,6,Tuesday,2,49,12,December,Dec,Q4,4,2022,2022 Q4,2022-12,No,No,No,No,No,No,No
20221207,44902,7,Wednesday,3,49,12,December,Dec,Q4,4,2022,2022 Q4,2022-12,No,No,No,No,No,No,No
20221208,44903,8,Thursday,4,49,12,December,Dec,Q4,4,2022,2022 Q4,2022-12,No,No,No,No,No,No,No
20221209,44904,9,Friday,5,49,12,December,Dec,Q4,4,2022,2022 Q4,2022-12,No,No,No,No,No,No,No
20221210,44905,10,Saturday,6,49,12,December,Dec,Q4,4,2022,2022 Q4,2022-12,No,No,No,No,No,No,Yes
20221211,44906,11,Sunday,7,49,12,December,Dec,Q4,4,2022,2022 Q4,2022-12,No,No,No,No,No,No,Yes
20221212,44907,12,Monday,1,50,12,December,Dec,Q4,4,2022,2022 Q4,2022-12,No,No,No,No,No,No,No
20221213,44908,13,Tuesday,2,50,12,December,Dec,Q4,4,2022,2022 Q4,2022-12,No,No,No,No,No,No,No
20221214,44909,14,Wednesday,3,50,12,December,Dec,Q4,4,2022,2022 Q4,2022-12,No,No,No,No,No,No,No
20221215,44910,15,Thursday,4,50,12,December,Dec,Q4,4,2022,2022 Q4,2022-12,No,No,No,No,No,No,No
20221216,44911,16,Friday,5,50,12,December,Dec,Q4,4,2022,2022 Q4,2022-12,No,No,No,No,No,No,No
20221217,44912,17,Saturday,6,50,12,December,Dec,Q4,4,2022,2022 Q4,2022-12,No,No,No,No,No,No,Yes
20221218,44913,18,Sunday,7,50,12,December,Dec,Q4,4,2022,2022 Q4,2022-12,No,No,No,No,No,No,Yes
20221219,44914,19,Monday,1,51,12,December,Dec,Q4,4,2022,2022 Q4,2022-12,No,No,No,No,No,No,No
20221220,44915,20,Tuesday,2,51,12,December,Dec,Q4,4,2022,2022 Q4,2022-12,No,No,No,No,No,No,No
20221221,44916,21,Wednesday,3,51,12,December,Dec,Q4,4,2022,2022 Q4,2022-12,No,No,No,No,No,No,No
20221222,44917,22,Thursday,4,51,12,December,Dec,Q4,4,2022,2022 Q4,2022-12,No,No,No,No,No,No,No
20221223,44918,23,Friday,5,51,12,December,Dec,Q4,4,2022,2022 Q4,2022-12,No,No,No,No,No,No,No
20221224,44919,24,Saturday,6,51,12,December,Dec,Q4,4,2022,2022 Q4,2022-12,No,No,No,No,No,No,Yes
20221225,44920,25,Sunday,7,51,12,December,Dec,Q4,4,2022,2022 Q4,2022-12,No,No,No,No,No,No,Yes
20221226,44921,26,Monday,1,52,12,December,Dec,Q4,4,2022,2022 Q4,2022-12,No,No,No,No,No,No,No
20221227,44922,27,Tuesday,2,52,12,December,Dec,Q4,4,2022,2022 Q4,2022-12,No,No,No,No,No,No,No
20221228,44923,28,Wednesday,3,52,12,December,Dec,Q4,4,2022,2022 Q4,2022-12,No,No,No,No,No,No,No
20221229,44924,29,Thursday,4,52,12,December,Dec,Q4,4,2022,2022 Q4,2022-12,No,No,No,No,No,No,No
20221230,44925,30,Friday,5,52,12,December,Dec,Q4,4,2022,2022 Q4,2022-12,No,No,No,No,No,No,No
20221231,44926,31,Saturday,6,52,12,December,Dec,Q4,4,2022,2022 Q4,2022-12,No,Yes,No,Yes,No,Yes,Yes
20230101,44927,1,Sunday,7,52,1,January,Jan,Q1,1,2023,2023 Q1,2023-01,Yes,No,Yes,No,Yes,No,Yes
20230102,44928,2,Monday,1,1,1,January,Jan,Q1,1,2023,2023 Q1,2023-01,No,No,No,No,No,No,No
20230103,44929,3,Tuesday,2,1,1,January,Jan,Q1,1,2023,2023 Q1,2023-01,No,No,No,No,No,No,No
20230104,44930,4,Wednesday,3,1,1,January,Jan,Q1,1,2023,2023 Q1,2023-01,No,No,No,No,No,No,No
20230105,44931,5,Thursday,4,1,1,January,Jan,Q1,1,2023,2023 Q1,2023-01,No,No,No,No,No,No,No
20230106,44932,6,Friday,5,1,1,January,Jan,Q1,1,2023,2023 Q1,2023-01,No,No,No,No,No,No,No
20230107,44933,7,Saturday,6,1,1,January,Jan,Q1,1,2023,2023 Q1,2023-01,No,No,No,No,No,No,Yes
20230108,44934,8,Sunday,7,1,1,January,Jan,Q1,1,2023,2023 Q1,2023-01,No,No,No,No,No,No,Yes
20230109,44935,9,Monday,1,2,1,January,Jan,Q1,1,2023,2023 Q1,2023-01,No,No,No,No,No,No,No
20230110,44936,10,Tuesday,2,2,1,January,Jan,Q1,1,2023,2023 Q1,2023-01,No,No,No,No,No,No,No
20230111,44937,11,Wednesday,3,2,1,January,Jan,Q1,1,2023,2023 Q1,2023-01,No,No,No,No,No,No,No
20230112,44938,12,Thursday,4,2,1,January,Jan,Q1,1,2023,2023 Q1,2023-01,No,No,No,No,No,No,No
20230113,44939,13,Friday,5,2,1,January,Jan,Q1,1,2023,2023 Q1,2023-01,No,No,No,No,No,No,No
20230114,44940,14,Saturday,6,2,1,January,Jan,Q1,1,2023,2023 Q1,2023-01,No,No,No,No,No,No,Yes
20230115,44941,15,Sunday,7,2,1,January,Jan,Q1,1,2023,2023 Q1,2023-01,No,No,No,No,No,No,Yes
20230116,44942,16,Monday,1,3,1,January,Jan,Q1,1,2023,2023 Q1,2023-01,No,No,No,No,No,No,No
20230117,44943,17,Tuesday,2,3,1,January,Jan,Q1,1,2023,2023 Q1,2023-01,No,No,No,No,No,No,No
20230118,44944,18,Wednesday,3,3,1,January,Jan,Q1,1,2023,2023 Q1,2023-01,No,No,No,No,No,No,No
20230119,44945,19,Thursday,4,3,1,January,Jan,Q1,1,2023,2023 Q1,2023-01,No,No,No,No,No,No,No
20230120,44946,20,Friday,5,3,1,January,Jan,Q1,1,2023,2023 Q1,2023-01,No,No,No,No,No,No,No
20230121,44947,21,Saturday,6,3,1,January,Jan,Q1,1,2023,2023 Q1,2023-01,No,No,No,No,No,No,Yes
20230122,44948,22,Sunday,7,3,1,January,Jan,Q1,1,2023,2023 Q1,2023-01,No,No,No,No,No,No,Yes
20230123,44949,23,Monday,1,4,1,January,Jan,Q1,1,2023,2023 Q1,2023-01,No,No,No,No,No,No,No
20230124,44950,24,Tuesday,2,4,1,January,Jan,Q1,1,2023,2023 Q1,2023-01,No,No,No,No,No,No,No
20230125,44951,25,Wednesday,3,4,1,January,Jan,Q1,1,2023,2023 Q1,2023-01,No,No,No,No,No,No,No
20230126,44952,26,Thursday,4,4,1,January,Jan,Q1,1,2023,2023 Q1,2023-01,No,No,No,No,No,No,No
20230127,44953,27,Friday,5,4,1,January,Jan,Q1,1,2023,2023 Q1,2023-01,No,No,No,No,No,No,No
20230128,44954,28,Saturday,6,4,1,January,Jan,Q1,1,2023,2023 Q1,2023-01,No,No,No,No,No,No,Yes
20230129,44955,29,Sunday,7,4,1,January,Jan,Q1,1,2023,2023 Q1,2023-01,No,No,No,No,No,No,Yes
20230130,44956,30,Monday,1,5,1,January,Jan,Q1,1,2023,2023 Q1,2023-01,No,No,No,No,No,No,No
20230131,44957,31,Tuesday,2,5,1,January,Jan,Q1,1,2023,2023 Q1,2023-01,No,Yes,No,No,No,No,No
20230201,44958,1,Wednesday,3,5,2,February,Feb,Q1,1,2023,2023 Q1,2023-02,Yes,No,No,No,No,No,No
20230202,44959,2,Thursday,4,5,2,February,Feb,Q1,1,2023,2023 Q1,2023-02,No,No,No,No,No,No,No
20230203,44960,3,Friday,5,5,2,February,Feb,Q1,1,2023,2023 Q1,2023-02,No,No,No,No,No,No,No
20230204,44961,4,Saturday,6,5,2,February,Feb,Q1,1,2023,2023 Q1,2023-02,No,No,No,No,No,No,Yes
20230205,44962,5,Sunday,7,5,2,February,Feb,Q1,1,2023,2023 Q1,2023-02,No,No,No,No,No,No,Yes
20230206,44963,6,Monday,1,6,2,February,Feb,Q1,1,2023,2023 Q1,2023-02,No,No,No,No,No,No,No
20230207,44964,7,Tuesday,2,6,2,February,Feb,Q1,1,2023,2023 Q1,2023-02,No,No,No,No,No,No,No
20230208,44965,8,Wednesday,3,6,2,February,Feb,Q1,1,2023,2023 Q1,2023-02,No,No,No,No,No,No,No
20230209,44966,9,Thursday,4,6,2,February,Feb,Q1,1,2023,2023 Q1,2023-02,No,No,No,No,No,No,No
20230210,44967,10,Friday,5,6,2,February,Feb,Q1,1,2023,2023 Q1,2023-02,No,No,No,No,No,No,No
20230211,44968,11,Saturday,6,6,2,February,Feb,Q1,1,2023,2023 Q1,2023-02,No,No,No,No,No,No,Yes
20230212,44969,12,Sunday,7,6,2,February,Feb,Q1,1,2023,2023 Q1,2023-02,No,No,No,No,No,No,Yes
20230213,44970,13,Monday,1,7,2,February,Feb,Q1,1,2023,2023 Q1,2023-02,No,No,No,No,No,No,No
20230214,44971,14,Tuesday,2,7,2,February,Feb,Q1,1,2023,2023 Q1,2023-02,No,No,No,No,No,No,No
20230215,44972,15,Wednesday,3,7,2,February,Feb,Q1,1,2023,2023 Q1,2023-02,No,No,No,No,No,No,No
20230216,44973,16,Thursday,4,7,2,February,Feb,Q1,1,2023,2023 Q1,2023-02,No,No,No,No,No,No,No
20230217,44974,17,Friday,5,7,2,February,Feb,Q1,1,2023,2023 Q1,2023-02,No,No,No,No,No,No,No
20230218,44975,18,Saturday,6,7,2,February,Feb,Q1,1,2023,2023 Q1,2023-02,No,No,No,No,No,No,Yes
20230219,44976,19,Sunday,7,7,2,February,Feb,Q1,1,2023,2023 Q1,2023-02,No,No,No,No,No,No,Yes
20230220,44977,20,Monday,1,8,2,February,Feb,Q1,1,2023,2023 Q1,2023-02,No,No,No,No,No,No,No
20230221,44978,21,Tuesday,2,8,2,February,Feb,Q1,1,2023,2023 Q1,2023-02,No,No,No,No,No,No,No
20230222,44979,22,Wednesday,3,8,2,February,Feb,Q1,1,2023,2023 Q1,2023-02,No,No,No,No,No,No,No
20230223,44980,23,Thursday,4,8,2,February,Feb,Q1,1,2023,2023 Q1,2023-02,No,No,No,No,No,No,No
20230224,44981,24,Friday,5,8,2,February,Feb,Q1,1,2023,2023 Q1,2023-02,No,No,No,No,No,No,No
20230225,44982,25,Saturday,6,8,2,February,Feb,Q1,1,2023,2023 Q1,2023-02,No,No,No,No,No,No,Yes
20230226,44983,26,Sunday,7,8,2,February,Feb,Q1,1,2023,2023 Q1,2023-02,No,No,No,No,No,No,Yes
20230227,44984,27,Monday,1,9,2,February,Feb,Q1,1,2023,2023 Q1,2023-02,No,No,No,No,No,No,No
20230228,44985,28,Tuesday,2,9,2,February,Feb,Q1,1,2023,2023 Q1,2023-02,No,Yes,No,No,No,No,No
20230301,44986,1,Wednesday,3,9,3,March,Mar,Q1,1,2023,2023 Q1,2023-03,Yes,No,No,No,No,No,No
20230302,44987,2,Thursday,4,9,3,March,Mar,Q1,1,2023,2023 Q1,2023-03,No,No,No,No,No,No,No
20230303,44988,3,Friday,5,9,3,March,Mar,Q1,1,2023,2023 Q1,2023-03,No,No,No,No,No,No,No
20230304,44989,4,Saturday,6,9,3,March,Mar,Q1,1,2023,2023 Q1,2023-03,No,No,No,No,No,No,Yes
20230305,44990,5,Sunday,7,9,3,March,Mar,Q1,1,2023,2023 Q1,2023-03,No,No,No,No,No,No,Yes
20230306,44991,6,Monday,1,10,3,March,Mar,Q1,1,2023,2023 Q1,2023-03,No,No,No,No,No,No,No
20230307,44992,7,Tuesday,2,10,3,March,Mar,Q1,1,2023,2023 Q1,2023-03,No,No,No,No,No,No,No
20230308,44993,8,Wednesday,3,10,3,March,Mar,Q1,1,2023,2023 Q1,2023-03,No,No,No,No,No,No,No
20230309,44994,9,Thursday,4,10,3,March,Mar,Q1,1,2023,2023 Q1,2023-03,No,No,No,No,No,No,No
20230310,44995,10,Friday,5,10,3,March,Mar,Q1,1,2023,2023 Q1,2023-03,No,No,No,No,No,No,No
20230311,44996,11,Saturday,6,10,3,March,Mar,Q1,1,2023,2023 Q1,2023-03,No,No,No,No,No,No,Yes
20230312,44997,12,Sunday,7,10,3,March,Mar,Q1,1,2023,2023 Q1,2023-03,No,No,No,No,No,No,Yes
20230313,44998,13,Monday,1,11,3,March,Mar,Q1,1,2023,2023 Q1,2023-03,No,No,No,No,No,No,No
20230314,44999,14,Tuesday,2,11,3,March,Mar,Q1,1,2023,2023 Q1,2023-03,No,No,No,No,No,No,No
20230315,45000,15,Wednesday,3,11,3,March,Mar,Q1,1,2023,2023 Q1,2023-03,No,No,No,No,No,No,No
20230316,45001,16,Thursday,4,11,3,March,Mar,Q1,1,2023,2023 Q1,2023-03,No,No,No,No,No,No,No
20230317,45002,17,Friday,5,11,3,March,Mar,Q1,1,2023,2023 Q1,2023-03,No,No,No,No,No,No,No
20230318,45003,18,Saturday,6,11,3,March,Mar,Q1,1,2023,2023 Q1,2023-03,No,No,No,No,No,No,Yes
20230319,45004,19,Sunday,7,11,3,March,Mar,Q1,1,2023,2023 Q1,2023-03,No,No,No,No,No,No,Yes
20230320,45005,20,Monday,1,12,3,March,Mar,Q1,1,2023,2023 Q1,2023-03,No,No,No,No,No,No,No
20230321,45006,21,Tuesday,2,12,3,March,Mar,Q1,1,2023,2023 Q1,2023-03,No,No,No,No,No,No,No
20230322,45007,22,Wednesday,3,12,3,March,Mar,Q1,1,2023,2023 Q1,2023-03,No,No,No,No,No,No,No
20230323,45008,23,Thursday,4,12,3,March,Mar,Q1,1,2023,2023 Q1,2023-03,No,No,No,No,No,No,No
20230324,45009,24,Friday,5,12,3,March,Mar,Q1,1,2023,2023 Q1,2023-03,No,No,No,No,No,No,No
20230325,45010,25,Saturday,6,12,3,March,Mar,Q1,1,2023,2023 Q1,2023-03,No,No,No,No,No,No,Yes
20230326,45011,26,Sunday,7,12,3,March,Mar,Q1,1,2023,2023 Q1,2023-03,No,No,No,No,No,No,Yes
20230327,45012,27,Monday,1,13,3,March,Mar,Q1,1,2023,2023 Q1,2023-03,No,No,No,No,No,No,No
20230328,45013,28,Tuesday,2,13,3,March,Mar,Q1,1,2023,2023 Q1,2023-03,No,No,No,No,No,No,No
20230329,45014,29,Wednesday,3,13,3,March,Mar,Q1,1,2023,2023 Q1,2023-03,No,No,No,No,No,No,No
20230330,45015,30,Thursday,4,13,3,March,Mar,Q1,1,2023,2023 Q1,2023-03,No,No,No,No,No,No,No
20230331,45016,31,Friday,5,13,3,March,Mar,Q1,1,2023,2023 Q1,2023-03,No,Yes,No,Yes,No,No,No
20230401,45017,1,Saturday,6,13,4,April,Apr,Q2,2,2023,2023 Q2,2023-04,Yes,No,Yes,No,No,No,Yes
20230402,45018,2,Sunday,7,13,4,April,Apr,Q2,2,2023,2023 Q2,2023-04,No,No,No,No,No,No,Yes
20230403,45019,3,Monday,1,14,4,April,Apr,Q2,2,2023,2023 Q2,2023-04,No,No,No,No,No,No,No
20230404,45020,4,Tuesday,2,14,4,April,Apr,Q2,2,2023,2023 Q2,2023-04,No,No,No,No,No,No,No
20230405,45021,5,Wednesday,3,14,4,April,Apr,Q2,2,2023,2023 Q2,2023-04,No,No,No,No,No,No,No
20230406,45022,6,Thursday,4,14,4,April,Apr,Q2,2,2023,2023 Q2,2023-04,No,No,No,No,No,No,No
20230407,45023,7,Friday,5,14,4,April,Apr,Q2,2,2023,2023 Q2,2023-04,No,No,No,No,No,No,No
20230408,45024,8,Saturday,6,14,4,April,Apr,Q2,2,2023,2023 Q2,2023-04,No,No,No,No,No,No,Yes
20230409,45025,9,Sunday,7,14,4,April,Apr,Q2,2,2023,2023 Q2,2023-04,No,No,No,No,No,No,Yes
20230410,45026,10,Monday,1,15,4,April,Apr,Q2,2,2023,2023 Q2,2023-04,No,No,No,No,No,No,No
20230411,45027,11,Tuesday,2,15,4,April,Apr,Q2,2,2023,2023 Q2,2023-04,No,No,No,No,No,No,No
20230412,45028,12,Wednesday,3,15,4,April,Apr,Q2,2,2023,2023 Q2,2023-04,No,No,No,No,No,No,No
20230413,45029,13,Thursday,4,15,4,April,Apr,Q2,2,2023,2023 Q2,2023-04,No,No,No,No,No,No,No
20230414,45030,14,Friday,5,15,4,April,Apr,Q2,2,2023,2023 Q2,2023-04,No,No,No,No,No,No,No
20230415,45031,15,Saturday,6,15,4,April,Apr,Q2,2,2023,2023 Q2,2023-04,No,No,No,No,No,No,Yes
20230416,45032,16,Sunday,7,15,4,April,Apr,Q2,2,2023,2023 Q2,2023-04,No,No,No,No,No,No,Yes
20230417,45033,17,Monday,1,16,4,April,Apr,Q2,2,2023,2023 Q2,2023-04,No,No,No,No,No,No,No
20230418,45034,18,Tuesday,2,16,4,April,Apr,Q2,2,2023,2023 Q2,2023-04,No,No,No,No,No,No,No
20230419,45035,19,Wednesday,3,16,4,April,Apr,Q2,2,2023,2023 Q2,2023-04,No,No,No,No,No,No,No
20230420,45036,20,Thursday,4,16,4,April,Apr,Q2,2,2023,2023 Q2,2023-04,No,No,No,No,No,No,No
20230421,45037,21,Friday,5,16,4,April,Apr,Q2,2,2023,2023 Q2,2023-04,No,No,No,No,No,No,No
20230422,45038,22,Saturday,6,16,4,April,Apr,Q2,2,2023,2023 Q2,2023-04,No,No,No,No,No,No,Yes
20230423,45039,23,Sunday,7,16,4,April,Apr,Q2,2,2023,2023 Q2,2023-04,No,No,No,No,No,No,Yes
20230424,45040,24,Monday,1,17,4,April,Apr,Q2,2,2023,2023 Q2,2023-04,No,No,No,No,No,No,No
20230425,45041,25,Tuesday,2,17,4,April,Apr,Q2,2,2023,2023 Q2,2023-04,No,No,No,No,No,No,No
20230426,45042,26,Wednesday,3,17,4,April,Apr,Q2,2,2023,2023 Q2,2023-04,No,No,No,No,No,No,No
20230427,45043,27,Thursday,4,17,4,April,Apr,Q2,2,2023,2023 Q2,2023-04,No,No,No,No,No,No,No
20230428,45044,28,Friday,5,17,4,April,Apr,Q2,2,2023,2023 Q2,2023-04,No,No,No,No,No,No,No
20230429,45045,29,Saturday,6,17,4,April,Apr,Q2,2,2023,2023 Q2,2023-04,No,No,No,No,No,No,Yes
20230430,45046,30,Sunday,7,17,4,April,Apr,Q2,2,2023,2023 Q2,2023-04,No,Yes,No,No,No,No,Yes
20230501,45047,1,Monday,1,18,5,May,May,Q2,2,2023,2023 Q2,2023-05,Yes,No,No,No,No,No,No
20230502,45048,2,Tuesday,2,18,5,May,May,Q2,2,2023,2023 Q2,2023-05,No,No,No,No,No,No,No
20230503,45049,3,Wednesday,3,18,5,May,May,Q2,2,2023,2023 Q2,2023-05,No,No,No,No,No,No,No
20230504,45050,4,Thursday,4,18,5,May,May,Q2,2,2023,2023 Q2,2023-05,No,No,No,No,No,No,No
20230505,45051,5,Friday,5,18,5,May,May,Q2,2,2023,2023 Q2,2023-05,No,No,No,No,No,No,No
20230506,45052,6,Saturday,6,18,5,May,May,Q2,2,2023,2023 Q2,2023-05,No,No,No,No,No,No,Yes
20230507,45053,7,Sunday,7,18,5,May,May,Q2,2,2023,2023 Q2,2023-05,No,No,No,No,No,No,Yes
20230508,45054,8,Monday,1,19,5,May,May,Q2,2,2023,2023 Q2,2023-05,No,No,No,No,No,No,No
20230509,45055,9,Tuesday,2,19,5,May,May,Q2,2,2023,2023 Q2,2023-05,No,No,No,No,No,No,No
20230510,45056,10,Wednesday,3,19,5,May,May,Q2,2,2023,2023 Q2,2023-05,No,No,No,No,No,No,No
20230511,45057,11,Thursday,4,19,5,May,May,Q2,2,2023,2023 Q2,2023-05,No,No,No,No,No,No,No
20230512,45058,12,Friday,5,19,5,May,May,Q2,2,2023,2023 Q2,2023-05,No,No,No,No,No,No,No
20230513,45059,13,Saturday,6,19,5,May,May,Q2,2,2023,2023 Q2,2023-05,No,No,No,No,No,No,Yes
20230514,45060,14,Sunday,7,19,5,May,May,Q2,2,2023,2023 Q2,2023-05,No,No,No,No,No,No,Yes
20230515,45061,15,Monday,1,20,5,May,May,Q2,2,2023,2023 Q2,2023-05,No,No,No,No,No,No,No
20230516,45062,16,Tuesday,2,20,5,May,May,Q2,2,2023,2023 Q2,2023-05,No,No,No,No,No,No,No
20230517,45063,17,Wednesday,3,20,5,May,May,Q2,2,2023,2023 Q2,2023-05,No,No,No,No,No,No,No
20230518,45064,18,Thursday,4,20,5,May,May,Q2,2,2023,2023 Q2,2023-05,No,No,No,No,No,No,No
20230519,45065,19,Friday,5,20,5,May,May,Q2,2,2023,2023 Q2,2023-05,No,No,No,No,No,No,No
20230520,45066,20,Saturday,6,20,5,May,May,Q2,2,2023,2023 Q2,2023-05,No,No,No,No,No,No,Yes
20230521,45067,21,Sunday,7,20,5,May,May,Q2,2,2023,2023 Q2,2023-05,No,No,No,No,No,No,Yes
20230522,45068,22,Monday,1,21,5,May,May,Q2,2,2023,2023 Q2,2023-05,No,No,No,No,No,No,No
20230523,45069,23,Tuesday,2,21,5,May,May,Q2,2,2023,2023 Q2,2023-05,No,No,No,No,No,No,No
20230524,45070,24,Wednesday,3,21,5,May,May,Q2,2,2023,2023 Q2,2023-05,No,No,No,No,No,No,No
20230525,45071,25,Thursday,4,21,5,May,May,Q2,2,2023,2023 Q2,2023-05,No,No,No,No,No,No,No
20230526,45072,26,Friday,5,21,5,May,May,Q2,2,2023,2023 Q2,2023-05,No,No,No,No,No,No,No
20230527,45073,27,Saturday,6,21,5,May,May,Q2,2,2023,2023 Q2,2023-05,No,No,No,No,No,No,Yes
20230528,45074,28,Sunday,7,21,5,May,May,Q2,2,2023,2023 Q2,2023-05,No,No,No,No,No,No,Yes
20230529,45075,29,Monday,1,22,5,May,May,Q2,2,2023,2023 Q2,2023-05,No,No,No,No,No,No,No
20230530,45076,30,Tuesday,2,22,5,May,May,Q2,2,2023,2023 Q2,2023-05,No,No,No,No,No,No,No
20230531,45077,31,Wednesday,3,22,5,May,May,Q2,2,2023,2023 Q2,2023-05,No,Yes,No,No,No,No,No
20230601,45078,1,Thursday,4,22,6,June,Jun,Q2,2,2023,2023 Q2,2023-06,Yes,No,No,No,No,No,No
20230602,45079,2,Friday,5,22,6,June,Jun,Q2,2,2023,2023 Q2,2023-06,No,No,No,No,No,No,No
20230603,45080,3,Saturday,6,22,6,June,Jun,Q2,2,2023,2023 Q2,2023-06,No,No,No,No,No,No,Yes
20230604,45081,4,Sunday,7,22,6,June,Jun,Q2,2,2023,2023 Q2,2023-06,No,No,No,No,No,No,Yes
20230605,45082,5,Monday,1,23,6,June,Jun,Q2,2,2023,2023 Q2,2023-06,No,No,No,No,No,No,No
20230606,45083,6,Tuesday,2,23,6,June,Jun,Q2,2,2023,2023 Q2,2023-06,No,No,No,No,No,No,No
20230607,45084,7,Wednesday,3,23,6,June,Jun,Q2,2,2023,2023 Q2,2023-06,No,No,No,No,No,No,No
20230608,45085,8,Thursday,4,23,6,June,Jun,Q2,2,2023,2023 Q2,2023-06,No,No,No,No,No,No,No
20230609,45086,9,Friday,5,23,6,June,Jun,Q2,2,2023,2023 Q2,2023-06,No,No,No,No,No,No,No
20230610,45087,10,Saturday,6,23,6,June,Jun,Q2,2,2023,2023 Q2,2023-06,No,No,No,No,No,No,Yes
20230611,45088,11,Sunday,7,23,6,June,Jun,Q2,2,2023,2023 Q2,2023-06,No,No,No,No,No,No,Yes
20230612,45089,12,Monday,1,24,6,June,Jun,Q2,2,2023,2023 Q2,2023-06,No,No,No,No,No,No,No
20230613,45090,13,Tuesday,2,24,6,June,Jun,Q2,2,2023,2023 Q2,2023-06,No,No,No,No,No,No,No
20230614,45091,14,Wednesday,3,24,6,June,Jun,Q2,2,2023,2023 Q2,2023-06,No,No,No,No,No,No,No
20230615,45092,15,Thursday,4,24,6,June,Jun,Q2,2,2023,2023 Q2,2023-06,No,No,No,No,No,No,No
20230616,45093,16,Friday,5,24,6,June,Jun,Q2,2,2023,2023 Q2,2023-06,No,No,No,No,No,No,No
20230617,45094,17,Saturday,6,24,6,June,Jun,Q2,2,2023,2023 Q2,2023-06,No,No,No,No,No,No,Yes
20230618,45095,18,Sunday,7,24,6,June,Jun,Q2,2,2023,2023 Q2,2023-06,No,No,No,No,No,No,Yes
20230619,45096,19,Monday,1,25,6,June,Jun,Q2,2,2023,2023 Q2,2023-06,No,No,No,No,No,No,No
20230620,45097,20,Tuesday,2,25,6,June,Jun,Q2,2,2023,2023 Q2,2023-06,No,No,No,No,No,No,No
20230621,45098,21,Wednesday,3,25,6,June,Jun,Q2,2,2023,2023 Q2,2023-06,No,No,No,No,No,No,No
20230622,45099,22,Thursday,4,25,6,June,Jun,Q2,2,2023,2023 Q2,2023-06,No,No,No,No,No,No,No
20230623,45100,23,Friday,5,25,6,June,Jun,Q2,2,2023,2023 Q2,2023-06,No,No,No,No,No,No,No
20230624,45101,24,Saturday,6,25,6,June,Jun,Q2,2,2023,2023 Q2,2023-06,No,No,No,No,No,No,Yes
20230625,45102,25,Sunday,7,25,6,June,Jun,Q2,2,2023,2023 Q2,2023-06,No,No,No,No,No,No,Yes
20230626,45103,26,Monday,1,26,6,June,Jun,Q2,2,2023,2023 Q2,2023-06,No,No,No,No,No,No,No
20230627,45104,27,Tuesday,2,26,6,June,Jun,Q2,2,2023,2023 Q2,2023-06,No,No,No,No,No,No,No
20230628,45105,28,Wednesday,3,26,6,June,Jun,Q2,2,2023,2023 Q2,2023-06,No,No,No,No,No,No,No
20230629,45106,29,Thursday,4,26,6,June,Jun,Q2,2,2023,2023 Q2,2023-06,No,No,No,No,No,No,No
20230630,45107,30,Friday,5,26,6,June,Jun,Q2,2,2023,2023 Q2,2023-06,No,Yes,No,Yes,No,No,No
20230701,45108,1,Saturday,6,26,7,July,Jul,Q3,3,2023,2023 Q3,2023-07,Yes,No,Yes,No,No,No,Yes
20230702,45109,2,Sunday,7,26,7,July,Jul,Q3,3,2023,2023 Q3,2023-07,No,No,No,No,No,No,Yes
20230703,45110,3,Monday,1,27,7,July,Jul,Q3,3,2023,2023 Q3,2023-07,No,No,No,No,No,No,No
20230704,45111,4,Tuesday,2,27,7,July,Jul,Q3,3,2023,2023 Q3,2023-07,No,No,No,No,No,No,No
20230705,45112,5,Wednesday,3,27,7,July,Jul,Q3,3,2023,2023 Q3,2023-07,No,No,No,No,No,No,No
20230706,45113,6,Thursday,4,27,7,July,Jul,Q3,3,2023,2023 Q3,2023-07,No,No,No,No,No,No,No
20230707,45114,7,Friday,5,27,7,July,Jul,Q3,3,2023,2023 Q3,2023-07,No,No,No,No,No,No,No
20230708,45115,8,Saturday,6,27,7,July,Jul,Q3,3,2023,2023 Q3,2023-07,No,No,No,No,No,No,Yes
20230709,45116,9,Sunday,7,27,7,July,Jul,Q3,3,2023,2023 Q3,2023-07,No,No,No,No,No,No,Yes
20230710,45117,10,Monday,1,28,7,July,Jul,Q3,3,2023,2023 Q3,2023-07,No,No,No,No,No,No,No
20230711,45118,11,Tuesday,2,28,7,July,Jul,Q3,3,2023,2023 Q3,2023-07,No,No,No,No,No,No,No
20230712,45119,12,Wednesday,3,28,7,July,Jul,Q3,3,2023,2023 Q3,2023-07,No,No,No,No,No,No,No
20230713,45120,13,Thursday,4,28,7,July,Jul,Q3,3,2023,2023 Q3,2023-07,No,No,No,No,No,No,No
20230714,45121,14,Friday,5,28,7,July,Jul,Q3,3,2023,2023 Q3,2023-07,No,No,No,No,No,No,No
20230715,45122,15,Saturday,6,28,7,July,Jul,Q3,3,2023,2023 Q3,2023-07,No,No,No,No,No,No,Yes
20230716,45123,16,Sunday,7,28,7,July,Jul,Q3,3,2023,2023 Q3,2023-07,No,No,No,No,No,No,Yes
20230717,45124,17,Monday,1,29,7,July,Jul,Q3,3,2023,2023 Q3,2023-07,No,No,No,No,No,No,No
20230718,45125,18,Tuesday,2,29,7,July,Jul,Q3,3,2023,2023 Q3,2023-07,No,No,No,No,No,No,No
20230719,45126,19,Wednesday,3,29,7,July,Jul,Q3,3,2023,2023 Q3,2023-07,No,No,No,No,No,No,No
20230720,45127,20,Thursday,4,29,7,July,Jul,Q3,3,2023,2023 Q3,2023-07,No,No,No,No,No,No,No
20230721,45128,21,Friday,5,29,7,July,Jul,Q3,3,2023,2023 Q3,2023-07,No,No,No,No,No,No,No
20230722,45129,22,Saturday,6,29,7,July,Jul,Q3,3,2023,2023 Q3,2023-07,No,No,No,No,No,No,Yes
20230723,45130,23,Sunday,7,29,7,July,Jul,Q3,3,2023,2023 Q3,2023-07,No,No,No,No,No,No,Yes
20230724,45131,24,Monday,1,30,7,July,Jul,Q3,3,2023,2023 Q3,2023-07,No,No,No,No,No,No,No
20230725,45132,25,Tuesday,2,30,7,July,Jul,Q3,3,2023,2023 Q3,2023-07,No,No,No,No,No,No,No
20230726,45133,26,Wednesday,3,30,7,July,Jul,Q3,3,2023,2023 Q3,2023-07,No,No,No,No,No,No,No
20230727,45134,27,Thursday,4,30,7,July,Jul,Q3,3,2023,2023 Q3,2023-07,No,No,No,No,No,No,No
20230728,45135,28,Friday,5,30,7,July,Jul,Q3,3,2023,2023 Q3,2023-07,No,No,No,No,No,No,No
20230729,45136,29,Saturday,6,30,7,July,Jul,Q3,3,2023,2023 Q3,2023-07,No,No,No,No,No,No,Yes
20230730,45137,30,Sunday,7,30,7,July,Jul,Q3,3,2023,2023 Q3,2023-07,No,No,No,No,No,No,Yes
20230731,45138,31,Monday,1,31,7,July,Jul,Q3,3,2023,2023 Q3,2023-07,No,Yes,No,No,No,No,No
20230801,45139,1,Tuesday,2,31,8,August,Aug,Q3,3,2023,2023 Q3,2023-08,Yes,No,No,No,No,No,No
20230802,45140,2,Wednesday,3,31,8,August,Aug,Q3,3,2023,2023 Q3,2023-08,No,No,No,No,No,No,No
20230803,45141,3,Thursday,4,31,8,August,Aug,Q3,3,2023,2023 Q3,2023-08,No,No,No,No,No,No,No
20230804,45142,4,Friday,5,31,8,August,Aug,Q3,3,2023,2023 Q3,2023-08,No,No,No,No,No,No,No
20230805,45143,5,Saturday,6,31,8,August,Aug,Q3,3,2023,2023 Q3,2023-08,No,No,No,No,No,No,Yes
20230806,45144,6,Sunday,7,31,8,August,Aug,Q3,3,2023,2023 Q3,2023-08,No,No,No,No,No,No,Yes
20230807,45145,7,Monday,1,32,8,August,Aug,Q3,3,2023,2023 Q3,2023-08,No,No,No,No,No,No,No
20230808,45146,8,Tuesday,2,32,8,August,Aug,Q3,3,2023,2023 Q3,2023-08,No,No,No,No,No,No,No
20230809,45147,9,Wednesday,3,32,8,August,Aug,Q3,3,2023,2023 Q3,2023-08,No,No,No,No,No,No,No
20230810,45148,10,Thursday,4,32,8,August,Aug,Q3,3,2023,2023 Q3,2023-08,No,No,No,No,No,No,No
20230811,45149,11,Friday,5,32,8,August,Aug,Q3,3,2023,2023 Q3,2023-08,No,No,No,No,No,No,No
20230812,45150,12,Saturday,6,32,8,August,Aug,Q3,3,2023,2023 Q3,2023-08,No,No,No,No,No,No,Yes
20230813,45151,13,Sunday,7,32,8,August,Aug,Q3,3,2023,2023 Q3,2023-08,No,No,No,No,No,No,Yes
20230814,45152,14,Monday,1,33,8,August,Aug,Q3,3,2023,2023 Q3,2023-08,No,No,No,No,No,No,No
20230815,45153,15,Tuesday,2,33,8,August,Aug,Q3,3,2023,2023 Q3,2023-08,No,No,No,No,No,No,No
20230816,45154,16,Wednesday,3,33,8,August,Aug,Q3,3,2023,2023 Q3,2023-08,No,No,No,No,No,No,No
20230817,45155,17,Thursday,4,33,8,August,Aug,Q3,3,2023,2023 Q3,2023-08,No,No,No,No,No,No,No
20230818,45156,18,Friday,5,33,8,August,Aug,Q3,3,2023,2023 Q3,2023-08,No,No,No,No,No,No,No
20230819,45157,19,Saturday,6,33,8,August,Aug,Q3,3,2023,2023 Q3,2023-08,No,No,No,No,No,No,Yes
20230820,45158,20,Sunday,7,33,8,August,Aug,Q3,3,2023,2023 Q3,2023-08,No,No,No,No,No,No,Yes
20230821,45159,21,Monday,1,34,8,August,Aug,Q3,3,2023,2023 Q3,2023-08,No,No,No,No,No,No,No
20230822,45160,22,Tuesday,2,34,8,August,Aug,Q3,3,2023,2023 Q3,2023-08,No,No,No,No,No,No,No
20230823,45161,23,Wednesday,3,34,8,August,Aug,Q3,3,2023,2023 Q3,2023-08,No,No,No,No,No,No,No
20230824,45162,24,Thursday,4,34,8,August,Aug,Q3,3,2023,2023 Q3,2023-08,No,No,No,No,No,No,No
20230825,45163,25,Friday,5,34,8,August,Aug,Q3,3,2023,2023 Q3,2023-08,No,No,No,No,No,No,No
20230826,45164,26,Saturday,6,34,8,August,Aug,Q3,3,2023,2023 Q3,2023-08,No,No,No,No,No,No,Yes
20230827,45165,27,Sunday,7,34,8,August,Aug,Q3,3,2023,2023 Q3,2023-08,No,No,No,No,No,No,Yes
20230828,45166,28,Monday,1,35,8,August,Aug,Q3,3,2023,2023 Q3,2023-08,No,No,No,No,No,No,No
20230829,45167,29,Tuesday,2,35,8,August,Aug,Q3,3,2023,2023 Q3,2023-08,No,No,No,No,No,No,No
20230830,45168,30,Wednesday,3,35,8,August,Aug,Q3,3,2023,2023 Q3,2023-08,No,No,No,No,No,No,No
20230831,45169,31,Thursday,4,35,8,August,Aug,Q3,3,2023,2023 Q3,2023-08,No,Yes,No,No,No,No,No
20230901,45170,1,Friday,5,35,9,September,Sep,Q3,3,2023,2023 Q3,2023-09,Yes,No,No,No,No,No,No
20230902,45171,2,Saturday,6,35,9,September,Sep,Q3,3,2023,2023 Q3,2023-09,No,No,No,No,No,No,Yes
20230903,45172,3,Sunday,7,35,9,September,Sep,Q3,3,2023,2023 Q3,2023-09,No,No,No,No,No,No,Yes
20230904,45173,4,Monday,1,36,9,September,Sep,Q3,3,2023,2023 Q3,2023-09,No,No,No,No,No,No,No
20230905,45174,5,Tuesday,2,36,9,September,Sep,Q3,3,2023,2023 Q3,2023-09,No,No,No,No,No,No,No
20230906,45175,6,Wednesday,3,36,9,September,Sep,Q3,3,2023,2023 Q3,2023-09,No,No,No,No,No,No,No
20230907,45176,7,Thursday,4,36,9,September,Sep,Q3,3,2023,2023 Q3,2023-09,No,No,No,No,No,No,No
20230908,45177,8,Friday,5,36,9,September,Sep,Q3,3,2023,2023 Q3,2023-09,No,No,No,No,No,No,No
20230909,45178,9,Saturday,6,36,9,September,Sep,Q3,3,2023,2023 Q3,2023-09,No,No,No,No,No,No,Yes
20230910,45179,10,Sunday,7,36,9,September,Sep,Q3,3,2023,2023 Q3,2023-09,No,No,No,No,No,No,Yes
20230911,45180,11,Monday,1,37,9,September,Sep,Q3,3,2023,2023 Q3,2023-09,No,No,No,No,No,No,No
20230912,45181,12,Tuesday,2,37,9,September,Sep,Q3,3,2023,2023 Q3,2023-09,No,No,No,No,No,No,No
20230913,45182,13,Wednesday,3,37,9,September,Sep,Q3,3,2023,2023 Q3,2023-09,No,No,No,No,No,No,No
20230914,45183,14,Thursday,4,37,9,September,Sep,Q3,3,2023,2023 Q3,2023-09,No,No,No,No,No,No,No
20230915,45184,15,Friday,5,37,9,September,Sep,Q3,3,2023,2023 Q3,2023-09,No,No,No,No,No,No,No
20230916,45185,16,Saturday,6,37,9,September,Sep,Q3,3,2023,2023 Q3,2023-09,No,No,No,No,No,No,Yes
20230917,45186,17,Sunday,7,37,9,September,Sep,Q3,3,2023,2023 Q3,2023-09,No,No,No,No,No,No,Yes
20230918,45187,18,Monday,1,38,9,September,Sep,Q3,3,2023,2023 Q3,2023-09,No,No,No,No,No,No,No
20230919,45188,19,Tuesday,2,38,9,September,Sep,Q3,3,2023,2023 Q3,2023-09,No,No,No,No,No,No,No
20230920,45189,20,Wednesday,3,38,9,September,Sep,Q3,3,2023,2023 Q3,2023-09,No,No,No,No,No,No,No
20230921,45190,21,Thursday,4,38,9,September,Sep,Q3,3,2023,2023 Q3,2023-09,No,No,No,No,No,No,No
20230922,45191,22,Friday,5,38,9,September,Sep,Q3,3,2023,2023 Q3,2023-09,No,No,No,No,No,No,No
20230923,45192,23,Saturday,6,38,9,September,Sep,Q3,3,2023,2023 Q3,2023-09,No,No,No,No,No,No,Yes
20230924,45193,24,Sunday,7,38,9,September,Sep,Q3,3,2023,2023 Q3,2023-09,No,No,No,No,No,No,Yes
20230925,45194,25,Monday,1,39,9,September,Sep,Q3,3,2023,2023 Q3,2023-09,No,No,No,No,No,No,No
20230926,45195,26,Tuesday,2,39,9,September,Sep,Q3,3,2023,2023 Q3,2023-09,No,No,No,No,No,No,No
20230927,45196,27,Wednesday,3,39,9,September,Sep,Q3,3,2023,2023 Q3,2023-09,No,No,No,No,No,No,No
20230928,45197,28,Thursday,4,39,9,September,Sep,Q3,3,2023,2023 Q3,2023-09,No,No,No,No,No,No,No
20230929,45198,29,Friday,5,39,9,September,Sep,Q3,3,2023,2023 Q3,2023-09,No,No,No,No,No,No,No
20230930,45199,30,Saturday,6,39,9,September,Sep,Q3,3,2023,2023 Q3,2023-09,No,Yes,No,Yes,No,No,Yes
20231001,45200,1,Sunday,7,39,10,October,Oct,Q4,4,2023,2023 Q4,2023-10,Yes,No,Yes,No,No,No,Yes
20231002,45201,2,Monday,1,40,10,October,Oct,Q4,4,2023,2023 Q4,2023-10,No,No,No,No,No,No,No
20231003,45202,3,Tuesday,2,40,10,October,Oct,Q4,4,2023,2023 Q4,2023-10,No,No,No,No,No,No,No
20231004,45203,4,Wednesday,3,40,10,October,Oct,Q4,4,2023,2023 Q4,2023-10,No,No,No,No,No,No,No
20231005,45204,5,Thursday,4,40,10,October,Oct,Q4,4,2023,2023 Q4,2023-10,No,No,No,No,No,No,No
20231006,45205,6,Friday,5,40,10,October,Oct,Q4,4,2023,2023 Q4,2023-10,No,No,No,No,No,No,No
20231007,45206,7,Saturday,6,40,10,October,Oct,Q4,4,2023,2023 Q4,2023-10,No,No,No,No,No,No,Yes
20231008,45207,8,Sunday,7,40,10,October,Oct,Q4,4,2023,2023 Q4,2023-10,No,No,No,No,No,No,Yes
20231009,45208,9,Monday,1,41,10,October,Oct,Q4,4,2023,2023 Q4,2023-10,No,No,No,No,No,No,No
20231010,45209,10,Tuesday,2,41,10,October,Oct,Q4,4,2023,2023 Q4,2023-10,No,No,No,No,No,No,No
20231011,45210,11,Wednesday,3,41,10,October,Oct,Q4,4,2023,2023 Q4,2023-10,No,No,No,No,No,No,No
20231012,45211,12,Thursday,4,41,10,October,Oct,Q4,4,2023,2023 Q4,2023-10,No,No,No,No,No,No,No
20231013,45212,13,Friday,5,41,10,October,Oct,Q4,4,2023,2023 Q4,2023-10,No,No,No,No,No,No,No
20231014,45213,14,Saturday,6,41,10,October,Oct,Q4,4,2023,2023 Q4,2023-10,No,No,No,No,No,No,Yes
20231015,45214,15,Sunday,7,41,10,October,Oct,Q4,4,2023,2023 Q4,2023-10,No,No,No,No,No,No,Yes
20231016,45215,16,Monday,1,42,10,October,Oct,Q4,4,2023,2023 Q4,2023-10,No,No,No,No,No,No,No
20231017,45216,17,Tuesday,2,42,10,October,Oct,Q4,4,2023,2023 Q4,2023-10,No,No,No,No,No,No,No
20231018,45217,18,Wednesday,3,42,10,October,Oct,Q4,4,2023,2023 Q4,2023-10,No,No,No,No,No,No,No
20231019,45218,19,Thursday,4,42,10,October,Oct,Q4,4,2023,2023 Q4,2023-10,No,No,No,No,No,No,No
20231020,45219,20,Friday,5,42,10,October,Oct,Q4,4,2023,2023 Q4,2023-10,No,No,No,No,No,No,No
20231021,45220,21,Saturday,6,42,10,October,Oct,Q4,4,2023,2023 Q4,2023-10,No,No,No,No,No,No,Yes
20231022,45221,22,Sunday,7,42,10,October,Oct,Q4,4,2023,2023 Q4,2023-10,No,No,No,No,No,No,Yes
20231023,45222,23,Monday,1,43,10,October,Oct,Q4,4,2023,2023 Q4,2023-10,No,No,No,No,No,No,No
20231024,45223,24,Tuesday,2,43,10,October,Oct,Q4,4,2023,2023 Q4,2023-10,No,No,No,No,No,No,No
20231025,45224,25,Wednesday,3,43,10,October,Oct,Q4,4,2023,2023 Q4,2023-10,No,No,No,No,No,No,No
20231026,45225,26,Thursday,4,43,10,October,Oct,Q4,4,2023,2023 Q4,2023-10,No,No,No,No,No,No,No
20231027,45226,27,Friday,5,43,10,October,Oct,Q4,4,2023,2023 Q4,2023-10,No,No,No,No,No,No,No
20231028,45227,28,Saturday,6,43,10,October,Oct,Q4,4,2023,2023 Q4,2023-10,No,No,No,No,No,No,Yes
20231029,45228,29,Sunday,7,43,10,October,Oct,Q4,4,2023,2023 Q4,2023-10,No,No,No,No,No,No,Yes
20231030,45229,30,Monday,1,44,10,October,Oct,Q4,4,2023,2023 Q4,2023-10,No,No,No,No,No,No,No
20231031,45230,31,Tuesday,2,44,10,October,Oct,Q4,4,2023,2023 Q4,2023-10,No,Yes,No,No,No,No,No
20231101,45231,1,Wednesday,3,44,11,November,Nov,Q4,4,2023,2023 Q4,2023-11,Yes,No,No,No,No,No,No
20231102,45232,2,Thursday,4,44,11,November,Nov,Q4,4,2023,2023 Q4,2023-11,No,No,No,No,No,No,No
20231103,45233,3,Friday,5,44,11,November,Nov,Q4,4,2023,2023 Q4,2023-11,No,No,No,No,No,No,No
20231104,45234,4,Saturday,6,44,11,November,Nov,Q4,4,2023,2023 Q4,2023-11,No,No,No,No,No,No,Yes
20231105,45235,5,Sunday,7,44,11,November,Nov,Q4,4,2023,2023 Q4,2023-11,No,No,No,No,No,No,Yes
20231106,45236,6,Monday,1,45,11,November,Nov,Q4,4,2023,2023 Q4,2023-11,No,No,No,No,No,No,No
20231107,45237,7,Tuesday,2,45,11,November,Nov,Q4,4,2023,2023 Q4,2023-11,No,No,No,No,No,No,No
20231108,45238,8,Wednesday,3,45,11,November,Nov,Q4,4,2023,2023 Q4,2023-11,No,No,No,No,No,No,No
20231109,45239,9,Thursday,4,45,11,November,Nov,Q4,4,2023,2023 Q4,2023-11,No,No,No,No,No,No,No
20231110,45240,10,Friday,5,45,11,November,Nov,Q4,4,2023,2023 Q4,2023-11,No,No,No,No,No,No,No
20231111,45241,11,Saturday,6,45,11,November,Nov,Q4,4,2023,2023 Q4,2023-11,No,No,No,No,No,No,Yes
20231112,45242,12,Sunday,7,45,11,November,Nov,Q4,4,2023,2023 Q4,2023-11,No,No,No,No,No,No,Yes
20231113,45243,13,Monday,1,46,11,November,Nov,Q4,4,2023,2023 Q4,2023-11,No,No,No,No,No,No,No
20231114,45244,14,Tuesday,2,46,11,November,Nov,Q4,4,2023,2023 Q4,2023-11,No,No,No,No,No,No,No
20231115,45245,15,Wednesday,3,46,11,November,Nov,Q4,4,2023,2023 Q4,2023-11,No,No,No,No,No,No,No
20231116,45246,16,Thursday,4,46,11,November,Nov,Q4,4,2023,2023 Q4,2023-11,No,No,No,No,No,No,No
20231117,45247,17,Friday,5,46,11,November,Nov,Q4,4,2023,2023 Q4,2023-11,No,No,No,No,No,No,No
20231118,45248,18,Saturday,6,46,11,November,Nov,Q4,4,2023,2023 Q4,2023-11,No,No,No,No,No,No,Yes
20231119,45249,19,Sunday,7,46,11,November,Nov,Q4,4,2023,2023 Q4,2023-11,No,No,No,No,No,No,Yes
20231120,45250,20,Monday,1,47,11,November,Nov,Q4,4,2023,2023 Q4,2023-11,No,No,No,No,No,No,No
20231121,45251,21,Tuesday,2,47,11,November,Nov,Q4,4,2023,2023 Q4,2023-11,No,No,No,No,No,No,No
20231122,45252,22,Wednesday,3,47,11,November,Nov,Q4,4,2023,2023 Q4,2023-11,No,No,No,No,No,No,No
20231123,45253,23,Thursday,4,47,11,November,Nov,Q4,4,2023,2023 Q4,2023-11,No,No,No,No,No,No,No
20231124,45254,24,Friday,5,47,11,November,Nov,Q4,4,2023,2023 Q4,2023-11,No,No,No,No,No,No,No
20231125,45255,25,Saturday,6,47,11,November,Nov,Q4,4,2023,2023 Q4,2023-11,No,No,No,No,No,No,Yes
20231126,45256,26,Sunday,7,47,11,November,Nov,Q4,4,2023,2023 Q4,2023-11,No,No,No,No,No,No,Yes
20231127,45257,27,Monday,1,48,11,November,Nov,Q4,4,2023,2023 Q4,2023-11,No,No,No,No,No,No,No
20231128,45258,28,Tuesday,2,48,11,November,Nov,Q4,4,2023,2023 Q4,2023-11,No,No,No,No,No,No,No
20231129,45259,29,Wednesday,3,48,11,November,Nov,Q4,4,2023,2023 Q4,2023-11,No,No,No,No,No,No,No
20231130,45260,30,Thursday,4,48,11,November,Nov,Q4,4,2023,2023 Q4,2023-11,No,Yes,No,No,No,No,No
20231201,45261,1,Friday,5,48,12,December,Dec,Q4,4,2023,2023 Q4,2023-12,Yes,No,No,No,No,No,No
20231202,45262,2,Saturday,6,48,12,December,Dec,Q4,4,2023,2023 Q4,2023-12,No,No,No,No,No,No,Yes
20231203,45263,3,Sunday,7,48,12,December,Dec,Q4,4,2023,2023 Q4,2023-12,No,No,No,No,No,No,Yes
20231204,45264,4,Monday,1,49,12,December,Dec,Q4,4,2023,2023 Q4,2023-12,No,No,No,No,No,No,No
20231205,45265,5,Tuesday,2,49,12,December,Dec,Q4,4,2023,2023 Q4,2023-12,No,No,No,No,No,No,No
20231206,45266,6,Wednesday,3,49,12,December,Dec,Q4,4,2023,2023 Q4,2023-12,No,No,No,No,No,No,No
20231207,45267,7,Thursday,4,49,12,December,Dec,Q4,4,2023,2023 Q4,2023-12,No,No,No,No,No,No,No
20231208,45268,8,Friday,5,49,12,December,Dec,Q4,4,2023,2023 Q4,2023-12,No,No,No,No,No,No,No
20231209,45269,9,Saturday,6,49,12,December,Dec,Q4,4,2023,2023 Q4,2023-12,No,No,No,No,No,No,Yes
20231210,45270,10,Sunday,7,49,12,December,Dec,Q4,4,2023,2023 Q4,2023-12,No,No,No,No,No,No,Yes
20231211,45271,11,Monday,1,50,12,December,Dec,Q4,4,2023,2023 Q4,2023-12,No,No,No,No,No,No,No
20231212,45272,12,Tuesday,2,50,12,December,Dec,Q4,4,2023,2023 Q4,2023-12,No,No,No,No,No,No,No
20231213,45273,13,Wednesday,3,50,12,December,Dec,Q4,4,2023,2023 Q4,2023-12,No,No,No,No,No,No,No
20231214,45274,14,Thursday,4,50,12,December,Dec,Q4,4,2023,2023 Q4,2023-12,No,No,No,No,No,No,No
20231215,45275,15,Friday,5,50,12,December,Dec,Q4,4,2023,2023 Q4,2023-12,No,No,No,No,No,No,No
20231216,45276,16,Saturday,6,50,12,December,Dec,Q4,4,2023,2023 Q4,2023-12,No,No,No,No,No,No,Yes
20231217,45277,17,Sunday,7,50,12,December,Dec,Q4,4,2023,2023 Q4,2023-12,No,No,No,No,No,No,Yes
20231218,45278,18,Monday,1,51,12,December,Dec,Q4,4,2023,2023 Q4,2023-12,No,No,No,No,No,No,No
20231219,45279,19,Tuesday,2,51,12,December,Dec,Q4,4,2023,2023 Q4,2023-12,No,No,No,No,No,No,No
20231220,45280,20,Wednesday,3,51,12,December,Dec,Q4,4,2023,2023 Q4,2023-12,No,No,No,No,No,No,No
20231221,45281,21,Thursday,4,51,12,December,Dec,Q4,4,2023,2023 Q4,2023-12,No,No,No,No,No,No,No
20231222,45282,22,Friday,5,51,12,December,Dec,Q4,4,2023,2023 Q4,2023-12,No,No,No,No,No,No,No
20231223,45283,23,Saturday,6,51,12,December,Dec,Q4,4,2023,2023 Q4,2023-12,No,No,No,No,No,No,Yes
20231224,45284,24,Sunday,7,51,12,December,Dec,Q4,4,2023,2023 Q4,2023-12,No,No,No,No,No,No,Yes
20231225,45285,25,Monday,1,52,12,December,Dec,Q4,4,2023,2023 Q4,2023-12,No,No,No,No,No,No,No
20231226,45286,26,Tuesday,2,52,12,December,Dec,Q4,4,2023,2023 Q4,2023-12,No,No,No,No,No,No,No
20231227,45287,27,Wednesday,3,52,12,December,Dec,Q4,4,2023,2023 Q4,2023-12,No,No,No,No,No,No,No
20231228,45288,28,Thursday,4,52,12,December,Dec,Q4,4,2023,2023 Q4,2023-12,No,No,No,No,No,No,No
20231229,45289,29,Friday,5,52,12,December,Dec,Q4,4,2023,2023 Q4,2023-12,No,No,No,No,No,No,No
20231230,45290,30,Saturday,6,52,12,December,Dec,Q4,4,2023,2023 Q4,2023-12,No,No,No,No,No,No,Yes
20231231,45291,31,Sunday,7,52,12,December,Dec,Q4,4,2023,2023 Q4,2023-12,No,Yes,No,Yes,No,Yes,Yes
20240101,45292,1,Monday,1,1,1,January,Jan,Q1,1,2024,2024 Q1,2024-01,Yes,No,Yes,No,Yes,No,No
20240102,45293,2,Tuesday,2,1,1,January,Jan,Q1,1,2024,2024 Q1,2024-01,No,No,No,No,No,No,No
20240103,45294,3,Wednesday,3,1,1,January,Jan,Q1,1,2024,2024 Q1,2024-01,No,No,No,No,No,No,No
20240104,45295,4,Thursday,4,1,1,January,Jan,Q1,1,2024,2024 Q1,2024-01,No,No,No,No,No,No,No
20240105,45296,5,Friday,5,1,1,January,Jan,Q1,1,2024,2024 Q1,2024-01,No,No,No,No,No,No,No
20240106,45297,6,Saturday,6,1,1,January,Jan,Q1,1,2024,2024 Q1,2024-01,No,No,No,No,No,No,Yes
20240107,45298,7,Sunday,7,1,1,January,Jan,Q1,1,2024,2024 Q1,2024-01,No,No,No,No,No,No,Yes
20240108,45299,8,Monday,1,2,1,January,Jan,Q1,1,2024,2024 Q1,2024-01,No,No,No,No,No,No,No
20240109,45300,9,Tuesday,2,2,1,January,Jan,Q1,1,2024,2024 Q1,2024-01,No,No,No,No,No,No,No
20240110,45301,10,Wednesday,3,2,1,January,Jan,Q1,1,2024,2024 Q1,2024-01,No,No,No,No,No,No,No
20240111,45302,11,Thursday,4,2,1,January,Jan,Q1,1,2024,2024 Q1,2024-01,No,No,No,No,No,No,No
20240112,45303,12,Friday,5,2,1,January,Jan,Q1,1,2024,2024 Q1,2024-01,No,No,No,No,No,No,No
20240113,45304,13,Saturday,6,2,1,January,Jan,Q1,1,2024,2024 Q1,2024-01,No,No,No,No,No,No,Yes
20240114,45305,14,Sunday,7,2,1,January,Jan,Q1,1,2024,2024 Q1,2024-01,No,No,No,No,No,No,Yes
20240115,45306,15,Monday,1,3,1,January,Jan,Q1,1,2024,2024 Q1,2024-01,No,No,No,No,No,No,No
20240116,45307,16,Tuesday,2,3,1,January,Jan,Q1,1,2024,2024 Q1,2024-01,No,No,No,No,No,No,No
20240117,45308,17,Wednesday,3,3,1,January,Jan,Q1,1,2024,2024 Q1,2024-01,No,No,No,No,No,No,No
20240118,45309,18,Thursday,4,3,1,January,Jan,Q1,1,2024,2024 Q1,2024-01,No,No,No,No,No,No,No
20240119,45310,19,Friday,5,3,1,January,Jan,Q1,1,2024,2024 Q1,2024-01,No,No,No,No,No,No,No
20240120,45311,20,Saturday,6,3,1,January,Jan,Q1,1,2024,2024 Q1,2024-01,No,No,No,No,No,No,Yes
20240121,45312,21,Sunday,7,3,1,January,Jan,Q1,1,2024,2024 Q1,2024-01,No,No,No,No,No,No,Yes
20240122,45313,22,Monday,1,4,1,January,Jan,Q1,1,2024,2024 Q1,2024-01,No,No,No,No,No,No,No
20240123,45314,23,Tuesday,2,4,1,January,Jan,Q1,1,2024,2024 Q1,2024-01,No,No,No,No,No,No,No
20240124,45315,24,Wednesday,3,4,1,January,Jan,Q1,1,2024,2024 Q1,2024-01,No,No,No,No,No,No,No
20240125,45316,25,Thursday,4,4,1,January,Jan,Q1,1,2024,2024 Q1,2024-01,No,No,No,No,No,No,No
20240126,45317,26,Friday,5,4,1,January,Jan,Q1,1,2024,2024 Q1,2024-01,No,No,No,No,No,No,No
20240127,45318,27,Saturday,6,4,1,January,Jan,Q1,1,2024,2024 Q1,2024-01,No,No,No,No,No,No,Yes
20240128,45319,28,Sunday,7,4,1,January,Jan,Q1,1,2024,2024 Q1,2024-01,No,No,No,No,No,No,Yes
20240129,45320,29,Monday,1,5,1,January,Jan,Q1,1,2024,2024 Q1,2024-01,No,No,No,No,No,No,No
20240130,45321,30,Tuesday,2,5,1,January,Jan,Q1,1,2024,2024 Q1,2024-01,No,No,No,No,No,No,No
20240131,45322,31,Wednesday,3,5,1,January,Jan,Q1,1,2024,2024 Q1,2024-01,No,Yes,No,No,No,No,No
20240201,45323,1,Thursday,4,5,2,February,Feb,Q1,1,2024,2024 Q1,2024-02,Yes,No,No,No,No,No,No
20240202,45324,2,Friday,5,5,2,February,Feb,Q1,1,2024,2024 Q1,2024-02,No,No,No,No,No,No,No
20240203,45325,3,Saturday,6,5,2,February,Feb,Q1,1,2024,2024 Q1,2024-02,No,No,No,No,No,No,Yes
20240204,45326,4,Sunday,7,5,2,February,Feb,Q1,1,2024,2024 Q1,2024-02,No,No,No,No,No,No,Yes
20240205,45327,5,Monday,1,6,2,February,Feb,Q1,1,2024,2024 Q1,2024-02,No,No,No,No,No,No,No
20240206,45328,6,Tuesday,2,6,2,February,Feb,Q1,1,2024,2024 Q1,2024-02,No,No,No,No,No,No,No
20240207,45329,7,Wednesday,3,6,2,February,Feb,Q1,1,2024,2024 Q1,2024-02,No,No,No,No,No,No,No
20240208,45330,8,Thursday,4,6,2,February,Feb,Q1,1,2024,2024 Q1,2024-02,No,No,No,No,No,No,No
20240209,45331,9,Friday,5,6,2,February,Feb,Q1,1,2024,2024 Q1,2024-02,No,No,No,No,No,No,No
20240210,45332,10,Saturday,6,6,2,February,Feb,Q1,1,2024,2024 Q1,2024-02,No,No,No,No,No,No,Yes
20240211,45333,11,Sunday,7,6,2,February,Feb,Q1,1,2024,2024 Q1,2024-02,No,No,No,No,No,No,Yes
20240212,45334,12,Monday,1,7,2,February,Feb,Q1,1,2024,2024 Q1,2024-02,No,No,No,No,No,No,No
20240213,45335,13,Tuesday,2,7,2,February,Feb,Q1,1,2024,2024 Q1,2024-02,No,No,No,No,No,No,No
20240214,45336,14,Wednesday,3,7,2,February,Feb,Q1,1,2024,2024 Q1,2024-02,No,No,No,No,No,No,No
20240215,45337,15,Thursday,4,7,2,February,Feb,Q1,1,2024,2024 Q1,2024-02,No,No,No,No,No,No,No
20240216,45338,16,Friday,5,7,2,February,Feb,Q1,1,2024,2024 Q1,2024-02,No,No,No,No,No,No,No
20240217,45339,17,Saturday,6,7,2,February,Feb,Q1,1,2024,2024 Q1,2024-02,No,No,No,No,No,No,Yes
20240218,45340,18,Sunday,7,7,2,February,Feb,Q1,1,2024,2024 Q1,2024-02,No,No,No,No,No,No,Yes
20240219,45341,19,Monday,1,8,2,February,Feb,Q1,1,2024,2024 Q1,2024-02,No,No,No,No,No,No,No
20240220,45342,20,Tuesday,2,8,2,February,Feb,Q1,1,2024,2024 Q1,2024-02,No,No,No,No,No,No,No
20240221,45343,21,Wednesday,3,8,2,February,Feb,Q1,1,2024,2024 Q1,2024-02,No,No,No,No,No,No,No
20240222,45344,22,Thursday,4,8,2,February,Feb,Q1,1,2024,2024 Q1,2024-02,No,No,No,No,No,No,No
20240223,45345,23,Friday,5,8,2,February,Feb,Q1,1,2024,2024 Q1,2024-02,No,No,No,No,No,No,No
20240224,45346,24,Saturday,6,8,2,February,Feb,Q1,1,2024,2024 Q1,2024-02,No,No,No,No,No,No,Yes
20240225,45347,25,Sunday,7,8,2,February,Feb,Q1,1,2024,2024 Q1,2024-02,No,No,No,No,No,No,Yes
20240226,45348,26,Monday,1,9,2,February,Feb,Q1,1,2024,2024 Q1,2024-02,No,No,No,No,No,No,No
20240227,45349,27,Tuesday,2,9,2,February,Feb,Q1,1,2024,2024 Q1,2024-02,No,No,No,No,No,No,No
20240228,45350,28,Wednesday,3,9,2,February,Feb,Q1,1,2024,2024 Q1,2024-02,No,No,No,No,No,No,No
20240229,45351,29,Thursday,4,9,2,February,Feb,Q1,1,2024,2024 Q1,2024-02,No,Yes,No,No,No,No,No
20240301,45352,1,Friday,5,9,3,March,Mar,Q1,1,2024,2024 Q1,2024-03,Yes,No,No,No,No,No,No
20240302,45353,2,Saturday,6,9,3,March,Mar,Q1,1,2024,2024 Q1,2024-03,No,No,No,No,No,No,Yes
20240303,45354,3,Sunday,7,9,3,March,Mar,Q1,1,2024,2024 Q1,2024-03,No,No,No,No,No,No,Yes
20240304,45355,4,Monday,1,10,3,March,Mar,Q1,1,2024,2024 Q1,2024-03,No,No,No,No,No,No,No
20240305,45356,5,Tuesday,2,10,3,March,Mar,Q1,1,2024,2024 Q1,2024-03,No,No,No,No,No,No,No
20240306,45357,6,Wednesday,3,10,3,March,Mar,Q1,1,2024,2024 Q1,2024-03,No,No,No,No,No,No,No
20240307,45358,7,Thursday,4,10,3,March,Mar,Q1,1,2024,2024 Q1,2024-03,No,No,No,No,No,No,No
20240308,45359,8,Friday,5,10,3,March,Mar,Q1,1,2024,2024 Q1,2024-03,No,No,No,No,No,No,No
20240309,45360,9,Saturday,6,10,3,March,Mar,Q1,1,2024,2024 Q1,2024-03,No,No,No,No,No,No,Yes
20240310,45361,10,Sunday,7,10,3,March,Mar,Q1,1,2024,2024 Q1,2024-03,No,No,No,No,No,No,Yes
20240311,45362,11,Monday,1,11,3,March,Mar,Q1,1,2024,2024 Q1,2024-03,No,No,No,No,No,No,No
20240312,45363,12,Tuesday,2,11,3,March,Mar,Q1,1,2024,2024 Q1,2024-03,No,No,No,No,No,No,No
20240313,45364,13,Wednesday,3,11,3,March,Mar,Q1,1,2024,2024 Q1,2024-03,No,No,No,No,No,No,No
20240314,45365,14,Thursday,4,11,3,March,Mar,Q1,1,2024,2024 Q1,2024-03,No,No,No,No,No,No,No
20240315,45366,15,Friday,5,11,3,March,Mar,Q1,1,2024,2024 Q1,2024-03,No,No,No,No,No,No,No
20240316,45367,16,Saturday,6,11,3,March,Mar,Q1,1,2024,2024 Q1,2024-03,No,No,No,No,No,No,Yes
20240317,45368,17,Sunday,7,11,3,March,Mar,Q1,1,2024,2024 Q1,2024-03,No,No,No,No,No,No,Yes
20240318,45369,18,Monday,1,12,3,March,Mar,Q1,1,2024,2024 Q1,2024-03,No,No,No,No,No,No,No
20240319,45370,19,Tuesday,2,12,3,March,Mar,Q1,1,2024,2024 Q1,2024-03,No,No,No,No,No,No,No
20240320,45371,20,Wednesday,3,12,3,March,Mar,Q1,1,2024,2024 Q1,2024-03,No,No,No,No,No,No,No
20240321,45372,21,Thursday,4,12,3,March,Mar,Q1,1,2024,2024 Q1,2024-03,No,No,No,No,No,No,No
20240322,45373,22,Friday,5,12,3,March,Mar,Q1,1,2024,2024 Q1,2024-03,No,No,No,No,No,No,No
20240323,45374,23,Saturday,6,12,3,March,Mar,Q1,1,2024,2024 Q1,2024-03,No,No,No,No,No,No,Yes
20240324,45375,24,Sunday,7,12,3,March,Mar,Q1,1,2024,2024 Q1,2024-03,No,No,No,No,No,No,Yes
20240325,45376,25,Monday,1,13,3,March,Mar,Q1,1,2024,2024 Q1,2024-03,No,No,No,No,No,No,No
20240326,45377,26,Tuesday,2,13,3,March,Mar,Q1,1,2024,2024 Q1,2024-03,No,No,No,No,No,No,No
20240327,45378,27,Wednesday,3,13,3,March,Mar,Q1,1,2024,2024 Q1,2024-03,No,No,No,No,No,No,No
20240328,45379,28,Thursday,4,13,3,March,Mar,Q1,1,2024,2024 Q1,2024-03,No,No,No,No,No,No,No
20240329,45380,29,Friday,5,13,3,March,Mar,Q1,1,2024,2024 Q1,2024-03,No,No,No,No,No,No,No
20240330,45381,30,Saturday,6,13,3,March,Mar,Q1,1,2024,2024 Q1,2024-03,No,No,No,No,No,No,Yes
20240331,45382,31,Sunday,7,13,3,March,Mar,Q1,1,2024,2024 Q1,2024-03,No,Yes,No,Yes,No,No,Yes
20240401,45383,1,Monday,1,14,4,April,Apr,Q2,2,2024,2024 Q2,2024-04,Yes,No,Yes,No,No,No,No
20240402,45384,2,Tuesday,2,14,4,April,Apr,Q2,2,2024,2024 Q2,2024-04,No,No,No,No,No,No,No
20240403,45385,3,Wednesday,3,14,4,April,Apr,Q2,2,2024,2024 Q2,2024-04,No,No,No,No,No,No,No
20240404,45386,4,Thursday,4,14,4,April,Apr,Q2,2,2024,2024 Q2,2024-04,No,No,No,No,No,No,No
20240405,45387,5,Friday,5,14,4,April,Apr,Q2,2,2024,2024 Q2,2024-04,No,No,No,No,No,No,No
20240406,45388,6,Saturday,6,14,4,April,Apr,Q2,2,2024,2024 Q2,2024-04,No,No,No,No,No,No,Yes
20240407,45389,7,Sunday,7,14,4,April,Apr,Q2,2,2024,2024 Q2,2024-04,No,No,No,No,No,No,Yes
20240408,45390,8,Monday,1,15,4,April,Apr,Q2,2,2024,2024 Q2,2024-04,No,No,No,No,No,No,No
20240409,45391,9,Tuesday,2,15,4,April,Apr,Q2,2,2024,2024 Q2,2024-04,No,No,No,No,No,No,No
20240410,45392,10,Wednesday,3,15,4,April,Apr,Q2,2,2024,2024 Q2,2024-04,No,No,No,No,No,No,No
20240411,45393,11,Thursday,4,15,4,April,Apr,Q2,2,2024,2024 Q2,2024-04,No,No,No,No,No,No,No
20240412,45394,12,Friday,5,15,4,April,Apr,Q2,2,2024,2024 Q2,2024-04,No,No,No,No,No,No,No
20240413,45395,13,Saturday,6,15,4,April,Apr,Q2,2,2024,2024 Q2,2024-04,No,No,No,No,No,No,Yes
20240414,45396,14,Sunday,7,15,4,April,Apr,Q2,2,2024,2024 Q2,2024-04,No,No,No,No,No,No,Yes
20240415,45397,15,Monday,1,16,4,April,Apr,Q2,2,2024,2024 Q2,2024-04,No,No,No,No,No,No,No
20240416,45398,16,Tuesday,2,16,4,April,Apr,Q2,2,2024,2024 Q2,2024-04,No,No,No,No,No,No,No
20240417,45399,17,Wednesday,3,16,4,April,Apr,Q2,2,2024,2024 Q2,2024-04,No,No,No,No,No,No,No
20240418,45400,18,Thursday,4,16,4,April,Apr,Q2,2,2024,2024 Q2,2024-04,No,No,No,No,No,No,No
20240419,45401,19,Friday,5,16,4,April,Apr,Q2,2,2024,2024 Q2,2024-04,No,No,No,No,No,No,No
20240420,45402,20,Saturday,6,16,4,April,Apr,Q2,2,2024,2024 Q2,2024-04,No,No,No,No,No,No,Yes
20240421,45403,21,Sunday,7,16,4,April,Apr,Q2,2,2024,2024 Q2,2024-04,No,No,No,No,No,No,Yes
20240422,45404,22,Monday,1,17,4,April,Apr,Q2,2,2024,2024 Q2,2024-04,No,No,No,No,No,No,No
20240423,45405,23,Tuesday,2,17,4,April,Apr,Q2,2,2024,2024 Q2,2024-04,No,No,No,No,No,No,No
20240424,45406,24,Wednesday,3,17,4,April,Apr,Q2,2,2024,2024 Q2,2024-04,No,No,No,No,No,No,No
20240425,45407,25,Thursday,4,17,4,April,Apr,Q2,2,2024,2024 Q2,2024-04,No,No,No,No,No,No,No
20240426,45408,26,Friday,5,17,4,April,Apr,Q2,2,2024,2024 Q2,2024-04,No,No,No,No,No,No,No
20240427,45409,27,Saturday,6,17,4,April,Apr,Q2,2,2024,2024 Q2,2024-04,No,No,No,No,No,No,Yes
20240428,45410,28,Sunday,7,17,4,April,Apr,Q2,2,2024,2024 Q2,2024-04,No,No,No,No,No,No,Yes
20240429,45411,29,Monday,1,18,4,April,Apr,Q2,2,2024,2024 Q2,2024-04,No,No,No,No,No,No,No
20240430,45412,30,Tuesday,2,18,4,April,Apr,Q2,2,2024,2024 Q2,2024-04,No,Yes,No,No,No,No,No
20240501,45413,1,Wednesday,3,18,5,May,May,Q2,2,2024,2024 Q2,2024-05,Yes,No,No,No,No,No,No
20240502,45414,2,Thursday,4,18,5,May,May,Q2,2,2024,2024 Q2,2024-05,No,No,No,No,No,No,No
20240503,45415,3,Friday,5,18,5,May,May,Q2,2,2024,2024 Q2,2024-05,No,No,No,No,No,No,No
20240504,45416,4,Saturday,6,18,5,May,May,Q2,2,2024,2024 Q2,2024-05,No,No,No,No,No,No,Yes
20240505,45417,5,Sunday,7,18,5,May,May,Q2,2,2024,2024 Q2,2024-05,No,No,No,No,No,No,Yes
20240506,45418,6,Monday,1,19,5,May,May,Q2,2,2024,2024 Q2,2024-05,No,No,No,No,No,No,No
20240507,45419,7,Tuesday,2,19,5,May,May,Q2,2,2024,2024 Q2,2024-05,No,No,No,No,No,No,No
20240508,45420,8,Wednesday,3,19,5,May,May,Q2,2,2024,2024 Q2,2024-05,No,No,No,No,No,No,No
20240509,45421,9,Thursday,4,19,5,May,May,Q2,2,2024,2024 Q2,2024-05,No,No,No,No,No,No,No
20240510,45422,10,Friday,5,19,5,May,May,Q2,2,2024,2024 Q2,2024-05,No,No,No,No,No,No,No
20240511,45423,11,Saturday,6,19,5,May,May,Q2,2,2024,2024 Q2,2024-05,No,No,No,No,No,No,Yes
20240512,45424,12,Sunday,7,19,5,May,May,Q2,2,2024,2024 Q2,2024-05,No,No,No,No,No,No,Yes
20240513,45425,13,Monday,1,20,5,May,May,Q2,2,2024,2024 Q2,2024-05,No,No,No,No,No,No,No
20240514,45426,14,Tuesday,2,20,5,May,May,Q2,2,2024,2024 Q2,2024-05,No,No,No,No,No,No,No
20240515,45427,15,Wednesday,3,20,5,May,May,Q2,2,2024,2024 Q2,2024-05,No,No,No,No,No,No,No
20240516,45428,16,Thursday,4,20,5,May,May,Q2,2,2024,2024 Q2,2024-05,No,No,No,No,No,No,No
20240517,45429,17,Friday,5,20,5,May,May,Q2,2,2024,2024 Q2,2024-05,No,No,No,No,No,No,No
20240518,45430,18,Saturday,6,20,5,May,May,Q2,2,2024,2024 Q2,2024-05,No,No,No,No,No,No,Yes
20240519,45431,19,Sunday,7,20,5,May,May,Q2,2,2024,2024 Q2,2024-05,No,No,No,No,No,No,Yes
20240520,45432,20,Monday,1,21,5,May,May,Q2,2,2024,2024 Q2,2024-05,No,No,No,No,No,No,No
20240521,45433,21,Tuesday,2,21,5,May,May,Q2,2,2024,2024 Q2,2024-05,No,No,No,No,No,No,No
20240522,45434,22,Wednesday,3,21,5,May,May,Q2,2,2024,2024 Q2,2024-05,No,No,No,No,No,No,No
20240523,45435,23,Thursday,4,21,5,May,May,Q2,2,2024,2024 Q2,2024-05,No,No,No,No,No,No,No
20240524,45436,24,Friday,5,21,5,May,May,Q2,2,2024,2024 Q2,2024-05,No,No,No,No,No,No,No
20240525,45437,25,Saturday,6,21,5,May,May,Q2,2,2024,2024 Q2,2024-05,No,No,No,No,No,No,Yes
20240526,45438,26,Sunday,7,21,5,May,May,Q2,2,2024,2024 Q2,2024-05,No,No,No,No,No,No,Yes
20240527,45439,27,Monday,1,22,5,May,May,Q2,2,2024,2024 Q2,2024-05,No,No,No,No,No,No,No
20240528,45440,28,Tuesday,2,22,5,May,May,Q2,2,2024,2024 Q2,2024-05,No,No,No,No,No,No,No
20240529,45441,29,Wednesday,3,22,5,May,May,Q2,2,2024,2024 Q2,2024-05,No,No,No,No,No,No,No
20240530,45442,30,Thursday,4,22,5,May,May,Q2,2,2024,2024 Q2,2024-05,No,No,No,No,No,No,No
20240531,45443,31,Friday,5,22,5,May,May,Q2,2,2024,2024 Q2,2024-05,No,Yes,No,No,No,No,No
20240601,45444,1,Saturday,6,22,6,June,Jun,Q2,2,2024,2024 Q2,2024-06,Yes,No,No,No,No,No,Yes
20240602,45445,2,Sunday,7,22,6,June,Jun,Q2,2,2024,2024 Q2,2024-06,No,No,No,No,No,No,Yes
20240603,45446,3,Monday,1,23,6,June,Jun,Q2,2,2024,2024 Q2,2024-06,No,No,No,No,No,No,No
20240604,45447,4,Tuesday,2,23,6,June,Jun,Q2,2,2024,2024 Q2,2024-06,No,No,No,No,No,No,No
20240605,45448,5,Wednesday,3,23,6,June,Jun,Q2,2,2024,2024 Q2,2024-06,No,No,No,No,No,No,No
20240606,45449,6,Thursday,4,23,6,June,Jun,Q2,2,2024,2024 Q2,2024-06,No,No,No,No,No,No,No
20240607,45450,7,Friday,5,23,6,June,Jun,Q2,2,2024,2024 Q2,2024-06,No,No,No,No,No,No,No
20240608,45451,8,Saturday,6,23,6,June,Jun,Q2,2,2024,2024 Q2,2024-06,No,No,No,No,No,No,Yes
20240609,45452,9,Sunday,7,23,6,June,Jun,Q2,2,2024,2024 Q2,2024-06,No,No,No,No,No,No,Yes
20240610,45453,10,Monday,1,24,6,June,Jun,Q2,2,2024,2024 Q2,2024-06,No,No,No,No,No,No,No
20240611,45454,11,Tuesday,2,24,6,June,Jun,Q2,2,2024,2024 Q2,2024-06,No,No,No,No,No,No,No
20240612,45455,12,Wednesday,3,24,6,June,Jun,Q2,2,2024,2024 Q2,2024-06,No,No,No,No,No,No,No
20240613,45456,13,Thursday,4,24,6,June,Jun,Q2,2,2024,2024 Q2,2024-06,No,No,No,No,No,No,No
20240614,45457,14,Friday,5,24,6,June,Jun,Q2,2,2024,2024 Q2,2024-06,No,No,No,No,No,No,No
20240615,45458,15,Saturday,6,24,6,June,Jun,Q2,2,2024,2024 Q2,2024-06,No,No,No,No,No,No,Yes
20240616,45459,16,Sunday,7,24,6,June,Jun,Q2,2,2024,2024 Q2,2024-06,No,No,No,No,No,No,Yes
20240617,45460,17,Monday,1,25,6,June,Jun,Q2,2,2024,2024 Q2,2024-06,No,No,No,No,No,No,No
20240618,45461,18,Tuesday,2,25,6,June,Jun,Q2,2,2024,2024 Q2,2024-06,No,No,No,No,No,No,No
20240619,45462,19,Wednesday,3,25,6,June,Jun,Q2,2,2024,2024 Q2,2024-06,No,No,No,No,No,No,No
20240620,45463,20,Thursday,4,25,6,June,Jun,Q2,2,2024,2024 Q2,2024-06,No,No,No,No,No,No,No
20240621,45464,21,Friday,5,25,6,June,Jun,Q2,2,2024,2024 Q2,2024-06,No,No,No,No,No,No,No
20240622,45465,22,Saturday,6,25,6,June,Jun,Q2,2,2024,2024 Q2,2024-06,No,No,No,No,No,No,Yes
20240623,45466,23,Sunday,7,25,6,June,Jun,Q2,2,2024,2024 Q2,2024-06,No,No,No,No,No,No,Yes
20240624,45467,24,Monday,1,26,6,June,Jun,Q2,2,2024,2024 Q2,2024-06,No,No,No,No,No,No,No
20240625,45468,25,Tuesday,2,26,6,June,Jun,Q2,2,2024,2024 Q2,2024-06,No,No,No,No,No,No,No
20240626,45469,26,Wednesday,3,26,6,June,Jun,Q2,2,2024,2024 Q2,2024-06,No,No,No,No,No,No,No
20240627,45470,27,Thursday,4,26,6,June,Jun,Q2,2,2024,2024 Q2,2024-06,No,No,No,No,No,No,No
20240628,45471,28,Friday,5,26,6,June,Jun,Q2,2,2024,2024 Q2,2024-06,No,No,No,No,No,No,No
20240629,45472,29,Saturday,6,26,6,June,Jun,Q2,2,2024,2024 Q2,2024-06,No,No,No,No,No,No,Yes
20240630,45473,30,Sunday,7,26,6,June,Jun,Q2,2,2024,2024 Q2,2024-06,No,Yes,No,Yes,No,No,Yes
20240701,45474,1,Monday,1,27,7,July,Jul,Q3,3,2024,2024 Q3,2024-07,Yes,No,Yes,No,No,No,No
20240702,45475,2,Tuesday,2,27,7,July,Jul,Q3,3,2024,2024 Q3,2024-07,No,No,No,No,No,No,No
20240703,45476,3,Wednesday,3,27,7,July,Jul,Q3,3,2024,2024 Q3,2024-07,No,No,No,No,No,No,No
20240704,45477,4,Thursday,4,27,7,July,Jul,Q3,3,2024,2024 Q3,2024-07,No,No,No,No,No,No,No
20240705,45478,5,Friday,5,27,7,July,Jul,Q3,3,2024,2024 Q3,2024-07,No,No,No,No,No,No,No
20240706,45479,6,Saturday,6,27,7,July,Jul,Q3,3,2024,2024 Q3,2024-07,No,No,No,No,No,No,Yes
20240707,45480,7,Sunday,7,27,7,July,Jul,Q3,3,2024,2024 Q3,2024-07,No,No,No,No,No,No,Yes
20240708,45481,8,Monday,1,28,7,July,Jul,Q3,3,2024,2024 Q3,2024-07,No,No,No,No,No,No,No
20240709,45482,9,Tuesday,2,28,7,July,Jul,Q3,3,2024,2024 Q3,2024-07,No,No,No,No,No,No,No
20240710,45483,10,Wednesday,3,28,7,July,Jul,Q3,3,2024,2024 Q3,2024-07,No,No,No,No,No,No,No
20240711,45484,11,Thursday,4,28,7,July,Jul,Q3,3,2024,2024 Q3,2024-07,No,No,No,No,No,No,No
20240712,45485,12,Friday,5,28,7,July,Jul,Q3,3,2024,2024 Q3,2024-07,No,No,No,No,No,No,No
20240713,45486,13,Saturday,6,28,7,July,Jul,Q3,3,2024,2024 Q3,2024-07,No,No,No,No,No,No,Yes
20240714,45487,14,Sunday,7,28,7,July,Jul,Q3,3,2024,2024 Q3,2024-07,No,No,No,No,No,No,Yes
20240715,45488,15,Monday,1,29,7,July,Jul,Q3,3,2024,2024 Q3,2024-07,No,No,No,No,No,No,No
20240716,45489,16,Tuesday,2,29,7,July,Jul,Q3,3,2024,2024 Q3,2024-07,No,No,No,No,No,No,No
20240717,45490,17,Wednesday,3,29,7,July,Jul,Q3,3,2024,2024 Q3,2024-07,No,No,No,No,No,No,No
20240718,45491,18,Thursday,4,29,7,July,Jul,Q3,3,2024,2024 Q3,2024-07,No,No,No,No,No,No,No
20240719,45492,19,Friday,5,29,7,July,Jul,Q3,3,2024,2024 Q3,2024-07,No,No,No,No,No,No,No
20240720,45493,20,Saturday,6,29,7,July,Jul,Q3,3,2024,2024 Q3,2024-07,No,No,No,No,No,No,Yes
20240721,45494,21,Sunday,7,29,7,July,Jul,Q3,3,2024,2024 Q3,2024-07,No,No,No,No,No,No,Yes
20240722,45495,22,Monday,1,30,7,July,Jul,Q3,3,2024,2024 Q3,2024-07,No,No,No,No,No,No,No
20240723,45496,23,Tuesday,2,30,7,July,Jul,Q3,3,2024,2024 Q3,2024-07,No,No,No,No,No,No,No
20240724,45497,24,Wednesday,3,30,7,July,Jul,Q3,3,2024,2024 Q3,2024-07,No,No,No,No,No,No,No
20240725,45498,25,Thursday,4,30,7,July,Jul,Q3,3,2024,2024 Q3,2024-07,No,No,No,No,No,No,No
20240726,45499,26,Friday,5,30,7,July,Jul,Q3,3,2024,2024 Q3,2024-07,No,No,No,No,No,No,No
20240727,45500,27,Saturday,6,30,7,July,Jul,Q3,3,2024,2024 Q3,2024-07,No,No,No,No,No,No,Yes
20240728,45501,28,Sunday,7,30,7,July,Jul,Q3,3,2024,2024 Q3,2024-07,No,No,No,No,No,No,Yes
20240729,45502,29,Monday,1,31,7,July,Jul,Q3,3,2024,2024 Q3,2024-07,No,No,No,No,No,No,No
20240730,45503,30,Tuesday,2,31,7,July,Jul,Q3,3,2024,2024 Q3,2024-07,No,No,No,No,No,No,No
20240731,45504,31,Wednesday,3,31,7,July,Jul,Q3,3,2024,2024 Q3,2024-07,No,Yes,No,No,No,No,No
20240801,45505,1,Thursday,4,31,8,August,Aug,Q3,3,2024,2024 Q3,2024-08,Yes,No,No,No,No,No,No
20240802,45506,2,Friday,5,31,8,August,Aug,Q3,3,2024,2024 Q3,2024-08,No,No,No,No,No,No,No
20240803,45507,3,Saturday,6,31,8,August,Aug,Q3,3,2024,2024 Q3,2024-08,No,No,No,No,No,No,Yes
20240804,45508,4,Sunday,7,31,8,August,Aug,Q3,3,2024,2024 Q3,2024-08,No,No,No,No,No,No,Yes
20240805,45509,5,Monday,1,32,8,August,Aug,Q3,3,2024,2024 Q3,2024-08,No,No,No,No,No,No,No
20240806,45510,6,Tuesday,2,32,8,August,Aug,Q3,3,2024,2024 Q3,2024-08,No,No,No,No,No,No,No
20240807,45511,7,Wednesday,3,32,8,August,Aug,Q3,3,2024,2024 Q3,2024-08,No,No,No,No,No,No,No
20240808,45512,8,Thursday,4,32,8,August,Aug,Q3,3,2024,2024 Q3,2024-08,No,No,No,No,No,No,No
20240809,45513,9,Friday,5,32,8,August,Aug,Q3,3,2024,2024 Q3,2024-08,No,No,No,No,No,No,No
20240810,45514,10,Saturday,6,32,8,August,Aug,Q3,3,2024,2024 Q3,2024-08,No,No,No,No,No,No,Yes
20240811,45515,11,Sunday,7,32,8,August,Aug,Q3,3,2024,2024 Q3,2024-08,No,No,No,No,No,No,Yes
20240812,45516,12,Monday,1,33,8,August,Aug,Q3,3,2024,2024 Q3,2024-08,No,No,No,No,No,No,No
20240813,45517,13,Tuesday,2,33,8,August,Aug,Q3,3,2024,2024 Q3,2024-08,No,No,No,No,No,No,No
20240814,45518,14,Wednesday,3,33,8,August,Aug,Q3,3,2024,2024 Q3,2024-08,No,No,No,No,No,No,No
20240815,45519,15,Thursday,4,33,8,August,Aug,Q3,3,2024,2024 Q3,2024-08,No,No,No,No,No,No,No
20240816,45520,16,Friday,5,33,8,August,Aug,Q3,3,2024,2024 Q3,2024-08,No,No,No,No,No,No,No
20240817,45521,17,Saturday,6,33,8,August,Aug,Q3,3,2024,2024 Q3,2024-08,No,No,No,No,No,No,Yes
20240818,45522,18,Sunday,7,33,8,August,Aug,Q3,3,2024,2024 Q3,2024-08,No,No,No,No,No,No,Yes
20240819,45523,19,Monday,1,34,8,August,Aug,Q3,3,2024,2024 Q3,2024-08,No,No,No,No,No,No,No
20240820,45524,20,Tuesday,2,34,8,August,Aug,Q3,3,2024,2024 Q3,2024-08,No,No,No,No,No,No,No
20240821,45525,21,Wednesday,3,34,8,August,Aug,Q3,3,2024,2024 Q3,2024-08,No,No,No,No,No,No,No
20240822,45526,22,Thursday,4,34,8,August,Aug,Q3,3,2024,2024 Q3,2024-08,No,No,No,No,No,No,No
20240823,45527,23,Friday,5,34,8,August,Aug,Q3,3,2024,2024 Q3,2024-08,No,No,No,No,No,No,No
20240824,45528,24,Saturday,6,34,8,August,Aug,Q3,3,2024,2024 Q3,2024-08,No,No,No,No,No,No,Yes
20240825,45529,25,Sunday,7,34,8,August,Aug,Q3,3,2024,2024 Q3,2024-08,No,No,No,No,No,No,Yes
20240826,45530,26,Monday,1,35,8,August,Aug,Q3,3,2024,2024 Q3,2024-08,No,No,No,No,No,No,No
20240827,45531,27,Tuesday,2,35,8,August,Aug,Q3,3,2024,2024 Q3,2024-08,No,No,No,No,No,No,No
20240828,45532,28,Wednesday,3,35,8,August,Aug,Q3,3,2024,2024 Q3,2024-08,No,No,No,No,No,No,No
20240829,45533,29,Thursday,4,35,8,August,Aug,Q3,3,2024,2024 Q3,2024-08,No,No,No,No,No,No,No
20240830,45534,30,Friday,5,35,8,August,Aug,Q3,3,2024,2024 Q3,2024-08,No,No,No,No,No,No,No
20240831,45535,31,Saturday,6,35,8,August,Aug,Q3,3,2024,2024 Q3,2024-08,No,Yes,No,No,No,No,Yes
20240901,45536,1,Sunday,7,35,9,September,Sep,Q3,3,2024,2024 Q3,2024-09,Yes,No,No,No,No,No,Yes
20240902,45537,2,Monday,1,36,9,September,Sep,Q3,3,2024,2024 Q3,2024-09,No,No,No,No,No,No,No
20240903,45538,3,Tuesday,2,36,9,September,Sep,Q3,3,2024,2024 Q3,2024-09,No,No,No,No,No,No,No
20240904,45539,4,Wednesday,3,36,9,September,Sep,Q3,3,2024,2024 Q3,2024-09,No,No,No,No,No,No,No
20240905,45540,5,Thursday,4,36,9,September,Sep,Q3,3,2024,2024 Q3,2024-09,No,No,No,No,No,No,No
20240906,45541,6,Friday,5,36,9,September,Sep,Q3,3,2024,2024 Q3,2024-09,No,No,No,No,No,No,No
20240907,45542,7,Saturday,6,36,9,September,Sep,Q3,3,2024,2024 Q3,2024-09,No,No,No,No,No,No,Yes
20240908,45543,8,Sunday,7,36,9,September,Sep,Q3,3,2024,2024 Q3,2024-09,No,No,No,No,No,No,Yes
20240909,45544,9,Monday,1,37,9,September,Sep,Q3,3,2024,2024 Q3,2024-09,No,No,No,No,No,No,No
20240910,45545,10,Tuesday,2,37,9,September,Sep,Q3,3,2024,2024 Q3,2024-09,No,No,No,No,No,No,No
20240911,45546,11,Wednesday,3,37,9,September,Sep,Q3,3,2024,2024 Q3,2024-09,No,No,No,No,No,No,No
20240912,45547,12,Thursday,4,37,9,September,Sep,Q3,3,2024,2024 Q3,2024-09,No,No,No,No,No,No,No
20240913,45548,13,Friday,5,37,9,September,Sep,Q3,3,2024,2024 Q3,2024-09,No,No,No,No,No,No,No
20240914,45549,14,Saturday,6,37,9,September,Sep,Q3,3,2024,2024 Q3,2024-09,No,No,No,No,No,No,Yes
20240915,45550,15,Sunday,7,37,9,September,Sep,Q3,3,2024,2024 Q3,2024-09,No,No,No,No,No,No,Yes
20240916,45551,16,Monday,1,38,9,September,Sep,Q3,3,2024,2024 Q3,2024-09,No,No,No,No,No,No,No
20240917,45552,17,Tuesday,2,38,9,September,Sep,Q3,3,2024,2024 Q3,2024-09,No,No,No,No,No,No,No
20240918,45553,18,Wednesday,3,38,9,September,Sep,Q3,3,2024,2024 Q3,2024-09,No,No,No,No,No,No,No
20240919,45554,19,Thursday,4,38,9,September,Sep,Q3,3,2024,2024 Q3,2024-09,No,No,No,No,No,No,No
20240920,45555,20,Friday,5,38,9,September,Sep,Q3,3,2024,2024 Q3,2024-09,No,No,No,No,No,No,No
20240921,45556,21,Saturday,6,38,9,September,Sep,Q3,3,2024,2024 Q3,2024-09,No,No,No,No,No,No,Yes
20240922,45557,22,Sunday,7,38,9,September,Sep,Q3,3,2024,2024 Q3,2024-09,No,No,No,No,No,No,Yes
20240923,45558,23,Monday,1,39,9,September,Sep,Q3,3,2024,2024 Q3,2024-09,No,No,No,No,No,No,No
20240924,45559,24,Tuesday,2,39,9,September,Sep,Q3,3,2024,2024 Q3,2024-09,No,No,No,No,No,No,No
20240925,45560,25,Wednesday,3,39,9,September,Sep,Q3,3,2024,2024 Q3,2024-09,No,No,No,No,No,No,No
20240926,45561,26,Thursday,4,39,9,September,Sep,Q3,3,2024,2024 Q3,2024-09,No,No,No,No,No,No,No
20240927,45562,27,Friday,5,39,9,September,Sep,Q3,3,2024,2024 Q3,2024-09,No,No,No,No,No,No,No
20240928,45563,28,Saturday,6,39,9,September,Sep,Q3,3,2024,2024 Q3,2024-09,No,No,No,No,No,No,Yes
20240929,45564,29,Sunday,7,39,9,September,Sep,Q3,3,2024,2024 Q3,2024-09,No,No,No,No,No,No,Yes
20240930,45565,30,Monday,1,40,9,September,Sep,Q3,3,2024,2024 Q3,2024-09,No,Yes,No,Yes,No,No,No
20241001,45566,1,Tuesday,2,40,10,October,Oct,Q4,4,2024,2024 Q4,2024-10,Yes,No,Yes,No,No,No,No
20241002,45567,2,Wednesday,3,40,10,October,Oct,Q4,4,2024,2024 Q4,2024-10,No,No,No,No,No,No,No
20241003,45568,3,Thursday,4,40,10,October,Oct,Q4,4,2024,2024 Q4,2024-10,No,No,No,No,No,No,No
20241004,45569,4,Friday,5,40,10,October,Oct,Q4,4,2024,2024 Q4,2024-10,No,No,No,No,No,No,No
20241005,45570,5,Saturday,6,40,10,October,Oct,Q4,4,2024,2024 Q4,2024-10,No,No,No,No,No,No,Yes
20241006,45571,6,Sunday,7,40,10,October,Oct,Q4,4,2024,2024 Q4,2024-10,No,No,No,No,No,No,Yes
20241007,45572,7,Monday,1,41,10,October,Oct,Q4,4,2024,2024 Q4,2024-10,No,No,No,No,No,No,No
20241008,45573,8,Tuesday,2,41,10,October,Oct,Q4,4,2024,2024 Q4,2024-10,No,No,No,No,No,No,No
20241009,45574,9,Wednesday,3,41,10,October,Oct,Q4,4,2024,2024 Q4,2024-10,No,No,No,No,No,No,No
20241010,45575,10,Thursday,4,41,10,October,Oct,Q4,4,2024,2024 Q4,2024-10,No,No,No,No,No,No,No
20241011,45576,11,Friday,5,41,10,October,Oct,Q4,4,2024,2024 Q4,2024-10,No,No,No,No,No,No,No
20241012,45577,12,Saturday,6,41,10,October,Oct,Q4,4,2024,2024 Q4,2024-10,No,No,No,No,No,No,Yes
20241013,45578,13,Sunday,7,41,10,October,Oct,Q4,4,2024,2024 Q4,2024-10,No,No,No,No,No,No,Yes
20241014,45579,14,Monday,1,42,10,October,Oct,Q4,4,2024,2024 Q4,2024-10,No,No,No,No,No,No,No
20241015,45580,15,Tuesday,2,42,10,October,Oct,Q4,4,2024,2024 Q4,2024-10,No,No,No,No,No,No,No
20241016,45581,16,Wednesday,3,42,10,October,Oct,Q4,4,2024,2024 Q4,2024-10,No,No,No,No,No,No,No
20241017,45582,17,Thursday,4,42,10,October,Oct,Q4,4,2024,2024 Q4,2024-10,No,No,No,No,No,No,No
20241018,45583,18,Friday,5,42,10,October,Oct,Q4,4,2024,2024 Q4,2024-10,No,No,No,No,No,No,No
20241019,45584,19,Saturday,6,42,10,October,Oct,Q4,4,2024,2024 Q4,2024-10,No,No,No,No,No,No,Yes
20241020,45585,20,Sunday,7,42,10,October,Oct,Q4,4,2024,2024 Q4,2024-10,No,No,No,No,No,No,Yes
20241021,45586,21,Monday,1,43,10,October,Oct,Q4,4,2024,2024 Q4,2024-10,No,No,No,No,No,No,No
20241022,45587,22,Tuesday,2,43,10,October,Oct,Q4,4,2024,2024 Q4,2024-10,No,No,No,No,No,No,No
20241023,45588,23,Wednesday,3,43,10,October,Oct,Q4,4,2024,2024 Q4,2024-10,No,No,No,No,No,No,No
20241024,45589,24,Thursday,4,43,10,October,Oct,Q4,4,2024,2024 Q4,2024-10,No,No,No,No,No,No,No
20241025,45590,25,Friday,5,43,10,October,Oct,Q4,4,2024,2024 Q4,2024-10,No,No,No,No,No,No,No
20241026,45591,26,Saturday,6,43,10,October,Oct,Q4,4,2024,2024 Q4,2024-10,No,No,No,No,No,No,Yes
20241027,45592,27,Sunday,7,43,10,October,Oct,Q4,4,2024,2024 Q4,2024-10,No,No,No,No,No,No,Yes
20241028,45593,28,Monday,1,44,10,October,Oct,Q4,4,2024,2024 Q4,2024-10,No,No,No,No,No,No,No
20241029,45594,29,Tuesday,2,44,10,October,Oct,Q4,4,2024,2024 Q4,2024-10,No,No,No,No,No,No,No
20241030,45595,30,Wednesday,3,44,10,October,Oct,Q4,4,2024,2024 Q4,2024-10,No,No,No,No,No,No,No
20241031,45596,31,Thursday,4,44,10,October,Oct,Q4,4,2024,2024 Q4,2024-10,No,Yes,No,No,No,No,No
20241101,45597,1,Friday,5,44,11,November,Nov,Q4,4,2024,2024 Q4,2024-11,Yes,No,No,No,No,No,No
20241102,45598,2,Saturday,6,44,11,November,Nov,Q4,4,2024,2024 Q4,2024-11,No,No,No,No,No,No,Yes
20241103,45599,3,Sunday,7,44,11,November,Nov,Q4,4,2024,2024 Q4,2024-11,No,No,No,No,No,No,Yes
20241104,45600,4,Monday,1,45,11,November,Nov,Q4,4,2024,2024 Q4,2024-11,No,No,No,No,No,No,No
20241105,45601,5,Tuesday,2,45,11,November,Nov,Q4,4,2024,2024 Q4,2024-11,No,No,No,No,No,No,No
20241106,45602,6,Wednesday,3,45,11,November,Nov,Q4,4,2024,2024 Q4,2024-11,No,No,No,No,No,No,No
20241107,45603,7,Thursday,4,45,11,November,Nov,Q4,4,2024,2024 Q4,2024-11,No,No,No,No,No,No,No
20241108,45604,8,Friday,5,45,11,November,Nov,Q4,4,2024,2024 Q4,2024-11,No,No,No,No,No,No,No
20241109,45605,9,Saturday,6,45,11,November,Nov,Q4,4,2024,2024 Q4,2024-11,No,No,No,No,No,No,Yes
20241110,45606,10,Sunday,7,45,11,November,Nov,Q4,4,2024,2024 Q4,2024-11,No,No,No,No,No,No,Yes
20241111,45607,11,Monday,1,46,11,November,Nov,Q4,4,2024,2024 Q4,2024-11,No,No,No,No,No,No,No
20241112,45608,12,Tuesday,2,46,11,November,Nov,Q4,4,2024,2024 Q4,2024-11,No,No,No,No,No,No,No
20241113,45609,13,Wednesday,3,46,11,November,Nov,Q4,4,2024,2024 Q4,2024-11,No,No,No,No,No,No,No
20241114,45610,14,Thursday,4,46,11,November,Nov,Q4,4,2024,2024 Q4,2024-11,No,No,No,No,No,No,No
20241115,45611,15,Friday,5,46,11,November,Nov,Q4,4,2024,2024 Q4,2024-11,No,No,No,No,No,No,No
20241116,45612,16,Saturday,6,46,11,November,Nov,Q4,4,2024,2024 Q4,2024-11,No,No,No,No,No,No,Yes
20241117,45613,17,Sunday,7,46,11,November,Nov,Q4,4,2024,2024 Q4,2024-11,No,No,No,No,No,No,Yes
20241118,45614,18,Monday,1,47,11,November,Nov,Q4,4,2024,2024 Q4,2024-11,No,No,No,No,No,No,No
20241119,45615,19,Tuesday,2,47,11,November,Nov,Q4,4,2024,2024 Q4,2024-11,No,No,No,No,No,No,No
20241120,45616,20,Wednesday,3,47,11,November,Nov,Q4,4,2024,2024 Q4,2024-11,No,No,No,No,No,No,No
20241121,45617,21,Thursday,4,47,11,November,Nov,Q4,4,2024,2024 Q4,2024-11,No,No,No,No,No,No,No
20241122,45618,22,Friday,5,47,11,November,Nov,Q4,4,2024,2024 Q4,2024-11,No,No,No,No,No,No,No
20241123,45619,23,Saturday,6,47,11,November,Nov,Q4,4,2024,2024 Q4,2024-11,No,No,No,No,No,No,Yes
20241124,45620,24,Sunday,7,47,11,November,Nov,Q4,4,2024,2024 Q4,2024-11,No,No,No,No,No,No,Yes
20241125,45621,25,Monday,1,48,11,November,Nov,Q4,4,2024,2024 Q4,2024-11,No,No,No,No,No,No,No
20241126,45622,26,Tuesday,2,48,11,November,Nov,Q4,4,2024,2024 Q4,2024-11,No,No,No,No,No,No,No
20241127,45623,27,Wednesday,3,48,11,November,Nov,Q4,4,2024,2024 Q4,2024-11,No,No,No,No,No,No,No
20241128,45624,28,Thursday,4,48,11,November,Nov,Q4,4,2024,2024 Q4,2024-11,No,No,No,No,No,No,No
20241129,45625,29,Friday,5,48,11,November,Nov,Q4,4,2024,2024 Q4,2024-11,No,No,No,No,No,No,No
20241130,45626,30,Saturday,6,48,11,November,Nov,Q4,4,2024,2024 Q4,2024-11,No,Yes,No,No,No,No,Yes
20241201,45627,1,Sunday,7,48,12,December,Dec,Q4,4,2024,2024 Q4,2024-12,Yes,No,No,No,No,No,Yes
20241202,45628,2,Monday,1,49,12,December,Dec,Q4,4,2024,2024 Q4,2024-12,No,No,No,No,No,No,No
20241203,45629,3,Tuesday,2,49,12,December,Dec,Q4,4,2024,2024 Q4,2024-12,No,No,No,No,No,No,No
20241204,45630,4,Wednesday,3,49,12,December,Dec,Q4,4,2024,2024 Q4,2024-12,No,No,No,No,No,No,No
20241205,45631,5,Thursday,4,49,12,December,Dec,Q4,4,2024,2024 Q4,2024-12,No,No,No,No,No,No,No
20241206,45632,6,Friday,5,49,12,December,Dec,Q4,4,2024,2024 Q4,2024-12,No,No,No,No,No,No,No
20241207,45633,7,Saturday,6,49,12,December,Dec,Q4,4,2024,2024 Q4,2024-12,No,No,No,No,No,No,Yes
20241208,45634,8,Sunday,7,49,12,December,Dec,Q4,4,2024,2024 Q4,2024-12,No,No,No,No,No,No,Yes
20241209,45635,9,Monday,1,50,12,December,Dec,Q4,4,2024,2024 Q4,2024-12,No,No,No,No,No,No,No
20241210,45636,10,Tuesday,2,50,12,December,Dec,Q4,4,2024,2024 Q4,2024-12,No,No,No,No,No,No,No
20241211,45637,11,Wednesday,3,50,12,December,Dec,Q4,4,2024,2024 Q4,2024-12,No,No,No,No,No,No,No
20241212,45638,12,Thursday,4,50,12,December,Dec,Q4,4,2024,2024 Q4,2024-12,No,No,No,No,No,No,No
20241213,45639,13,Friday,5,50,12,December,Dec,Q4,4,2024,2024 Q4,2024-12,No,No,No,No,No,No,No
20241214,45640,14,Saturday,6,50,12,December,Dec,Q4,4,2024,2024 Q4,2024-12,No,No,No,No,No,No,Yes
20241215,45641,15,Sunday,7,50,12,December,Dec,Q4,4,2024,2024 Q4,2024-12,No,No,No,No,No,No,Yes
20241216,45642,16,Monday,1,51,12,December,Dec,Q4,4,2024,2024 Q4,2024-12,No,No,No,No,No,No,No
20241217,45643,17,Tuesday,2,51,12,December,Dec,Q4,4,2024,2024 Q4,2024-12,No,No,No,No,No,No,No
20241218,45644,18,Wednesday,3,51,12,December,Dec,Q4,4,2024,2024 Q4,2024-12,No,No,No,No,No,No,No
20241219,45645,19,Thursday,4,51,12,December,Dec,Q4,4,2024,2024 Q4,2024-12,No,No,No,No,No,No,No
20241220,45646,20,Friday,5,51,12,December,Dec,Q4,4,2024,2024 Q4,2024-12,No,No,No,No,No,No,No
20241221,45647,21,Saturday,6,51,12,December,Dec,Q4,4,2024,2024 Q4,2024-12,No,No,No,No,No,No,Yes
20241222,45648,22,Sunday,7,51,12,December,Dec,Q4,4,2024,2024 Q4,2024-12,No,No,No,No,No,No,Yes
20241223,45649,23,Monday,1,52,12,December,Dec,Q4,4,2024,2024 Q4,2024-12,No,No,No,No,No,No,No
20241224,45650,24,Tuesday,2,52,12,December,Dec,Q4,4,2024,2024 Q4,2024-12,No,No,No,No,No,No,No
20241225,45651,25,Wednesday,3,52,12,December,Dec,Q4,4,2024,2024 Q4,2024-12,No,No,No,No,No,No,No
20241226,45652,26,Thursday,4,52,12,December,Dec,Q4,4,2024,2024 Q4,2024-12,No,No,No,No,No,No,No
20241227,45653,27,Friday,5,52,12,December,Dec,Q4,4,2024,2024 Q4,2024-12,No,No,No,No,No,No,No
20241228,45654,28,Saturday,6,52,12,December,Dec,Q4,4,2024,2024 Q4,2024-12,No,No,No,No,No,No,Yes
20241229,45655,29,Sunday,7,52,12,December,Dec,Q4,4,2024,2024 Q4,2024-12,No,No,No,No,No,No,Yes
20241230,45656,30,Monday,1,1,12,December,Dec,Q4,4,2024,2024 Q4,2024-12,No,No,No,No,No,No,No
20241231,45657,31,Tuesday,2,1,12,December,Dec,Q4,4,2024,2024 Q4,2024-12,No,Yes,No,Yes,No,Yes,No
20250101,45658,1,Wednesday,3,1,1,January,Jan,Q1,1,2025,2025 Q1,2025-01,Yes,No,Yes,No,Yes,No,No
20250102,45659,2,Thursday,4,1,1,January,Jan,Q1,1,2025,2025 Q1,2025-01,No,No,No,No,No,No,No
20250103,45660,3,Friday,5,1,1,January,Jan,Q1,1,2025,2025 Q1,2025-01,No,No,No,No,No,No,No
20250104,45661,4,Saturday,6,1,1,January,Jan,Q1,1,2025,2025 Q1,2025-01,No,No,No,No,No,No,Yes
20250105,45662,5,Sunday,7,1,1,January,Jan,Q1,1,2025,2025 Q1,2025-01,No,No,No,No,No,No,Yes
20250106,45663,6,Monday,1,2,1,January,Jan,Q1,1,2025,2025 Q1,2025-01,No,No,No,No,No,No,No
20250107,45664,7,Tuesday,2,2,1,January,Jan,Q1,1,2025,2025 Q1,2025-01,No,No,No,No,No,No,No
20250108,45665,8,Wednesday,3,2,1,January,Jan,Q1,1,2025,2025 Q1,2025-01,No,No,No,No,No,No,No
20250109,45666,9,Thursday,4,2,1,January,Jan,Q1,1,2025,2025 Q1,2025-01,No,No,No,No,No,No,No
20250110,45667,10,Friday,5,2,1,January,Jan,Q1,1,2025,2025 Q1,2025-01,No,No,No,No,No,No,No
20250111,45668,11,Saturday,6,2,1,January,Jan,Q1,1,2025,2025 Q1,2025-01,No,No,No,No,No,No,Yes
20250112,45669,12,Sunday,7,2,1,January,Jan,Q1,1,2025,2025 Q1,2025-01,No,No,No,No,No,No,Yes
20250113,45670,13,Monday,1,3,1,January,Jan,Q1,1,2025,2025 Q1,2025-01,No,No,No,No,No,No,No
20250114,45671,14,Tuesday,2,3,1,January,Jan,Q1,1,2025,2025 Q1,2025-01,No,No,No,No,No,No,No
20250115,45672,15,Wednesday,3,3,1,January,Jan,Q1,1,2025,2025 Q1,2025-01,No,No,No,No,No,No,No
20250116,45673,16,Thursday,4,3,1,January,Jan,Q1,1,2025,2025 Q1,2025-01,No,No,No,No,No,No,No
20250117,45674,17,Friday,5,3,1,January,Jan,Q1,1,2025,2025 Q1,2025-01,No,No,No,No,No,No,No
20250118,45675,18,Saturday,6,3,1,January,Jan,Q1,1,2025,2025 Q1,2025-01,No,No,No,No,No,No,Yes
20250119,45676,19,Sunday,7,3,1,January,Jan,Q1,1,2025,2025 Q1,2025-01,No,No,No,No,No,No,Yes
20250120,45677,20,Monday,1,4,1,January,Jan,Q1,1,2025,2025 Q1,2025-01,No,No,No,No,No,No,No
20250121,45678,21,Tuesday,2,4,1,January,Jan,Q1,1,2025,2025 Q1,2025-01,No,No,No,No,No,No,No
20250122,45679,22,Wednesday,3,4,1,January,Jan,Q1,1,2025,2025 Q1,2025-01,No,No,No,No,No,No,No
20250123,45680,23,Thursday,4,4,1,January,Jan,Q1,1,2025,2025 Q1,2025-01,No,No,No,No,No,No,No
20250124,45681,24,Friday,5,4,1,January,Jan,Q1,1,2025,2025 Q1,2025-01,No,No,No,No,No,No,No
20250125,45682,25,Saturday,6,4,1,January,Jan,Q1,1,2025,2025 Q1,2025-01,No,No,No,No,No,No,Yes
20250126,45683,26,Sunday,7,4,1,January,Jan,Q1,1,2025,2025 Q1,2025-01,No,No,No,No,No,No,Yes
20250127,45684,27,Monday,1,5,1,January,Jan,Q1,1,2025,2025 Q1,2025-01,No,No,No,No,No,No,No
20250128,45685,28,Tuesday,2,5,1,January,Jan,Q1,1,2025,2025 Q1,2025-01,No,No,No,No,No,No,No
20250129,45686,29,Wednesday,3,5,1,January,Jan,Q1,1,2025,2025 Q1,2025-01,No,No,No,No,No,No,No
20250130,45687,30,Thursday,4,5,1,January,Jan,Q1,1,2025,2025 Q1,2025-01,No,No,No,No,No,No,No
20250131,45688,31,Friday,5,5,1,January,Jan,Q1,1,2025,2025 Q1,2025-01,No,Yes,No,No,No,No,No
20250201,45689,1,Saturday,6,5,2,February,Feb,Q1,1,2025,2025 Q1,2025-02,Yes,No,No,No,No,No,Yes
20250202,45690,2,Sunday,7,5,2,February,Feb,Q1,1,2025,2025 Q1,2025-02,No,No,No,No,No,No,Yes
20250203,45691,3,Monday,1,6,2,February,Feb,Q1,1,2025,2025 Q1,2025-02,No,No,No,No,No,No,No
20250204,45692,4,Tuesday,2,6,2,February,Feb,Q1,1,2025,2025 Q1,2025-02,No,No,No,No,No,No,No
20250205,45693,5,Wednesday,3,6,2,February,Feb,Q1,1,2025,2025 Q1,2025-02,No,No,No,No,No,No,No
20250206,45694,6,Thursday,4,6,2,February,Feb,Q1,1,2025,2025 Q1,2025-02,No,No,No,No,No,No,No
20250207,45695,7,Friday,5,6,2,February,Feb,Q1,1,2025,2025 Q1,2025-02,No,No,No,No,No,No,No
20250208,45696,8,Saturday,6,6,2,February,Feb,Q1,1,2025,2025 Q1,2025-02,No,No,No,No,No,No,Yes
20250209,45697,9,Sunday,7,6,2,February,Feb,Q1,1,2025,2025 Q1,2025-02,No,No,No,No,No,No,Yes
20250210,45698,10,Monday,1,7,2,February,Feb,Q1,1,2025,2025 Q1,2025-02,No,No,No,No,No,No,No
20250211,45699,11,Tuesday,2,7,2,February,Feb,Q1,1,2025,2025 Q1,2025-02,No,No,No,No,No,No,No
20250212,45700,12,Wednesday,3,7,2,February,Feb,Q1,1,2025,2025 Q1,2025-02,No,No,No,No,No,No,No
20250213,45701,13,Thursday,4,7,2,February,Feb,Q1,1,2025,2025 Q1,2025-02,No,No,No,No,No,No,No
20250214,45702,14,Friday,5,7,2,February,Feb,Q1,1,2025,2025 Q1,2025-02,No,No,No,No,No,No,No
20250215,45703,15,Saturday,6,7,2,February,Feb,Q1,1,2025,2025 Q1,2025-02,No,No,No,No,No,No,Yes
20250216,45704,16,Sunday,7,7,2,February,Feb,Q1,1,2025,2025 Q1,2025-02,No,No,No,No,No,No,Yes
20250217,45705,17,Monday,1,8,2,February,Feb,Q1,1,2025,2025 Q1,2025-02,No,No,No,No,No,No,No
20250218,45706,18,Tuesday,2,8,2,February,Feb,Q1,1,2025,2025 Q1,2025-02,No,No,No,No,No,No,No
20250219,45707,19,Wednesday,3,8,2,February,Feb,Q1,1,2025,2025 Q1,2025-02,No,No,No,No,No,No,No
20250220,45708,20,Thursday,4,8,2,February,Feb,Q1,1,2025,2025 Q1,2025-02,No,No,No,No,No,No,No
20250221,45709,21,Friday,5,8,2,February,Feb,Q1,1,2025,2025 Q1,2025-02,No,No,No,No,No,No,No
20250222,45710,22,Saturday,6,8,2,February,Feb,Q1,1,2025,2025 Q1,2025-02,No,No,No,No,No,No,Yes
20250223,45711,23,Sunday,7,8,2,February,Feb,Q1,1,2025,2025 Q1,2025-02,No,No,No,No,No,No,Yes
20250224,45712,24,Monday,1,9,2,February,Feb,Q1,1,2025,2025 Q1,2025-02,No,No,No,No,No,No,No
20250225,45713,25,Tuesday,2,9,2,February,Feb,Q1,1,2025,2025 Q1,2025-02,No,No,No,No,No,No,No
20250226,45714,26,Wednesday,3,9,2,February,Feb,Q1,1,2025,2025 Q1,2025-02,No,No,No,No,No,No,No
20250227,45715,27,Thursday,4,9,2,February,Feb,Q1,1,2025,2025 Q1,2025-02,No,No,No,No,No,No,No
20250228,45716,28,Friday,5,9,2,February,Feb,Q1,1,2025,2025 Q1,2025-02,No,Yes,No,No,No,No,No
20250301,45717,1,Saturday,6,9,3,March,Mar,Q1,1,2025,2025 Q1,2025-03,Yes,No,No,No,No,No,Yes
20250302,45718,2,Sunday,7,9,3,March,Mar,Q1,1,2025,2025 Q1,2025-03,No,No,No,No,No,No,Yes
20250303,45719,3,Monday,1,10,3,March,Mar,Q1,1,2025,2025 Q1,2025-03,No,No,No,No,No,No,No
20250304,45720,4,Tuesday,2,10,3,March,Mar,Q1,1,2025,2025 Q1,2025-03,No,No,No,No,No,No,No
20250305,45721,5,Wednesday,3,10,3,March,Mar,Q1,1,2025,2025 Q1,2025-03,No,No,No,No,No,No,No
20250306,45722,6,Thursday,4,10,3,March,Mar,Q1,1,2025,2025 Q1,2025-03,No,No,No,No,No,No,No
20250307,45723,7,Friday,5,10,3,March,Mar,Q1,1,2025,2025 Q1,2025-03,No,No,No,No,No,No,No
20250308,45724,8,Saturday,6,10,3,March,Mar,Q1,1,2025,2025 Q1,2025-03,No,No,No,No,No,No,Yes
20250309,45725,9,Sunday,7,10,3,March,Mar,Q1,1,2025,2025 Q1,2025-03,No,No,No,No,No,No,Yes
20250310,45726,10,Monday,1,11,3,March,Mar,Q1,1,2025,2025 Q1,2025-03,No,No,No,No,No,No,No
20250311,45727,11,Tuesday,2,11,3,March,Mar,Q1,1,2025,2025 Q1,2025-03,No,No,No,No,No,No,No
20250312,45728,12,Wednesday,3,11,3,March,Mar,Q1,1,2025,2025 Q1,2025-03,No,No,No,No,No,No,No
20250313,45729,13,Thursday,4,11,3,March,Mar,Q1,1,2025,2025 Q1,2025-03,No,No,No,No,No,No,No
20250314,45730,14,Friday,5,11,3,March,Mar,Q1,1,2025,2025 Q1,2025-03,No,No,No,No,No,No,No
20250315,45731,15,Saturday,6,11,3,March,Mar,Q1,1,2025,2025 Q1,2025-03,No,No,No,No,No,No,Yes
20250316,45732,16,Sunday,7,11,3,March,Mar,Q1,1,2025,2025 Q1,2025-03,No,No,No,No,No,No,Yes
20250317,45733,17,Monday,1,12,3,March,Mar,Q1,1,2025,2025 Q1,2025-03,No,No,No,No,No,No,No
20250318,45734,18,Tuesday,2,12,3,March,Mar,Q1,1,2025,2025 Q1,2025-03,No,No,No,No,No,No,No
20250319,45735,19,Wednesday,3,12,3,March,Mar,Q1,1,2025,2025 Q1,2025-03,No,No,No,No,No,No,No
20250320,45736,20,Thursday,4,12,3,March,Mar,Q1,1,2025,2025 Q1,2025-03,No,No,No,No,No,No,No
20250321,45737,21,Friday,5,12,3,March,Mar,Q1,1,2025,2025 Q1,2025-03,No,No,No,No,No,No,No
20250322,45738,22,Saturday,6,12,3,March,Mar,Q1,1,2025,2025 Q1,2025-03,No,No,No,No,No,No,Yes
20250323,45739,23,Sunday,7,12,3,March,Mar,Q1,1,2025,2025 Q1,2025-03,No,No,No,No,No,No,Yes
20250324,45740,24,Monday,1,13,3,March,Mar,Q1,1,2025,2025 Q1,2025-03,No,No,No,No,No,No,No
20250325,45741,25,Tuesday,2,13,3,March,Mar,Q1,1,2025,2025 Q1,2025-03,No,No,No,No,No,No,No
20250326,45742,26,Wednesday,3,13,3,March,Mar,Q1,1,2025,2025 Q1,2025-03,No,No,No,No,No,No,No
20250327,45743,27,Thursday,4,13,3,March,Mar,Q1,1,2025,2025 Q1,2025-03,No,No,No,No,No,No,No
20250328,45744,28,Friday,5,13,3,March,Mar,Q1,1,2025,2025 Q1,2025-03,No,No,No,No,No,No,No
20250329,45745,29,Saturday,6,13,3,March,Mar,Q1,1,2025,2025 Q1,2025-03,No,No,No,No,No,No,Yes
20250330,45746,30,Sunday,7,13,3,March,Mar,Q1,1,2025,2025 Q1,2025-03,No,No,No,No,No,No,Yes
20250331,45747,31,Monday,1,14,3,March,Mar,Q1,1,2025,2025 Q1,2025-03,No,Yes,No,Yes,No,No,No
20250401,45748,1,Tuesday,2,14,4,April,Apr,Q2,2,2025,2025 Q2,2025-04,Yes,No,Yes,No,No,No,No
20250402,45749,2,Wednesday,3,14,4,April,Apr,Q2,2,2025,2025 Q2,2025-04,No,No,No,No,No,No,No
20250403,45750,3,Thursday,4,14,4,April,Apr,Q2,2,2025,2025 Q2,2025-04,No,No,No,No,No,No,No
20250404,45751,4,Friday,5,14,4,April,Apr,Q2,2,2025,2025 Q2,2025-04,No,No,No,No,No,No,No
20250405,45752,5,Saturday,6,14,4,April,Apr,Q2,2,2025,2025 Q2,2025-04,No,No,No,No,No,No,Yes
20250406,45753,6,Sunday,7,14,4,April,Apr,Q2,2,2025,2025 Q2,2025-04,No,No,No,No,No,No,Yes
20250407,45754,7,Monday,1,15,4,April,Apr,Q2,2,2025,2025 Q2,2025-04,No,No,No,No,No,No,No
20250408,45755,8,Tuesday,2,15,4,April,Apr,Q2,2,2025,2025 Q2,2025-04,No,No,No,No,No,No,No
20250409,45756,9,Wednesday,3,15,4,April,Apr,Q2,2,2025,2025 Q2,2025-04,No,No,No,No,No,No,No
20250410,45757,10,Thursday,4,15,4,April,Apr,Q2,2,2025,2025 Q2,2025-04,No,No,No,No,No,No,No
20250411,45758,11,Friday,5,15,4,April,Apr,Q2,2,2025,2025 Q2,2025-04,No,No,No,No,No,No,No
20250412,45759,12,Saturday,6,15,4,April,Apr,Q2,2,2025,2025 Q2,2025-04,No,No,No,No,No,No,Yes
20250413,45760,13,Sunday,7,15,4,April,Apr,Q2,2,2025,2025 Q2,2025-04,No,No,No,No,No,No,Yes
20250414,45761,14,Monday,1,16,4,April,Apr,Q2,2,2025,2025 Q2,2025-04,No,No,No,No,No,No,No
20250415,45762,15,Tuesday,2,16,4,April,Apr,Q2,2,2025,2025 Q2,2025-04,No,No,No,No,No,No,No
20250416,45763,16,Wednesday,3,16,4,April,Apr,Q2,2,2025,2025 Q2,2025-04,No,No,No,No,No,No,No
20250417,45764,17,Thursday,4,16,4,April,Apr,Q2,2,2025,2025 Q2,2025-04,No,No,No,No,No,No,No
20250418,45765,18,Friday,5,16,4,April,Apr,Q2,2,2025,2025 Q2,2025-04,No,No,No,No,No,No,No
20250419,45766,19,Saturday,6,16,4,April,Apr,Q2,2,2025,2025 Q2,2025-04,No,No,No,No,No,No,Yes
20250420,45767,20,Sunday,7,16,4,April,Apr,Q2,2,2025,2025 Q2,2025-04,No,No,No,No,No,No,Yes
20250421,45768,21,Monday,1,17,4,April,Apr,Q2,2,2025,2025 Q2,2025-04,No,No,No,No,No,No,No
20250422,45769,22,Tuesday,2,17,4,April,Apr,Q2,2,2025,2025 Q2,2025-04,No,No,No,No,No,No,No
20250423,45770,23,Wednesday,3,17,4,April,Apr,Q2,2,2025,2025 Q2,2025-04,No,No,No,No,No,No,No
20250424,45771,24,Thursday,4,17,4,April,Apr,Q2,2,2025,2025 Q2,2025-04,No,No,No,No,No,No,No
20250425,45772,25,Friday,5,17,4,April,Apr,Q2,2,2025,2025 Q2,2025-04,No,No,No,No,No,No,No
20250426,45773,26,Saturday,6,17,4,April,Apr,Q2,2,2025,2025 Q2,2025-04,No,No,No,No,No,No,Yes
20250427,45774,27,Sunday,7,17,4,April,Apr,Q2,2,2025,2025 Q2,2025-04,No,No,No,No,No,No,Yes
20250428,45775,28,Monday,1,18,4,April,Apr,Q2,2,2025,2025 Q2,2025-04,No,No,No,No,No,No,No
20250429,45776,29,Tuesday,2,18,4,April,Apr,Q2,2,2025,2025 Q2,2025-04,No,No,No,No,No,No,No
20250430,45777,30,Wednesday,3,18,4,April,Apr,Q2,2,2025,2025 Q2,2025-04,No,Yes,No,No,No,No,No
20250501,45778,1,Thursday,4,18,5,May,May,Q2,2,2025,2025 Q2,2025-05,Yes,No,No,No,No,No,No
20250502,45779,2,Friday,5,18,5,May,May,Q2,2,2025,2025 Q2,2025-05,No,No,No,No,No,No,No
20250503,45780,3,Saturday,6,18,5,May,May,Q2,2,2025,2025 Q2,2025-05,No,No,No,No,No,No,Yes
20250504,45781,4,Sunday,7,18,5,May,May,Q2,2,2025,2025 Q2,2025-05,No,No,No,No,No,No,Yes
20250505,45782,5,Monday,1,19,5,May,May,Q2,2,2025,2025 Q2,2025-05,No,No,No,No,No,No,No
20250506,45783,6,Tuesday,2,19,5,May,May,Q2,2,2025,2025 Q2,2025-05,No,No,No,No,No,No,No
20250507,45784,7,Wednesday,3,19,5,May,May,Q2,2,2025,2025 Q2,2025-05,No,No,No,No,No,No,No
20250508,45785,8,Thursday,4,19,5,May,May,Q2,2,2025,2025 Q2,2025-05,No,No,No,No,No,No,No
20250509,45786,9,Friday,5,19,5,May,May,Q2,2,2025,2025 Q2,2025-05,No,No,No,No,No,No,No
20250510,45787,10,Saturday,6,19,5,May,May,Q2,2,2025,2025 Q2,2025-05,No,No,No,No,No,No,Yes
20250511,45788,11,Sunday,7,19,5,May,May,Q2,2,2025,2025 Q2,2025-05,No,No,No,No,No,No,Yes
20250512,45789,12,Monday,1,20,5,May,May,Q2,2,2025,2025 Q2,2025-05,No,No,No,No,No,No,No
20250513,45790,13,Tuesday,2,20,5,May,May,Q2,2,2025,2025 Q2,2025-05,No,No,No,No,No,No,No
20250514,45791,14,Wednesday,3,20,5,May,May,Q2,2,2025,2025 Q2,2025-05,No,No,No,No,No,No,No
20250515,45792,15,Thursday,4,20,5,May,May,Q2,2,2025,2025 Q2,2025-05,No,No,No,No,No,No,No
20250516,45793,16,Friday,5,20,5,May,May,Q2,2,2025,2025 Q2,2025-05,No,No,No,No,No,No,No
20250517,45794,17,Saturday,6,20,5,May,May,Q2,2,2025,2025 Q2,2025-05,No,No,No,No,No,No,Yes
20250518,45795,18,Sunday,7,20,5,May,May,Q2,2,2025,2025 Q2,2025-05,No,No,No,No,No,No,Yes
20250519,45796,19,Monday,1,21,5,May,May,Q2,2,2025,2025 Q2,2025-05,No,No,No,No,No,No,No
20250520,45797,20,Tuesday,2,21,5,May,May,Q2,2,2025,2025 Q2,2025-05,No,No,No,No,No,No,No
20250521,45798,21,Wednesday,3,21,5,May,May,Q2,2,2025,2025 Q2,2025-05,No,No,No,No,No,No,No
20250522,45799,22,Thursday,4,21,5,May,May,Q2,2,2025,2025 Q2,2025-05,No,No,No,No,No,No,No
20250523,45800,23,Friday,5,21,5,May,May,Q2,2,2025,2025 Q2,2025-05,No,No,No,No,No,No,No
20250524,45801,24,Saturday,6,21,5,May,May,Q2,2,2025,2025 Q2,2025-05,No,No,No,No,No,No,Yes
20250525,45802,25,Sunday,7,21,5,May,May,Q2,2,2025,2025 Q2,2025-05,No,No,No,No,No,No,Yes
20250526,45803,26,Monday,1,22,5,May,May,Q2,2,2025,2025 Q2,2025-05,No,No,No,No,No,No,No
20250527,45804,27,Tuesday,2,22,5,May,May,Q2,2,2025,2025 Q2,2025-05,No,No,No,No,No,No,No
20250528,45805,28,Wednesday,3,22,5,May,May,Q2,2,2025,2025 Q2,2025-05,No,No,No,No,No,No,No
20250529,45806,29,Thursday,4,22,5,May,May,Q2,2,2025,2025 Q2,2025-05,No,No,No,No,No,No,No
20250530,45807,30,Friday,5,22,5,May,May,Q2,2,2025,2025 Q2,2025-05,No,No,No,No,No,No,No
20250531,45808,31,Saturday,6,22,5,May,May,Q2,2,2025,2025 Q2,2025-05,No,Yes,No,No,No,No,Yes
20250601,45809,1,Sunday,7,22,6,June,Jun,Q2,2,2025,2025 Q2,2025-06,Yes,No,No,No,No,No,Yes
20250602,45810,2,Monday,1,23,6,June,Jun,Q2,2,2025,2025 Q2,2025-06,No,No,No,No,No,No,No
20250603,45811,3,Tuesday,2,23,6,June,Jun,Q2,2,2025,2025 Q2,2025-06,No,No,No,No,No,No,No
20250604,45812,4,Wednesday,3,23,6,June,Jun,Q2,2,2025,2025 Q2,2025-06,No,No,No,No,No,No,No
20250605,45813,5,Thursday,4,23,6,June,Jun,Q2,2,2025,2025 Q2,2025-06,No,No,No,No,No,No,No
20250606,45814,6,Friday,5,23,6,June,Jun,Q2,2,2025,2025 Q2,2025-06,No,No,No,No,No,No,No
20250607,45815,7,Saturday,6,23,6,June,Jun,Q2,2,2025,2025 Q2,2025-06,No,No,No,No,No,No,Yes
20250608,45816,8,Sunday,7,23,6,June,Jun,Q2,2,2025,2025 Q2,2025-06,No,No,No,No,No,No,Yes
20250609,45817,9,Monday,1,24,6,June,Jun,Q2,2,2025,2025 Q2,2025-06,No,No,No,No,No,No,No
20250610,45818,10,Tuesday,2,24,6,June,Jun,Q2,2,2025,2025 Q2,2025-06,No,No,No,No,No,No,No
20250611,45819,11,Wednesday,3,24,6,June,Jun,Q2,2,2025,2025 Q2,2025-06,No,No,No,No,No,No,No
20250612,45820,12,Thursday,4,24,6,June,Jun,Q2,2,2025,2025 Q2,2025-06,No,No,No,No,No,No,No
20250613,45821,13,Friday,5,24,6,June,Jun,Q2,2,2025,2025 Q2,2025-06,No,No,No,No,No,No,No
20250614,45822,14,Saturday,6,24,6,June,Jun,Q2,2,2025,2025 Q2,2025-06,No,No,No,No,No,No,Yes
20250615,45823,15,Sunday,7,24,6,June,Jun,Q2,2,2025,2025 Q2,2025-06,No,No,No,No,No,No,Yes
20250616,45824,16,Monday,1,25,6,June,Jun,Q2,2,2025,2025 Q2,2025-06,No,No,No,No,No,No,No
20250617,45825,17,Tuesday,2,25,6,June,Jun,Q2,2,2025,2025 Q2,2025-06,No,No,No,No,No,No,No
20250618,45826,18,Wednesday,3,25,6,June,Jun,Q2,2,2025,2025 Q2,2025-06,No,No,No,No,No,No,No
20250619,45827,19,Thursday,4,25,6,June,Jun,Q2,2,2025,2025 Q2,2025-06,No,No,No,No,No,No,No
20250620,45828,20,Friday,5,25,6,June,Jun,Q2,2,2025,2025 Q2,2025-06,No,No,No,No,No,No,No
20250621,45829,21,Saturday,6,25,6,June,Jun,Q2,2,2025,2025 Q2,2025-06,No,No,No,No,No,No,Yes
20250622,45830,22,Sunday,7,25,6,June,Jun,Q2,2,2025,2025 Q2,2025-06,No,No,No,No,No,No,Yes
20250623,45831,23,Monday,1,26,6,June,Jun,Q2,2,2025,2025 Q2,2025-06,No,No,No,No,No,No,No
20250624,45832,24,Tuesday,2,26,6,June,Jun,Q2,2,2025,2025 Q2,2025-06,No,No,No,No,No,No,No
20250625,45833,25,Wednesday,3,26,6,June,Jun,Q2,2,2025,2025 Q2,2025-06,No,No,No,No,No,No,No
20250626,45834,26,Thursday,4,26,6,June,Jun,Q2,2,2025,2025 Q2,2025-06,No,No,No,No,No,No,No
20250627,45835,27,Friday,5,26,6,June,Jun,Q2,2,2025,2025 Q2,2025-06,No,No,No,No,No,No,No
20250628,45836,28,Saturday,6,26,6,June,Jun,Q2,2,2025,2025 Q2,2025-06,No,No,No,No,No,No,Yes
20250629,45837,29,Sunday,7,26,6,June,Jun,Q2,2,2025,2025 Q2,2025-06,No,No,No,No,No,No,Yes
20250630,45838,30,Monday,1,27,6,June,Jun,Q2,2,2025,2025 Q2,2025-06,No,Yes,No,Yes,No,No,No
20250701,45839,1,Tuesday,2,27,7,July,Jul,Q3,3,2025,2025 Q3,2025-07,Yes,No,Yes,No,No,No,No
20250702,45840,2,Wednesday,3,27,7,July,Jul,Q3,3,2025,2025 Q3,2025-07,No,No,No,No,No,No,No
20250703,45841,3,Thursday,4,27,7,July,Jul,Q3,3,2025,2025 Q3,2025-07,No,No,No,No,No,No,No
20250704,45842,4,Friday,5,27,7,July,Jul,Q3,3,2025,2025 Q3,2025-07,No,No,No,No,No,No,No
20250705,45843,5,Saturday,6,27,7,July,Jul,Q3,3,2025,2025 Q3,2025-07,No,No,No,No,No,No,Yes
20250706,45844,6,Sunday,7,27,7,July,Jul,Q3,3,2025,2025 Q3,2025-07,No,No,No,No,No,No,Yes
20250707,45845,7,Monday,1,28,7,July,Jul,Q3,3,2025,2025 Q3,2025-07,No,No,No,No,No,No,No
20250708,45846,8,Tuesday,2,28,7,July,Jul,Q3,3,2025,2025 Q3,2025-07,No,No,No,No,No,No,No
20250709,45847,9,Wednesday,3,28,7,July,Jul,Q3,3,2025,2025 Q3,2025-07,No,No,No,No,No,No,No
20250710,45848,10,Thursday,4,28,7,July,Jul,Q3,3,2025,2025 Q3,2025-07,No,No,No,No,No,No,No
20250711,45849,11,Friday,5,28,7,July,Jul,Q3,3,2025,2025 Q3,2025-07,No,No,No,No,No,No,No
20250712,45850,12,Saturday,6,28,7,July,Jul,Q3,3,2025,2025 Q3,2025-07,No,No,No,No,No,No,Yes
20250713,45851,13,Sunday,7,28,7,July,Jul,Q3,3,2025,2025 Q3,2025-07,No,No,No,No,No,No,Yes
20250714,45852,14,Monday,1,29,7,July,Jul,Q3,3,2025,2025 Q3,2025-07,No,No,No,No,No,No,No
20250715,45853,15,Tuesday,2,29,7,July,Jul,Q3,3,2025,2025 Q3,2025-07,No,No,No,No,No,No,No
20250716,45854,16,Wednesday,3,29,7,July,Jul,Q3,3,2025,2025 Q3,2025-07,No,No,No,No,No,No,No
20250717,45855,17,Thursday,4,29,7,July,Jul,Q3,3,2025,2025 Q3,2025-07,No,No,No,No,No,No,No
20250718,45856,18,Friday,5,29,7,July,Jul,Q3,3,2025,2025 Q3,2025-07,No,No,No,No,No,No,No
20250719,45857,19,Saturday,6,29,7,July,Jul,Q3,3,2025,2025 Q3,2025-07,No,No,No,No,No,No,Yes
20250720,45858,20,Sunday,7,29,7,July,Jul,Q3,3,2025,2025 Q3,2025-07,No,No,No,No,No,No,Yes
20250721,45859,21,Monday,1,30,7,July,Jul,Q3,3,2025,2025 Q3,2025-07,No,No,No,No,No,No,No
20250722,45860,22,Tuesday,2,30,7,July,Jul,Q3,3,2025,2025 Q3,2025-07,No,No,No,No,No,No,No
20250723,45861,23,Wednesday,3,30,7,July,Jul,Q3,3,2025,2025 Q3,2025-07,No,No,No,No,No,No,No
20250724,45862,24,Thursday,4,30,7,July,Jul,Q3,3,2025,2025 Q3,2025-07,No,No,No,No,No,No,No
20250725,45863,25,Friday,5,30,7,July,Jul,Q3,3,2025,2025 Q3,2025-07,No,No,No,No,No,No,No
20250726,45864,26,Saturday,6,30,7,July,Jul,Q3,3,2025,2025 Q3,2025-07,No,No,No,No,No,No,Yes
20250727,45865,27,Sunday,7,30,7,July,Jul,Q3,3,2025,2025 Q3,2025-07,No,No,No,No,No,No,Yes
20250728,45866,28,Monday,1,31,7,July,Jul,Q3,3,2025,2025 Q3,2025-07,No,No,No,No,No,No,No
20250729,45867,29,Tuesday,2,31,7,July,Jul,Q3,3,2025,2025 Q3,2025-07,No,No,No,No,No,No,No
20250730,45868,30,Wednesday,3,31,7,July,Jul,Q3,3,2025,2025 Q3,2025-07,No,No,No,No,No,No,No
20250731,45869,31,Thursday,4,31,7,July,Jul,Q3,3,2025,2025 Q3,2025-07,No,Yes,No,No,No,No,No
20250801,45870,1,Friday,5,31,8,August,Aug,Q3,3,2025,2025 Q3,2025-08,Yes,No,No,No,No,No,No
20250802,45871,2,Saturday,6,31,8,August,Aug,Q3,3,2025,2025 Q3,2025-08,No,No,No,No,No,No,Yes
20250803,45872,3,Sunday,7,31,8,August,Aug,Q3,3,2025,2025 Q3,2025-08,No,No,No,No,No,No,Yes
20250804,45873,4,Monday,1,32,8,August,Aug,Q3,3,2025,2025 Q3,2025-08,No,No,No,No,No,No,No
20250805,45874,5,Tuesday,2,32,8,August,Aug,Q3,3,2025,2025 Q3,2025-08,No,No,No,No,No,No,No
20250806,45875,6,Wednesday,3,32,8,August,Aug,Q3,3,2025,2025 Q3,2025-08,No,No,No,No,No,No,No
20250807,45876,7,Thursday,4,32,8,August,Aug,Q3,3,2025,2025 Q3,2025-08,No,No,No,No,No,No,No
20250808,45877,8,Friday,5,32,8,August,Aug,Q3,3,2025,2025 Q3,2025-08,No,No,No,No,No,No,No
20250809,45878,9,Saturday,6,32,8,August,Aug,Q3,3,2025,2025 Q3,2025-08,No,No,No,No,No,No,Yes
20250810,45879,10,Sunday,7,32,8,August,Aug,Q3,3,2025,2025 Q3,2025-08,No,No,No,No,No,No,Yes
20250811,45880,11,Monday,1,33,8,August,Aug,Q3,3,2025,2025 Q3,2025-08,No,No,No,No,No,No,No
20250812,45881,12,Tuesday,2,33,8,August,Aug,Q3,3,2025,2025 Q3,2025-08,No,No,No,No,No,No,No
20250813,45882,13,Wednesday,3,33,8,August,Aug,Q3,3,2025,2025 Q3,2025-08,No,No,No,No,No,No,No
20250814,45883,14,Thursday,4,33,8,August,Aug,Q3,3,2025,2025 Q3,2025-08,No,No,No,No,No,No,No
20250815,45884,15,Friday,5,33,8,August,Aug,Q3,3,2025,2025 Q3,2025-08,No,No,No,No,No,No,No
20250816,45885,16,Saturday,6,33,8,August,Aug,Q3,3,2025,2025 Q3,2025-08,No,No,No,No,No,No,Yes
20250817,45886,17,Sunday,7,33,8,August,Aug,Q3,3,2025,2025 Q3,2025-08,No,No,No,No,No,No,Yes
20250818,45887,18,Monday,1,34,8,August,Aug,Q3,3,2025,2025 Q3,2025-08,No,No,No,No,No,No,No
20250819,45888,19,Tuesday,2,34,8,August,Aug,Q3,3,2025,2025 Q3,2025-08,No,No,No,No,No,No,No
20250820,45889,20,Wednesday,3,34,8,August,Aug,Q3,3,2025,2025 Q3,2025-08,No,No,No,No,No,No,No
20250821,45890,21,Thursday,4,34,8,August,Aug,Q3,3,2025,2025 Q3,2025-08,No,No,No,No,No,No,No
20250822,45891,22,Friday,5,34,8,August,Aug,Q3,3,2025,2025 Q3,2025-08,No,No,No,No,No,No,No
20250823,45892,23,Saturday,6,34,8,August,Aug,Q3,3,2025,2025 Q3,2025-08,No,No,No,No,No,No,Yes
20250824,45893,24,Sunday,7,34,8,August,Aug,Q3,3,2025,2025 Q3,2025-08,No,No,No,No,No,No,Yes
20250825,45894,25,Monday,1,35,8,August,Aug,Q3,3,2025,2025 Q3,2025-08,No,No,No,No,No,No,No
20250826,45895,26,Tuesday,2,35,8,August,Aug,Q3,3,2025,2025 Q3,2025-08,No,No,No,No,No,No,No
20250827,45896,27,Wednesday,3,35,8,August,Aug,Q3,3,2025,2025 Q3,2025-08,No,No,No,No,No,No,No
20250828,45897,28,Thursday,4,35,8,August,Aug,Q3,3,2025,2025 Q3,2025-08,No,No,No,No,No,No,No
20250829,45898,29,Friday,5,35,8,August,Aug,Q3,3,2025,2025 Q3,2025-08,No,No,No,No,No,No,No
20250830,45899,30,Saturday,6,35,8,August,Aug,Q3,3,2025,2025 Q3,2025-08,No,No,No,No,No,No,Yes
20250831,45900,31,Sunday,7,35,8,August,Aug,Q3,3,2025,2025 Q3,2025-08,No,Yes,No,No,No,No,Yes
20250901,45901,1,Monday,1,36,9,September,Sep,Q3,3,2025,2025 Q3,2025-09,Yes,No,No,No,No,No,No
20250902,45902,2,Tuesday,2,36,9,September,Sep,Q3,3,2025,2025 Q3,2025-09,No,No,No,No,No,No,No
20250903,45903,3,Wednesday,3,36,9,September,Sep,Q3,3,2025,2025 Q3,2025-09,No,No,No,No,No,No,No
20250904,45904,4,Thursday,4,36,9,September,Sep,Q3,3,2025,2025 Q3,2025-09,No,No,No,No,No,No,No
20250905,45905,5,Friday,5,36,9,September,Sep,Q3,3,2025,2025 Q3,2025-09,No,No,No,No,No,No,No
20250906,45906,6,Saturday,6,36,9,September,Sep,Q3,3,2025,2025 Q3,2025-09,No,No,No,No,No,No,Yes
20250907,45907,7,Sunday,7,36,9,September,Sep,Q3,3,2025,2025 Q3,2025-09,No,No,No,No,No,No,Yes
20250908,45908,8,Monday,1,37,9,September,Sep,Q3,3,2025,2025 Q3,2025-09,No,No,No,No,No,No,No
20250909,45909,9,Tuesday,2,37,9,September,Sep,Q3,3,2025,2025 Q3,2025-09,No,No,No,No,No,No,No
20250910,45910,10,Wednesday,3,37,9,September,Sep,Q3,3,2025,2025 Q3,2025-09,No,No,No,No,No,No,No
20250911,45911,11,Thursday,4,37,9,September,Sep,Q3,3,2025,2025 Q3,2025-09,No,No,No,No,No,No,No
20250912,45912,12,Friday,5,37,9,September,Sep,Q3,3,2025,2025 Q3,2025-09,No,No,No,No,No,No,No
20250913,45913,13,Saturday,6,37,9,September,Sep,Q3,3,2025,2025 Q3,2025-09,No,No,No,No,No,No,Yes
20250914,45914,14,Sunday,7,37,9,September,Sep,Q3,3,2025,2025 Q3,2025-09,No,No,No,No,No,No,Yes
20250915,45915,15,Monday,1,38,9,September,Sep,Q3,3,2025,2025 Q3,2025-09,No,No,No,No,No,No,No
20250916,45916,16,Tuesday,2,38,9,September,Sep,Q3,3,2025,2025 Q3,2025-09,No,No,No,No,No,No,No
20250917,45917,17,Wednesday,3,38,9,September,Sep,Q3,3,2025,2025 Q3,2025-09,No,No,No,No,No,No,No
20250918,45918,18,Thursday,4,38,9,September,Sep,Q3,3,2025,2025 Q3,2025-09,No,No,No,No,No,No,No
20250919,45919,19,Friday,5,38,9,September,Sep,Q3,3,2025,2025 Q3,2025-09,No,No,No,No,No,No,No
20250920,45920,20,Saturday,6,38,9,September,Sep,Q3,3,2025,2025 Q3,2025-09,No,No,No,No,No,No,Yes
20250921,45921,21,Sunday,7,38,9,September,Sep,Q3,3,2025,2025 Q3,2025-09,No,No,No,No,No,No,Yes
20250922,45922,22,Monday,1,39,9,September,Sep,Q3,3,2025,2025 Q3,2025-09,No,No,No,No,No,No,No
20250923,45923,23,Tuesday,2,39,9,September,Sep,Q3,3,2025,2025 Q3,2025-09,No,No,No,No,No,No,No
20250924,45924,24,Wednesday,3,39,9,September,Sep,Q3,3,2025,2025 Q3,2025-09,No,No,No,No,No,No,No
20250925,45925,25,Thursday,4,39,9,September,Sep,Q3,3,2025,2025 Q3,2025-09,No,No,No,No,No,No,No
20250926,45926,26,Friday,5,39,9,September,Sep,Q3,3,2025,2025 Q3,2025-09,No,No,No,No,No,No,No
20250927,45927,27,Saturday,6,39,9,September,Sep,Q3,3,2025,2025 Q3,2025-09,No,No,No,No,No,No,Yes
20250928,45928,28,Sunday,7,39,9,September,Sep,Q3,3,2025,2025 Q3,2025-09,No,No,No,No,No,No,Yes
20250929,45929,29,Monday,1,40,9,September,Sep,Q3,3,2025,2025 Q3,2025-09,No,No,No,No,No,No,No
20250930,45930,30,Tuesday,2,40,9,September,Sep,Q3,3,2025,2025 Q3,2025-09,No,Yes,No,Yes,No,No,No
20251001,45931,1,Wednesday,3,40,10,October,Oct,Q4,4,2025,2025 Q4,2025-10,Yes,No,Yes,No,No,No,No
20251002,45932,2,Thursday,4,40,10,October,Oct,Q4,4,2025,2025 Q4,2025-10,No,No,No,No,No,No,No
20251003,45933,3,Friday,5,40,10,October,Oct,Q4,4,2025,2025 Q4,2025-10,No,No,No,No,No,No,No
20251004,45934,4,Saturday,6,40,10,October,Oct,Q4,4,2025,2025 Q4,2025-10,No,No,No,No,No,No,Yes
20251005,45935,5,Sunday,7,40,10,October,Oct,Q4,4,2025,2025 Q4,2025-10,No,No,No,No,No,No,Yes
20251006,45936,6,Monday,1,41,10,October,Oct,Q4,4,2025,2025 Q4,2025-10,No,No,No,No,No,No,No
20251007,45937,7,Tuesday,2,41,10,October,Oct,Q4,4,2025,2025 Q4,2025-10,No,No,No,No,No,No,No
20251008,45938,8,Wednesday,3,41,10,October,Oct,Q4,4,2025,2025 Q4,2025-10,No,No,No,No,No,No,No
20251009,45939,9,Thursday,4,41,10,October,Oct,Q4,4,2025,2025 Q4,2025-10,No,No,No,No,No,No,No
20251010,45940,10,Friday,5,41,10,October,Oct,Q4,4,2025,2025 Q4,2025-10,No,No,No,No,No,No,No
20251011,45941,11,Saturday,6,41,10,October,Oct,Q4,4,2025,2025 Q4,2025-10,No,No,No,No,No,No,Yes
20251012,45942,12,Sunday,7,41,10,October,Oct,Q4,4,2025,2025 Q4,2025-10,No,No,No,No,No,No,Yes
20251013,45943,13,Monday,1,42,10,October,Oct,Q4,4,2025,2025 Q4,2025-10,No,No,No,No,No,No,No
20251014,45944,14,Tuesday,2,42,10,October,Oct,Q4,4,2025,2025 Q4,2025-10,No,No,No,No,No,No,No
20251015,45945,15,Wednesday,3,42,10,October,Oct,Q4,4,2025,2025 Q4,2025-10,No,No,No,No,No,No,No
20251016,45946,16,Thursday,4,42,10,October,Oct,Q4,4,2025,2025 Q4,2025-10,No,No,No,No,No,No,No
20251017,45947,17,Friday,5,42,10,October,Oct,Q4,4,2025,2025 Q4,2025-10,No,No,No,No,No,No,No
20251018,45948,18,Saturday,6,42,10,October,Oct,Q4,4,2025,2025 Q4,2025-10,No,No,No,No,No,No,Yes
20251019,45949,19,Sunday,7,42,10,October,Oct,Q4,4,2025,2025 Q4,2025-10,No,No,No,No,No,No,Yes
20251020,45950,20,Monday,1,43,10,October,Oct,Q4,4,2025,2025 Q4,2025-10,No,No,No,No,No,No,No
20251021,45951,21,Tuesday,2,43,10,October,Oct,Q4,4,2025,2025 Q4,2025-10,No,No,No,No,No,No,No
20251022,45952,22,Wednesday,3,43,10,October,Oct,Q4,4,2025,2025 Q4,2025-10,No,No,No,No,No,No,No
20251023,45953,23,Thursday,4,43,10,October,Oct,Q4,4,2025,2025 Q4,2025-10,No,No,No,No,No,No,No
20251024,45954,24,Friday,5,43,10,October,Oct,Q4,4,2025,2025 Q4,2025-10,No,No,No,No,No,No,No
20251025,45955,25,Saturday,6,43,10,October,Oct,Q4,4,2025,2025 Q4,2025-10,No,No,No,No,No,No,Yes
20251026,45956,26,Sunday,7,43,10,October,Oct,Q4,4,2025,2025 Q4,2025-10,No,No,No,No,No,No,Yes
20251027,45957,27,Monday,1,44,10,October,Oct,Q4,4,2025,2025 Q4,2025-10,No,No,No,No,No,No,No
20251028,45958,28,Tuesday,2,44,10,October,Oct,Q4,4,2025,2025 Q4,2025-10,No,No,No,No,No,No,No
20251029,45959,29,Wednesday,3,44,10,October,Oct,Q4,4,2025,2025 Q4,2025-10,No,No,No,No,No,No,No
20251030,45960,30,Thursday,4,44,10,October,Oct,Q4,4,2025,2025 Q4,2025-10,No,No,No,No,No,No,No
20251031,45961,31,Friday,5,44,10,October,Oct,Q4,4,2025,2025 Q4,2025-10,No,Yes,No,No,No,No,No
20251101,45962,1,Saturday,6,44,11,November,Nov,Q4,4,2025,2025 Q4,2025-11,Yes,No,No,No,No,No,Yes
20251102,45963,2,Sunday,7,44,11,November,Nov,Q4,4,2025,2025 Q4,2025-11,No,No,No,No,No,No,Yes
20251103,45964,3,Monday,1,45,11,November,Nov,Q4,4,2025,2025 Q4,2025-11,No,No,No,No,No,No,No
20251104,45965,4,Tuesday,2,45,11,November,Nov,Q4,4,2025,2025 Q4,2025-11,No,No,No,No,No,No,No
20251105,45966,5,Wednesday,3,45,11,November,Nov,Q4,4,2025,2025 Q4,2025-11,No,No,No,No,No,No,No
20251106,45967,6,Thursday,4,45,11,November,Nov,Q4,4,2025,2025 Q4,2025-11,No,No,No,No,No,No,No
20251107,45968,7,Friday,5,45,11,November,Nov,Q4,4,2025,2025 Q4,2025-11,No,No,No,No,No,No,No
20251108,45969,8,Saturday,6,45,11,November,Nov,Q4,4,2025,2025 Q4,2025-11,No,No,No,No,No,No,Yes
20251109,45970,9,Sunday,7,45,11,November,Nov,Q4,4,2025,2025 Q4,2025-11,No,No,No,No,No,No,Yes
20251110,45971,10,Monday,1,46,11,November,Nov,Q4,4,2025,2025 Q4,2025-11,No,No,No,No,No,No,No
20251111,45972,11,Tuesday,2,46,11,November,Nov,Q4,4,2025,2025 Q4,2025-11,No,No,No,No,No,No,No
20251112,45973,12,Wednesday,3,46,11,November,Nov,Q4,4,2025,2025 Q4,2025-11,No,No,No,No,No,No,No
20251113,45974,13,Thursday,4,46,11,November,Nov,Q4,4,2025,2025 Q4,2025-11,No,No,No,No,No,No,No
20251114,45975,14,Friday,5,46,11,November,Nov,Q4,4,2025,2025 Q4,2025-11,No,No,No,No,No,No,No
20251115,45976,15,Saturday,6,46,11,November,Nov,Q4,4,2025,2025 Q4,2025-11,No,No,No,No,No,No,Yes
20251116,45977,16,Sunday,7,46,11,November,Nov,Q4,4,2025,2025 Q4,2025-11,No,No,No,No,No,No,Yes
20251117,45978,17,Monday,1,47,11,November,Nov,Q4,4,2025,2025 Q4,2025-11,No,No,No,No,No,No,No
20251118,45979,18,Tuesday,2,47,11,November,Nov,Q4,4,2025,2025 Q4,2025-11,No,No,No,No,No,No,No
20251119,45980,19,Wednesday,3,47,11,November,Nov,Q4,4,2025,2025 Q4,2025-11,No,No,No,No,No,No,No
20251120,45981,20,Thursday,4,47,11,November,Nov,Q4,4,2025,2025 Q4,2025-11,No,No,No,No,No,No,No
20251121,45982,21,Friday,5,47,11,November,Nov,Q4,4,2025,2025 Q4,2025-11,No,No,No,No,No,No,No
20251122,45983,22,Saturday,6,47,11,November,Nov,Q4,4,2025,2025 Q4,2025-11,No,No,No,No,No,No,Yes
20251123,45984,23,Sunday,7,47,11,November,Nov,Q4,4,2025,2025 Q4,2025-11,No,No,No,No,No,No,Yes
20251124,45985,24,Monday,1,48,11,November,Nov,Q4,4,2025,2025 Q4,2025-11,No,No,No,No,No,No,No
20251125,45986,25,Tuesday,2,48,11,November,Nov,Q4,4,2025,2025 Q4,2025-11,No,No,No,No,No,No,No
20251126,45987,26,Wednesday,3,48,11,November,Nov,Q4,4,2025,2025 Q4,2025-11,No,No,No,No,No,No,No
20251127,45988,27,Thursday,4,48,11,November,Nov,Q4,4,2025,2025 Q4,2025-11,No,No,No,No,No,No,No
20251128,45989,28,Friday,5,48,11,November,Nov,Q4,4,2025,2025 Q4,2025-11,No,No,No,No,No,No,No
20251129,45990,29,Saturday,6,48,11,November,Nov,Q4,4,2025,2025 Q4,2025-11,No,No,No,No,No,No,Yes
20251130,45991,30,Sunday,7,48,11,November,Nov,Q4,4,2025,2025 Q4,2025-11,No,Yes,No,No,No,No,Yes
20251201,45992,1,Monday,1,49,12,December,Dec,Q4,4,2025,2025 Q4,2025-12,Yes,No,No,No,No,No,No
20251202,45993,2,Tuesday,2,49,12,December,Dec,Q4,4,2025,2025 Q4,2025-12,No,No,No,No,No,No,No
20251203,45994,3,Wednesday,3,49,12,December,Dec,Q4,4,2025,2025 Q4,2025-12,No,No,No,No,No,No,No
20251204,45995,4,Thursday,4,49,12,December,Dec,Q4,4,2025,2025 Q4,2025-12,No,No,No,No,No,No,No
20251205,45996,5,Friday,5,49,12,December,Dec,Q4,4,2025,2025 Q4,2025-12,No,No,No,No,No,No,No
20251206,45997,6,Saturday,6,49,12,December,Dec,Q4,4,2025,2025 Q4,2025-12,No,No,No,No,No,No,Yes
20251207,45998,7,Sunday,7,49,12,December,Dec,Q4,4,2025,2025 Q4,2025-12,No,No,No,No,No,No,Yes
20251208,45999,8,Monday,1,50,12,December,Dec,Q4,4,2025,2025 Q4,2025-12,No,No,No,No,No,No,No
20251209,46000,9,Tuesday,2,50,12,December,Dec,Q4,4,2025,2025 Q4,2025-12,No,No,No,No,No,No,No
20251210,46001,10,Wednesday,3,50,12,December,Dec,Q4,4,2025,2025 Q4,2025-12,No,No,No,No,No,No,No
20251211,46002,11,Thursday,4,50,12,December,Dec,Q4,4,2025,2025 Q4,2025-12,No,No,No,No,No,No,No
20251212,46003,12,Friday,5,50,12,December,Dec,Q4,4,2025,2025 Q4,2025-12,No,No,No,No,No,No,No
20251213,46004,13,Saturday,6,50,12,December,Dec,Q4,4,2025,2025 Q4,2025-12,No,No,No,No,No,No,Yes
20251214,46005,14,Sunday,7,50,12,December,Dec,Q4,4,2025,2025 Q4,2025-12,No,No,No,No,No,No,Yes
20251215,46006,15,Monday,1,51,12,December,Dec,Q4,4,2025,2025 Q4,2025-12,No,No,No,No,No,No,No
20251216,46007,16,Tuesday,2,51,12,December,Dec,Q4,4,2025,2025 Q4,2025-12,No,No,No,No,No,No,No
20251217,46008,17,Wednesday,3,51,12,December,Dec,Q4,4,2025,2025 Q4,2025-12,No,No,No,No,No,No,No
20251218,46009,18,Thursday,4,51,12,December,Dec,Q4,4,2025,2025 Q4,2025-12,No,No,No,No,No,No,No
20251219,46010,19,Friday,5,51,12,December,Dec,Q4,4,2025,2025 Q4,2025-12,No,No,No,No,No,No,No
20251220,46011,20,Saturday,6,51,12,December,Dec,Q4,4,2025,2025 Q4,2025-12,No,No,No,No,No,No,Yes
20251221,46012,21,Sunday,7,51,12,December,Dec,Q4,4,2025,2025 Q4,2025-12,No,No,No,No,No,No,Yes
20251222,46013,22,Monday,1,52,12,December,Dec,Q4,4,2025,2025 Q4,2025-12,No,No,No,No,No,No,No
20251223,46014,23,Tuesday,2,52,12,December,Dec,Q4,4,2025,2025 Q4,2025-12,No,No,No,No,No,No,No
20251224,46015,24,Wednesday,3,52,12,December,Dec,Q4,4,2025,2025 Q4,2025-12,No,No,No,No,No,No,No
20251225,46016,25,Thursday,4,52,12,December,Dec,Q4,4,2025,2025 Q4,2025-12,No,No,No,No,No,No,No
20251226,46017,26,Friday,5,52,12,December,Dec,Q4,4,2025,2025 Q4,2025-12,No,No,No,No,No,No,No
20251227,46018,27,Saturday,6,52,12,December,Dec,Q4,4,2025,2025 Q4,2025-12,No,No,No,No,No,No,Yes
20251228,46019,28,Sunday,7,52,12,December,Dec,Q4,4,2025,2025 Q4,2025-12,No,No,No,No,No,No,Yes
20251229,46020,29,Monday,1,1,12,December,Dec,Q4,4,2025,2025 Q4,2025-12,No,No,No,No,No,No,No
20251230,46021,30,Tuesday,2,1,12,December,Dec,Q4,4,2025,2025 Q4,2025-12,No,No,No,No,No,No,No
20251231,46022,31,Wednesday,3,1,12,December,Dec,Q4,4,2025,2025 Q4,2025-12,No,Yes,No,Yes,No,Yes,No
